date,txVolume(USD),txCount,marketcap(USD),price(USD),exchangeVolume(USD),fees,activeAddresses,medianTxValue(USD),medianFee,paymentCount
2017-09-24,null,5,null,null,null,0.699398,8,null,0.170894,4,
2017-09-25,null,8,null,null,null,0.520637,16,null,0.0,3,
2017-09-26,null,1,null,null,null,0.178761,4,null,0.178761,1,
2017-09-27,null,6,null,null,null,0.683577,12,null,0.1708065,3,
2017-09-28,null,36,null,null,null,2.245973,65,null,0.0,12,
2017-09-29,null,2487,null,null,null,97.645858,4747,null,0.0,548,
2017-09-30,null,2528,null,null,null,146.158702,4976,null,0.0,823,
2017-10-01,null,3096,null,null,null,291.170785,5973,null,0.17107,1661,
2017-10-02,null,2943,null,null,null,316.074603,5858,null,0.17107,1792,
2017-10-03,null,1808,null,null,null,182.280983,3701,null,0.17107,1018,
2017-10-04,207884312.824,859,540946000.0,0.020864,9000050.0,59.948744,1769,16076.1638622,0.0,335,
2017-10-05,411326650.275,1193,569134000.0,0.021951,5562510.0,156.805239,2454,39520.6167878,0.17107,882,
2017-10-06,312314745.455,889,553774000.0,0.021359,7780710.0,114.499377,1844,67195.4243861,0.17107,648,
2017-10-07,185266331.519,671,477417000.0,0.018414,7411240.0,81.891164,1371,36179.109054,0.17107,460,
2017-10-08,214142599.597,679,542638000.0,0.020929,7727460.0,90.981593,1406,54499.9077244,0.17107,521,
2017-10-09,163939625.745,680,527469000.0,0.020344,4663310.0,87.836065,1460,30458.8381498,0.17107,492,
2017-10-10,211980536.346,660,573302000.0,0.022112,2725600.0,80.536581,1376,46343.1169314,0.17107,460,
2017-10-11,147429298.943,557,556914000.0,0.02148,3606720.0,70.54622,1172,42745.99476,0.17107,399,
2017-10-12,191961300.242,672,584358000.0,0.022538,8680640.0,86.246889,1411,46152.572646,0.17107,492,
2017-10-13,243264094.953,782,675684000.0,0.026061,15613600.0,110.361223,1642,106924.705593,0.17107,625,
2017-10-14,379080551.684,930,878314000.0,0.033876,27853200.0,142.220331,1944,699264.961828,0.171246,812,
2017-10-15,280089467.037,726,852317000.0,0.032874,7104990.0,104.520862,1450,663027.841217,0.171246,593,
2017-10-16,229827474.898,626,776227000.0,0.029939,6196030.0,93.112895,1311,569556.699329,0.171246,540,
2017-10-17,305513404.208,669,750659000.0,0.028953,7039900.0,104.33597,1343,514046.846489,0.171246,603,
2017-10-18,464452866.206,502,705718000.0,0.027219,2336180.0,78.68741,1042,446224.390488,0.171246,449,
2017-10-19,206818645.137,536,692370000.0,0.026704,2897720.0,82.803862,1124,414421.284199,0.171246,470,
2017-10-20,189373019.895,705,699574000.0,0.026982,8716410.0,111.994747,1477,394919.568082,0.171246,627,
2017-10-21,154648793.645,578,798697000.0,0.030805,5344520.0,84.506958,1204,433118.574968,0.17107,486,
2017-10-22,128926681.227,517,740608000.0,0.028565,2930210.0,75.831882,1118,388142.264806,0.171246,435,
2017-10-23,65490614.3749,298,717768000.0,0.027684,3517050.0,42.534358,657,194512.283729,0.171246,238,
2017-10-24,131859234.357,714,656966000.0,0.025339,7589560.0,113.657667,1556,200718.934725,0.171246,646,
2017-10-25,119840361.528,445,701019000.0,0.027038,2561430.0,69.408139,941,329960.868399,0.171246,397,
2017-10-26,114449869.941,429,710649000.0,0.027409,2437710.0,66.791287,910,323338.531383,0.171246,379,
2017-10-27,86978314.2657,450,703611000.0,0.027138,2511440.0,70.030302,960,305074.033181,0.171246,399,
2017-10-28,83751961.3979,372,682882000.0,0.026339,1739460.0,58.897018,791,289962.37592,0.171246,338,
2017-10-29,72005519.9121,411,669716000.0,0.025831,4746180.0,61.400928,881,275233.968429,0.171246,350,
2017-10-30,3379714002.53,576,734193000.0,0.028318,3781270.0,93.926058,1195,314443.083854,0.171246,530,
2017-10-31,296413605.695,626,740140000.0,0.028547,7304450.0,100.983941,1328,296973.219581,0.171246,579,
2017-11-01,149870162.938,574,755165000.0,0.029126,9382780.0,95.194351,1245,290220.606667,0.171246,538,
2017-11-02,91767593.5423,458,598375000.0,0.023079,6165050.0,75.110304,1017,221966.184076,0.171246,425,
2017-11-03,52618111.8523,377,555312000.0,0.021418,2836080.0,59.906445,830,199089.857787,0.171246,340,
2017-11-04,51279920.9842,355,587012000.0,0.022641,2626920.0,55.404465,774,200940.400159,0.171246,317,
2017-11-05,55581018.1343,379,571799000.0,0.022054,2396230.0,60.284034,813,189033.48942,0.171246,349,
2017-11-06,62292930.5621,472,543879000.0,0.020977,4591160.0,78.82348,1046,171472.135356,0.171246,447,
2017-11-07,58612520.08,402,566399000.0,0.021846,2539540.0,63.690628,858,171486.603886,0.171246,362,
2017-11-08,45269129.9648,356,568104000.0,0.021912,6367000.0,57.969264,790,167158.142328,0.171246,325,
2017-11-09,85053955.8293,588,652327000.0,0.02516,18716200.0,95.284479,1333,184170.427507,0.171246,540,
2017-11-10,183850727.368,547,835352000.0,0.032219,6766780.0,88.204026,1160,231880.588519,0.171246,494,
2017-11-11,44345210.3937,334,697209000.0,0.026891,5532220.0,52.508007,737,163368.469918,0.171246,303,
2017-11-12,123446405.806,394,712489000.0,0.027481,7280250.0,61.243157,800,225378.152563,0.171246,340,
2017-11-13,356746741.016,383,631690000.0,0.024364,4419440.0,62.372078,813,170820.918736,0.171246,352,
2017-11-14,46429195.963,448,668839000.0,0.025797,3033290.0,71.83201,986,72838.2969587,0.171246,403,
2017-11-15,51744248.3128,442,677107000.0,0.026116,6858800.0,70.979033,1000,171049.28887,0.171246,403,
2017-11-16,61825795.3375,443,689223000.0,0.026583,4888130.0,71.973901,968,167099.360656,0.171246,415,
2017-11-17,115083117.24,370,703728000.0,0.027143,3578870.0,60.749748,817,167900.210884,0.171246,348,
2017-11-18,117682013.955,448,663650000.0,0.025597,2930550.0,72.758308,963,199100.668479,0.171246,418,
2017-11-19,50834619.9346,443,680390000.0,0.026242,4725050.0,73.319392,973,158306.006653,0.171246,417,
2017-11-20,332733193.153,678,729895000.0,0.028152,16172400.0,112.526056,1474,165948.817918,0.171246,641,
2017-11-21,115178829.882,542,767098000.0,0.029587,5836790.0,91.303519,1163,175129.071335,0.171246,524,
2017-11-22,58731150.8052,470,736311000.0,0.028399,4938480.0,77.04848,1014,160964.678734,0.171246,434,
2017-11-23,63033634.6725,485,739960000.0,0.02854,5132300.0,81.570962,1041,157228.674509,0.171246,462,
2017-11-24,60885321.6951,468,710569000.0,0.027406,5502350.0,77.661925,1029,147274.458438,0.171246,439,
2017-11-25,56702989.4647,492,734370000.0,0.028324,6156460.0,82.420601,1085,148102.906173,0.171246,465,
2017-11-26,81999172.8277,774,789144000.0,0.030437,30527100.0,129.839839,1757,154744.633335,0.171246,736,
2017-11-27,248544519.109,1214,949409000.0,0.036618,77777300.0,203.50762,2668,184693.063248,0.171246,1150,
2017-11-28,361619515.481,2214,1312600000.0,0.050626,240338000.0,376.086687,4719,243393.006534,0.171246,2136,
2017-11-29,722991386.435,1274,3065480000.0,0.118235,210625000.0,207.949075,2702,613397.452289,0.17107,1183,
2017-11-30,1439151117.88,3217,2461270000.0,0.094931,124345000.0,544.873563,6444,414292.077012,0.171246,3126,
2017-12-01,2857211194.67,3075,3023680000.0,0.116622,73657600.0,526.069775,6231,476847.477905,0.17107,2977,
2017-12-02,919464224.767,2269,3412870000.0,0.131633,56712600.0,381.75557,4386,510203.73107,0.17107,2176,
2017-12-03,755702161.038,1972,3431460000.0,0.132351,46458900.0,334.232577,3920,496588.039137,0.17107,1902,
2017-12-04,4337070442.85,2768,3410590000.0,0.131546,76392700.0,472.122462,5293,483666.192644,0.17107,2699,
2017-12-05,3911611136.7,3144,3516360000.0,0.135625,50381100.0,536.204627,6005,476880.640306,0.17107,3051,
2017-12-06,2506608852.05,3243,3286200000.0,0.126748,75688800.0,556.724766,6270,421986.394871,0.17107,3175,
2017-12-07,2273088469.72,3080,3053330000.0,0.117766,71024600.0,529.408236,5893,377879.547277,0.17107,3008,
2017-12-08,1683236055.37,2981,2751950000.0,0.106142,70092400.0,509.523792,5694,326147.526396,0.17107,2922,
2017-12-09,1120676230.06,2307,2974990000.0,0.114745,63308600.0,397.817485,4509,336600.950734,0.17107,2270,
2017-12-10,626919827.581,1925,3105910000.0,0.119794,46376600.0,331.000772,3788,336876.321033,0.17107,1878,
2017-12-11,1570034525.44,2903,2824170000.0,0.108927,39513900.0,499.253429,5634,297121.390672,0.17107,2858,
2017-12-12,1928367014.86,3453,3141770000.0,0.121177,60056800.0,593.232415,6598,316450.9946,0.17107,3383,
2017-12-13,2197540173.18,3330,3467460000.0,0.133739,61575000.0,572.413354,6444,335681.02008,0.17107,3273,
2017-12-14,3414740056.46,5011,3465580000.0,0.133667,309307000.0,865.688482,9816,577951.059664,0.17107,4929,
2017-12-15,6277471268.66,5428,6046420000.0,0.233209,207311000.0,936.735232,10695,779613.991127,0.17107,5361,
2017-12-16,4246707570.86,7126,5519230000.0,0.212875,581052000.0,1226.080362,13835,480193.005382,0.17107,7060,
2017-12-17,13675413813.7,7332,10027900000.0,0.386775,628143000.0,1266.035793,15271,1541759.57746,0.17107,7232,
2017-12-18,9845477473.72,7110,13273100000.0,0.511939,253463000.0,1215.359591,14287,1643509.73069,0.17107,6991,
2017-12-19,15207973217.0,10754,13489000000.0,0.520268,279631000.0,1846.094336,21375,1065649.04541,0.17107,10644,
2017-12-20,9280441500.65,8367,13837400000.0,0.533705,182924000.0,1428.018715,16847,1036164.1605,0.17107,8254,
2017-12-21,8988864244.99,7759,12705500000.0,0.490049,162926000.0,1324.952454,15587,920576.074578,0.17107,7656,
2017-12-22,5681960311.43,6840,12418400000.0,0.478974,150973000.0,1167.895349,13907,887417.17744,0.17107,6738,
2017-12-23,3934633549.13,6153,10744700000.0,0.41442,88865000.0,1049.697771,12414,724533.24254,0.17107,6065,
2017-12-24,2977420201.13,4770,10802800000.0,0.416661,67372300.0,812.142518,9785,688392.134599,0.17107,4702,
2017-12-25,2304227314.42,4218,10172000000.0,0.39233,122194000.0,719.860952,8669,586197.07957,0.17107,4156,
2017-12-26,2639990337.59,4295,10722700000.0,0.413573,94896000.0,732.098409,8862,549672.432121,0.17107,4228,
2017-12-27,2730782838.08,4916,11073600000.0,0.427107,82067500.0,840.267464,10132,512908.050928,0.17107,4837,
2017-12-28,2513310742.9,4882,10682500000.0,0.41202,82263800.0,832.866012,10055,449142.661123,0.17107,4816,
2017-12-29,3268899000.85,5706,10642000000.0,0.410457,266403000.0,975.33992,11590,410436.297053,0.17107,5618,
2017-12-30,2930330853.67,5253,13697700000.0,0.528316,645156000.0,902.028763,11357,478061.397893,0.17107,5167,
2017-12-31,5514803463.9,3166,16660300000.0,0.642581,305947000.0,541.155233,6930,558116.216458,0.17107,3095,
2018-01-01,3381306310.98,2957,18637600000.0,0.718847,150186000.0,505.895755,6335,602903.596745,0.17107,2899,
2018-01-02,2102776258.52,3270,18788700000.0,0.724676,289712000.0,559.289502,7085,584655.511778,0.17107,3225,
2018-01-03,1802784249.43,3345,20214800000.0,0.779681,657398000.0,572.844965,7654,607202.630046,0.17107,3268,
2018-01-04,6669245902.77,3366,28364900000.0,1.09,593430000.0,575.218109,8003,229381.105854,0.17107,3255,
2018-01-05,7979340484.1,2499,30364400000.0,1.17,508100000.0,429.038026,6204,42275.3906858,0.17107,2394,
2018-01-06,6957160120.61,3015,25849300000.0,0.997,297615000.0,516.193856,7036,746543.377871,0.17107,2918,
2018-01-07,9212376977.57,4210,26553200000.0,1.02,226067000.0,718.077671,9521,1529316.11047,0.17107,4093,
2018-01-08,2944338563.13,2747,25909700000.0,0.999329,264461000.0,468.601695,6481,740134.033,0.17107,2663,
2018-01-09,8112034890.38,6445,23287300000.0,0.898185,209492000.0,1105.937569,13383,1290722.49517,0.17107,6336,
2018-01-10,6488053607.89,4444,21153200000.0,0.815872,236472000.0,762.284692,9549,1140596.91958,0.17107,4345,
2018-01-11,3801164708.57,3544,20521800000.0,0.791522,229001000.0,607.786058,7605,1078152.32824,0.17107,3467,
2018-01-12,3368343118.19,3769,18039200000.0,0.695769,365795000.0,646.064994,7712,921296.334244,0.17107,3704,
2018-01-13,5437433115.03,6444,23785800000.0,0.91741,313215000.0,1104.420143,13505,659983.021467,0.17107,6383,
2018-01-14,4310328241.9,5608,22866700000.0,0.881961,160712000.0,960.472907,11782,594604.582643,0.17107,5554,
2018-01-15,4340492437.23,5315,20631800000.0,0.795761,972993000.0,911.286102,10950,511847.557498,0.17107,5229,
2018-01-16,4844124532.52,5613,20239200000.0,0.780621,1632650000.0,962.698826,11752,458432.803791,0.17107,5528,
2018-01-17,2506285924.41,4487,16181700000.0,0.624123,1713770000.0,769.401425,9658,340464.526076,0.17107,4418,
2018-01-18,4505299017.54,5082,16367600000.0,0.631295,1285490000.0,871.2281,10405,323547.99357,0.17107,5035,
2018-01-19,2011384758.08,4041,16840800000.0,0.649544,584574000.0,689.866607,8581,307005.328668,0.17107,3973,
2018-01-20,2202778350.28,4805,17022800000.0,0.656564,738799000.0,823.086658,10017,288772.540146,0.17107,4758,
2018-01-21,1896443151.52,3529,18314600000.0,0.706391,847731000.0,605.182882,7601,291831.985057,0.17107,3469,
2018-01-22,4492163801.32,3663,15944700000.0,0.614983,522984000.0,626.861928,7698,247084.949462,0.17107,3614,
2018-01-23,2490284377.55,2913,14688600000.0,0.566537,375958000.0,505.942525,7650,396525.425133,0.17107,4662,
2018-01-24,1844063798.0,2841,14606500000.0,0.563369,689838000.0,493.5483,7863,605896.765937,0.171246,4774,
2018-01-25,3054464694.39,2486,16316900000.0,0.629337,654814000.0,431.411187,6704,736413.148117,0.17107,4076,
2018-01-26,1701803084.01,2489,16435300000.0,0.633903,810062000.0,434.499444,6947,676030.036513,0.171246,4390,
2018-01-27,1340985910.48,2643,16164900000.0,0.623477,331309000.0,460.902618,7484,652192.651343,0.171246,4501,
2018-01-28,1839378464.26,2841,16089300000.0,0.62056,325146000.0,493.787165,7656,637024.155824,0.171246,4540,
2018-01-29,2288714721.23,2845,17354900000.0,0.669373,238318000.0,493.978388,7485,679204.367154,0.171246,4386,
2018-01-30,1647707242.83,2655,16199200000.0,0.624799,359622000.0,461.201947,7437,624798.893116,0.171246,4150,
2018-01-31,1419169132.95,2597,13679100000.0,0.527598,505904000.0,451.201418,7246,526242.697865,0.171246,4100,
2018-02-01,1398187923.12,2649,13376100000.0,0.515912,595624000.0,461.263202,7395,512228.579755,0.171246,4121,
2018-02-02,1671994527.03,3833,10875400000.0,0.41946,1438810000.0,668.419952,9764,411346.410958,0.171246,5695,
2018-02-03,851286257.902,2863,10395800000.0,0.400965,1404500000.0,498.362836,7659,384538.227901,0.171246,4570,
2018-02-04,3034118489.05,1931,11248900000.0,0.433865,814754000.0,337.506763,5478,182072.671173,0.171246,3184,
2018-02-05,1222448970.72,2196,9983060000.0,0.385044,658548000.0,384.825949,6138,138494.017561,0.171246,3549,
2018-02-06,35679500865.0,3261,8587280000.0,0.331209,1338390000.0,1074.824042,45042,313306.484955,0.171246,4941,
2018-02-07,39216577043.4,2570,9522150000.0,0.367267,679744000.0,451.946121,6042,356003.614509,0.171246,3802,
2018-02-08,1115780825.42,1064,8930940000.0,0.344464,346383000.0,183.243693,2429,322332.637523,0.17107,1048,
2018-02-09,23911113751.4,2089,9148310000.0,0.352848,401271000.0,366.265692,5062,328413.092462,0.171246,2878,
2018-02-10,58147698258.4,2825,10025200000.0,0.386671,951824000.0,500.431586,7637,357314.169399,0.171246,5318,
2018-02-11,38016580748.6,2204,10503200000.0,0.405104,331944000.0,388.565029,5819,371461.216478,0.171246,3643,
2018-02-12,31997879557.6,2958,9660290000.0,0.372595,243039000.0,519.106738,7199,338186.453861,0.171246,4217,
2018-02-13,28343738946.2,2461,9941370000.0,0.383436,225695000.0,432.801133,5946,346795.814631,0.171246,3586,
2018-02-14,24289004367.6,2289,9690670000.0,0.373766,299009000.0,403.669105,5376,337339.428969,0.171246,3270,
2018-02-15,26064092406.6,2276,10232700000.0,0.394671,348342000.0,399.649227,5498,353504.634894,0.171246,3281,
2018-02-16,24522385062.1,2405,10633800000.0,0.410142,192420000.0,421.525819,5516,363500.490039,0.171246,3293,
2018-02-17,24924352391.9,2939,10433100000.0,0.402403,341415000.0,517.500992,6376,349828.889022,0.171246,3868,
2018-02-18,27890031701.7,2193,10846700000.0,0.418355,251314000.0,385.62001,5165,360956.350547,0.171246,3024,
2018-02-19,28841449091.9,1975,10032000000.0,0.38693,169966000.0,348.599566,4804,3289373.45122,0.171246,2841,
2018-02-20,27881199699.6,2174,10136000000.0,0.390942,281250000.0,381.622781,4985,961287.390115,0.171246,3125,
2018-02-21,23193420984.2,2079,9738030000.0,0.375593,242378000.0,365.519263,4608,873719.477076,0.171246,2891,
2018-02-22,19942982985.7,1686,9402480000.0,0.362651,208342000.0,295.943827,3987,2058876.17186,0.171246,2527,
2018-02-23,14762612663.0,1924,8679300000.0,0.334758,222509000.0,337.654695,4125,434549.712476,0.171246,2610,
2018-02-24,13342030385.6,1606,8910300000.0,0.343668,133524000.0,280.832261,3738,341772.447819,0.171246,2221,
2018-02-25,11854602228.4,2605,8352460000.0,0.322152,247808000.0,457.527573,5400,274799.685601,0.171246,3279,
2018-02-26,10248445703.2,2699,8951880000.0,0.345272,201813000.0,475.238518,5921,291786.66892,0.17107,3589,
2018-02-27,15390949495.5,2295,8792710000.0,0.339132,106757000.0,404.80439,5358,285006.083931,0.171246,3081,
2018-02-28,45496098160.6,3614,8672230000.0,0.334486,114757000.0,634.44936,7728,453621.522523,0.171246,4482,
2018-03-01,31062848576.5,3491,8088540000.0,0.311973,184691000.0,612.930118,7501,259688.922212,0.171246,4503,
2018-03-02,21625794843.0,3677,7892830000.0,0.304424,107240000.0,649.4141,7745,250537.435174,0.171246,4500,
2018-03-03,15254554988.5,2767,7595380000.0,0.292952,115320000.0,487.013465,5896,253904.138731,0.171246,3629,
2018-03-04,12567910274.4,2359,7681810000.0,0.296285,94436000.0,414.216038,5362,241012.173619,0.171246,3075,
2018-03-05,14585023606.2,3124,7775450000.0,0.299897,202675000.0,549.912427,6731,241244.423832,0.171246,3953,
2018-03-06,12129553090.6,2377,7673040000.0,0.295947,110305000.0,419.843069,5229,277557.031039,0.171246,3159,
2018-03-07,11573202872.0,2778,7380750000.0,0.284674,190793000.0,488.722708,6081,318252.419015,0.171246,3630,
2018-03-08,12785556930.6,3483,6434060000.0,0.24816,167809000.0,612.930393,8287,198106.823799,0.171246,5149,
2018-03-09,10316697929.3,3348,5737300000.0,0.221286,246849000.0,592.465133,7572,292378.351042,0.171246,4892,
2018-03-10,6576744257.34,2094,5839200000.0,0.225216,129138000.0,369.281428,5046,177913.001161,0.171246,3072,
2018-03-11,5321887447.24,2049,5437450000.0,0.209721,161362000.0,361.525327,4875,164231.467584,0.171246,2888,
2018-03-12,6248393126.76,2217,5810350000.0,0.224104,184250000.0,390.044635,5141,174416.986047,0.171246,3076,
2018-03-13,4630655111.09,1970,5784580000.0,0.22311,98868700.0,349.610508,4769,172006.830654,0.171246,2618,
2018-03-14,4423483470.68,2330,5792890000.0,0.22343,144156000.0,411.064989,5060,170784.937084,0.171246,3046,
2018-03-15,4443855328.38,2910,5153130000.0,0.198755,204233000.0,514.457786,6310,150690.914724,0.171246,3792,
2018-03-16,2952413828.36,2385,4842870000.0,0.186788,97455300.0,421.808017,5313,116864.094731,0.171246,3101,
2018-03-17,2553611869.63,2185,4634990000.0,0.17877,81096600.0,385.325077,5015,133565.737333,0.171246,2852,
2018-03-18,3394150272.74,3563,3990970000.0,0.153931,189689000.0,626.17554,8432,114007.516826,0.171246,4858,
2018-03-19,2780874401.81,2932,4167750000.0,0.160749,321964000.0,515.207687,6341,118665.879869,0.171246,3977,
2018-03-20,2381346379.11,2495,5015520000.0,0.193447,249683000.0,439.420887,5533,140557.55472,0.171246,3355,
2018-03-21,2266373150.85,2515,5323220000.0,0.205315,257686000.0,444.625359,5484,146396.133909,0.171246,3247,
2018-03-22,2955565710.21,2584,5584770000.0,0.215403,201540000.0,456.02584,5910,152936.721311,0.171246,3860,
2018-03-23,2234045930.7,2456,5245000000.0,0.202298,148850000.0,433.716537,5320,142417.757393,0.171246,3410,
2018-03-24,1792302682.64,3837,4896170000.0,0.188844,132660000.0,678.950281,7860,42942.2195792,0.17107,4626,
2018-03-25,2066154449.55,1810,4884550000.0,0.188396,59349400.0,318.615507,4084,129826.88179,0.171246,2526,
2018-03-26,2747660516.19,2035,4769560000.0,0.18396,117497000.0,360.948226,4351,516140.369929,0.171246,2884,
2018-03-27,971898116.39,1012,4361310000.0,0.168215,107510000.0,180.769555,2606,161200.206406,0.171246,1721,
2018-03-28,865433307.59,1196,4023780000.0,0.155196,60260800.0,212.483087,2824,45473.0711102,0.171246,1692,
2018-03-29,1914262610.9,2240,4152040000.0,0.160143,103465000.0,394.638053,4736,561593.625254,0.171246,3042,
2018-03-30,1058593862.77,2054,3802310000.0,0.146654,119874000.0,361.444463,4228,316961.397696,0.171246,2660,
2018-03-31,781039131.798,2107,3814260000.0,0.147115,113124000.0,370.472374,3863,128427.972778,0.171246,2583,
2018-04-01,1890540443.57,1500,4060110000.0,0.156597,100833000.0,265.454027,3321,107477.500802,0.171246,2083,
2018-04-02,1062068415.25,1504,3932900000.0,0.151691,102697000.0,264.875586,3363,103601.090127,0.171246,2072,
2018-04-03,738554306.286,2390,4092940000.0,0.157864,155987000.0,420.616945,4928,105995.278956,0.171246,3030,
2018-04-04,938479268.68,1970,4437630000.0,0.171158,154801000.0,347.61926,4149,114333.478794,0.171246,2677,
2018-04-05,1332358910.62,3683,4034050000.0,0.155592,113407000.0,651.739925,7046,32957.7572712,0.171246,4229,
2018-04-06,849858344.437,2562,3847430000.0,0.148394,51827500.0,451.678535,5546,98242.7672445,0.171246,3670,
2018-04-07,409759522.432,1870,3756440000.0,0.144885,48205400.0,328.790197,3947,92878.5392384,0.171246,2296,
2018-04-08,403934419.656,1976,3858610000.0,0.148825,51093100.0,348.515126,4098,63109.2298801,0.171246,2376,
2018-04-09,478202509.566,1818,4072980000.0,0.157094,93021900.0,321.359673,3923,101578.936789,0.171246,2369,
2018-04-10,437289593.746,1893,3973070000.0,0.15324,55981300.0,333.86093,4133,45795.5336069,0.171246,2374,
2018-04-11,474750071.202,2295,4064350000.0,0.156761,91793300.0,405.152456,4339,32919.5629817,0.171246,2690,
2018-04-12,786520747.161,3686,4323520000.0,0.166757,488007000.0,653.409519,7160,36595.3191041,0.171246,4422,
2018-04-13,1946538502.96,2546,5487000000.0,0.211632,230413000.0,453.060047,5682,131243.114015,0.171246,3481,
2018-04-14,1540741820.12,1712,5151050000.0,0.198675,113212000.0,302.686489,3693,122632.719468,0.171246,2229,
2018-04-15,1769445503.38,2372,5221430000.0,0.201389,169798000.0,418.702853,4857,53848.4153874,0.171246,2956,
2018-04-16,2807504980.8,3256,5752930000.0,0.221889,678781000.0,579.744812,7496,84957.7606754,0.171246,4829,
2018-04-17,4148944471.32,4087,6613730000.0,0.25509,520975000.0,726.924822,9137,153053.956362,0.171246,6257,
2018-04-18,1308099880.54,2406,6293390000.0,0.242734,181118000.0,427.506276,5473,93436.6032738,0.171246,3134,
2018-04-19,2511750386.03,3350,6935310000.0,0.267493,240910000.0,595.067737,6612,54674.5149232,0.171246,4169,
2018-04-20,1076881741.63,3075,7025860000.0,0.270986,349349000.0,547.517672,6655,43481.0728622,0.171246,4315,
2018-04-21,689336330.16,2265,7837560000.0,0.302292,294633000.0,402.966162,5349,105848.249898,0.171246,3352,
2018-04-22,640068082.569,2128,7453720000.0,0.287488,160968000.0,378.036854,4965,57553.0106553,0.171246,2939,
2018-04-23,815436367.313,2275,7403680000.0,0.285558,127213000.0,403.07784,5244,103140.453216,0.171246,3072,
2018-04-24,915148645.402,3503,7480970000.0,0.288539,369017000.0,624.746263,7520,34917.5084874,0.171246,4668,
2018-04-25,822111830.269,2672,8110120000.0,0.312805,351596000.0,475.789051,6070,62604.8674613,0.171246,3763,
2018-04-26,1011166763.53,2644,7020930000.0,0.270795,220715000.0,467.079218,5676,96265.5073169,0.171246,3394,
2018-04-27,577446754.886,2585,7637830000.0,0.294589,197183000.0,458.924149,5798,58914.7533452,0.171246,3441,
2018-04-28,1164836862.74,3852,7444430000.0,0.28713,636742000.0,689.12694,8187,18022.2854832,0.171246,5587,
2018-04-29,1819448789.89,3595,9351120000.0,0.36067,671887000.0,643.835949,7963,36062.9092621,0.171246,5211,
2018-04-30,2681996974.46,2773,9445160000.0,0.364297,298712000.0,492.95064,6129,113089.975306,0.171246,4057,
2018-05-01,1357655982.27,2808,8891770000.0,0.342953,365522000.0,499.104297,5958,50455.2324867,0.171246,3825,
2018-05-02,1052501587.29,2901,9271580000.0,0.357602,272855000.0,514.22308,6299,119931.7685,0.171246,3934,
2018-05-03,1029777039.16,2358,9642940000.0,0.371926,300814000.0,421.417145,5646,37192.5364073,0.171246,3387,
2018-05-04,830467879.004,2236,9613160000.0,0.370777,171266000.0,397.59699,5322,191610.490025,0.171246,3252,
2018-05-05,1540181565.74,2221,9367930000.0,0.361318,139447000.0,392.268628,4963,99614.9205052,0.171246,2951,
2018-05-06,1161382712.89,1628,9487570000.0,0.365933,148186000.0,288.427224,3775,140318.017641,0.171246,2249,
2018-05-07,2947171881.19,1971,9073140000.0,0.349948,171385000.0,356.782759,4781,77885.594247,0.171246,2617,
2018-05-08,2271158709.25,2262,8700990000.0,0.335595,142455000.0,401.571704,5058,94306.1782318,0.171246,3077,
2018-05-09,1105607206.82,2217,8515120000.0,0.328426,178122000.0,391.929437,4670,75059.0989428,0.171246,2781,
2018-05-10,550338942.398,2144,8397220000.0,0.323879,122958000.0,379.021828,4808,111026.222099,0.171246,2800,
2018-05-11,581317646.984,2693,7695080000.0,0.296797,348752000.0,477.600684,5786,120043.795408,0.171246,3669,
2018-05-12,1242726717.46,2040,6809730000.0,0.262649,255481000.0,360.749129,4396,74072.6080162,0.171246,2688,
2018-05-13,826577484.876,1822,7042820000.0,0.27164,179522000.0,322.548538,4142,77876.5917752,0.171246,2397,
2018-05-14,1045632020.21,1957,7411300000.0,0.285852,161643000.0,344.873239,4371,43200.2406447,0.171246,2431,
2018-05-15,701693961.799,1879,7110990000.0,0.274269,97408800.0,332.884993,4342,61411.6797192,0.171246,2607,
2018-05-16,387247690.41,1569,6717230000.0,0.259082,108749000.0,277.375729,3683,57388.6580646,0.171246,2193,
2018-05-17,423279850.942,1655,6672380000.0,0.257352,83683800.0,292.941887,3810,64435.8409813,0.171246,2253,
2018-05-18,284719378.382,1720,6295510000.0,0.242816,79212200.0,304.584066,4001,51536.5039229,0.171246,2345,
2018-05-19,180414074.532,1361,6383220000.0,0.246199,57778000.0,239.71478,3134,56469.4115495,0.171246,1790,
2018-05-20,334058872.322,1725,6303990000.0,0.243143,101310000.0,308.142522,3746,48690.5451161,0.171246,2318,
2018-05-21,336051971.815,1615,6640710000.0,0.25613,85090300.0,286.479748,3559,45981.2748645,0.171246,2197,
2018-05-22,263117186.329,1621,6466140000.0,0.249397,78363300.0,287.836746,3816,48632.4440473,0.171246,2256,
2018-05-23,402011340.095,2135,5817850000.0,0.224393,124268000.0,378.31317,4864,72544.0851007,0.171246,3131,
2018-05-24,346587152.775,1957,5271600000.0,0.203324,127678000.0,346.39657,4224,55894.5500341,0.171246,2908,
2018-05-25,334005199.439,2509,5420310000.0,0.20906,83368000.0,438.484732,4491,14019.7003043,0.17107,3179,
2018-05-26,243206146.894,1374,5179210000.0,0.199761,60616400.0,242.227355,3110,68269.2410172,0.171246,1857,
2018-05-27,283839937.086,1541,5090880000.0,0.196354,58991000.0,271.776996,3578,23346.1641843,0.17107,2140,
2018-05-28,294040744.073,2026,5021960000.0,0.193696,95106200.0,357.224125,4345,44111.6155894,0.171246,2689,
2018-05-29,328689366.493,2409,4549560000.0,0.175475,185184000.0,428.945743,5284,35395.8499469,0.171246,3341,
2018-05-30,251491787.512,2109,5280970000.0,0.203685,222612000.0,373.264661,4699,31057.3251014,0.171246,3163,
2018-05-31,480740986.18,2459,5454880000.0,0.210393,202076000.0,440.339412,5437,32288.3749956,0.171246,3360,
2018-06-01,420984542.245,1841,5821490000.0,0.224533,130538000.0,324.428248,3846,13341.3763053,0.17107,2516,
2018-06-02,464255669.283,1587,5773980000.0,0.222701,116435000.0,279.189809,3461,32850.2813977,0.171246,2168,
2018-06-03,360149731.008,1853,5903600000.0,0.2277,117208000.0,326.765688,4022,23391.1543024,0.171246,2503,
2018-06-04,361898991.918,1846,5915400000.0,0.228155,115605000.0,328.994612,3884,21629.41787,0.171246,2417,
2018-06-05,308191242.62,1652,5554790000.0,0.214247,119846000.0,291.371946,3682,21423.9472582,0.171246,2264,
2018-06-06,243915928.465,1572,5718610000.0,0.220565,84766300.0,278.50967,3802,21992.9365081,0.171246,2085,
2018-06-07,268574064.136,1526,5602970000.0,0.216105,76949400.0,269.038094,3286,30335.4335901,0.171246,1976,
2018-06-08,138288982.456,998,5466230000.0,0.210831,68728600.0,174.581022,2320,56309.0691078,0.171246,1198,
2018-06-09,113524624.542,809,5321790000.0,0.20526,51481400.0,141.294532,2124,75136.2259467,0.171246,1007,
2018-06-10,344459821.158,1347,5224740000.0,0.201517,137836000.0,236.030226,3497,90922.2221093,0.171246,2025,
2018-06-11,503604227.395,1405,4569960000.0,0.176262,89350700.0,257.601958,4504,79317.8698469,0.171246,2083,
2018-06-12,376920442.956,1593,4701810000.0,0.181348,82885900.0,283.965219,3911,66126.2140732,0.171246,2130,
2018-06-13,291463393.429,1620,4307430000.0,0.166136,99731600.0,284.646707,3515,63603.8771742,0.171246,2229,
2018-06-14,16145806810.2,2931,4154810000.0,0.16025,199562000.0,520.704644,7256,129001.206015,0.171246,3635,
2018-06-15,3262095102.09,1388,4465100000.0,0.172218,73950500.0,256.604571,3572,81308.5235126,0.171246,1692,
2018-06-16,8531444240.85,1130,4219390000.0,0.162741,42213400.0,197.948415,2528,58804.7988455,0.171246,1408,
2018-06-17,8875408193.29,1041,4229670000.0,0.163137,35748800.0,182.180846,2312,56620.2657793,0.171246,1194,
2018-06-18,6486575078.72,1128,4177410000.0,0.161122,55507800.0,203.135042,2818,51853.5356805,0.171246,1330,
2018-06-19,12913460475.1,1395,4270250000.0,0.164702,69854400.0,254.703605,3954,67787.7398238,0.171246,1702,
2018-06-20,8657270256.52,1356,4324140000.0,0.166781,83625600.0,237.136429,2749,66712.4113551,0.171246,1659,
2018-06-21,11213024479.0,1303,4201520000.0,0.162051,41237700.0,228.910986,2896,46300.0819328,0.171246,1639,
2018-06-22,10925246871.7,1386,4108400000.0,0.15846,79062000.0,244.538466,3060,53638.2213048,0.171246,1960,
2018-06-23,10402380673.4,1230,3638460000.0,0.140334,38721800.0,215.692269,2739,56120.2202191,0.171246,1597,
2018-06-24,11299206185.1,1456,3587150000.0,0.138355,73037500.0,257.771074,3438,43556.246096,0.171246,2033,
2018-06-25,12191667963.7,1642,3430700000.0,0.132321,57752100.0,287.838514,3705,52442.4034091,0.171246,2186,
2018-06-26,8035837370.39,857,3516300000.0,0.135623,32927500.0,150.598216,1990,55326.2714401,0.171246,1072,
