time,CapMrktEstUSD
2022-04-20,76733525.811254865815631686562
2022-04-21,75727849.634926329344192374756
2022-04-22,73735291.1983829411077912042
2022-04-23,73800925.034212483056575488436
2022-04-24,73683889.208057725009587572678
2022-04-25,73419161.187005530415611650796
2022-04-26,73139739.199537443484267023228
2022-04-27,73816927.47928154532486237993
2022-04-28,76845523.157277556707610342744
2022-04-29,78020272.247710132010329215276
2022-04-30,76764442.58741600108722002425
2022-05-01,76874249.93051851669725465675
2022-05-02,76845017.993813415538318515312
2022-05-03,76950613.33300788761612167827
2022-05-04,77730014.561023435893655708804
2022-05-05,77348468.282001549523234658426
2022-05-06,77452797.31939503818228701152
2022-05-07,76971221.034146759283188436288
2022-05-08,77205022.368146815578311773317
2022-05-09,77224476.718248486935626879556
2022-05-10,74643018.2062807111579123722
2022-05-11,73277549.590145951849809192488
2022-05-12,71210155.84569218995748903175
2022-05-13,66904077.094709311301192483808
2022-05-14,66685203.191599501752404813904
2022-05-15,68540832.325535958607398774353
2022-05-16,67706868.320495782604233438934
2022-05-17,67796404.796196139155906088431
2022-05-18,67144400.160432075719724065697
2022-05-19,67882794.672330761440913337198
2022-05-20,64731831.67498699989160094079
2022-05-21,64722139.479117643154426190284
2022-05-22,64739549.528064422695146243774
2022-05-23,65205505.533840893081160658623
2022-05-24,64102971.08364979618991963313
2022-05-25,62850099.36206636268637304411
2022-05-26,62895920.173763490820241170468
2022-05-27,62953147.65615071425662378617
2022-05-28,66603646.099743703798264240088
2022-05-29,66596121.021588161250965597064
2022-05-30,66721255.832356704076064288037
2022-05-31,66438482.957482122728196960686
2022-06-01,65845746.481435601795298870685
2022-06-02,66277890.010333623183606732965
2022-06-03,66060743.192192568365227993375
2022-06-04,66171058.866110270945562722377
2022-06-05,66088739.585380240496787149862
2022-06-06,66027643.948515516672119301609
2022-06-07,65283448.601715622825907513034
2022-06-08,65332985.431859789322047934081
2022-06-09,65146783.426061512362374180972
2022-06-10,65713447.098330384164431407669
2022-06-11,67359992.365823719197015439887
2022-06-12,67437123.699400912447500079519
2022-06-13,66900306.197463532389137469746
2022-06-14,65794732.58445280939830190041
2022-06-15,65869087.10603040965476867662
2022-06-16,65531236.092180501764698144758
2022-06-17,58937061.408952026714023700025
2022-06-18,59635042.06980913484855357329
2022-06-19,52389809.88719274159728670453
2022-06-20,51479950.829484668600506454288
2022-06-21,51142699.66034340567100098984
2022-06-22,50747965.243767235358094778176
2022-06-23,50371462.313598944931706247217
2022-06-24,50390514.723662453894276798112
2022-06-25,52974251.27231241422336065518
2022-06-26,52956994.183754146591571754736
2022-06-27,53032127.183522821588890029968
2022-06-28,52352311.022113636592938093851
2022-06-29,52254966.239057740964935541795
2022-06-30,52437742.153742882433384937368
2022-07-01,52340752.77183560630923945425
2022-07-02,51115151.079129653913051984028
2022-07-03,51072375.84377616794495437251
2022-07-04,51126202.3555462363243264744
2022-07-05,50382203.395627296506658683754
2022-07-06,50370550.450428435684626135382
2022-07-07,51050661.178975773015051094848
2022-07-08,51385346.599022338802801533794
2022-07-09,51542740.9294593790325507646
2022-07-10,51481799.085030949373595345181
2022-07-11,46854206.412847727105199869917
2022-07-12,41650380.926066381427836956013
2022-07-13,42009210.042253264109868249366
2022-07-14,41609281.324395706534471063537
2022-07-15,40982777.91529786803713095888
2022-07-16,41191421.018879145994446713715
2022-07-17,42389280.695285594364394426956
2022-07-18,42775002.910417951294577062716
2022-07-19,43687693.317467134114387198668
2022-07-20,43283947.860517345056876372594
2022-07-21,43657314.585490334447251530339
2022-07-22,43950703.273679084463008967114
2022-07-23,44395038.570350202021000507544
2022-07-24,44474822.237043236785049389734
2022-07-25,44810072.96488769341736407219
2022-07-26,44426205.662844442287213877855
2022-07-27,44982190.090102458274960573192
2022-07-28,45147947.80686532561510568472
2022-07-29,45784194.811563500364559913212
2022-07-30,45591023.31296223527814795749
2022-07-31,45455415.64202718687390481917
2022-08-01,45566837.541714550004987123808
2022-08-02,45078432.958270242349598302299
2022-08-03,44970718.162115881617123101999
2022-08-04,45414236.884647138706509001794
2022-08-05,45311325.615383209926011689996
2022-08-06,45332428.009277338817642204931
2022-08-07,45355727.93169180298899834544
2022-08-08,45233794.595944768793557238948
2022-08-09,45276273.173289371170595971278
2022-08-10,45781927.013729471735483277338
2022-08-11,44805646.89883183113702009002
2022-08-12,43930974.342773015947492906548
2022-08-13,43722984.614145253895370300454
2022-08-14,43629084.972292210247026068328
2022-08-15,43575599.268626202497602228775
2022-08-16,43434308.82006505565608940309
2022-08-17,43097733.158183223438994035061
2022-08-18,42701449.267305944133688437606
2022-08-19,42645580.917719083465969526567
2022-08-20,43432597.0537026306958073110433
2022-08-21,43623524.574150389495365376143
2022-08-22,43176652.0541263370798825052331
2022-08-23,44197881.3572184956092526077696
2022-08-24,44189367.9232976309825080895583
2022-08-25,44534137.0431230833265260485134
2022-08-26,44519592.7768171111669458512262
2022-08-27,44364635.3314183105612656609958
2022-08-28,44515164.0233985692557936151074
2022-08-29,44415304.6575345886836376866092
2022-08-30,44612299.0150246254650173861436
2022-08-31,44488564.949691268184826317445
2022-09-01,44129504.4215253256628820166581
2022-09-02,44393130.0343945611888425439042
2022-09-03,44172259.53168303018529267372
2022-09-04,44186236.4305619869078009633922
2022-09-05,44137833.1637833773112633011253
2022-09-06,44133193.665772487640031930703
2022-09-07,44604128.4132088612596117514233
2022-09-08,43304872.7482489189588212852012
2022-09-09,43527212.781316934957500920732
2022-09-10,41940123.316080420661200017091
2022-09-11,41843543.015675138168203373055
2022-09-12,42007411.20580855753221936975
2022-09-13,41597517.8832125922854980399686
2022-09-14,41709702.6868501129245404045346
2022-09-15,41724583.3460951367025832699292
2022-09-16,40483161.9438750795365988221282
2022-09-17,39867129.2978054699489289485192
2022-09-18,39376984.4237936390121579940416
2022-09-19,39034870.1361788697749889172609
2022-09-20,38541432.1742417293805976039464
2022-09-21,37800946.921325510179623786255
2022-09-22,38391014.8161535354541879943409
2022-09-23,36742466.780002617301758697824
2022-09-24,39534176.7819612792960235495312
2022-09-25,39476387.3028381316883369429025
2022-09-26,39223706.695842036553334197632
2022-09-27,39749573.5270224815809553169276
2022-09-28,40252409.3247049374829982966541
2022-09-29,39745884.941614701122913371069
2022-09-30,38188806.0806229765705402786078
2022-10-01,38131957.438380672475190074944
2022-10-02,38045292.950942235238094241831
2022-10-03,38008691.25453997877212125864
2022-10-04,38508820.7070705869616680185217
2022-10-05,38093307.5716945731420034295988
2022-10-06,38374060.8326008090327991938683
2022-10-07,39317095.1019462766609350926522
2022-10-08,40098178.8839329088523403151112
2022-10-09,40662021.388350094699936523505
2022-10-10,40368968.8887455824640509395092
2022-10-11,41193631.2652096209535351527552
2022-10-12,41688874.263660879692765353575
2022-10-13,42057717.4625728052671871544736
2022-10-14,42884168.6849143860752901716034
2022-10-15,42848738.0015464763927313986844
2022-10-16,42944372.427677935239737209365
2022-10-17,43459500.1598031664538762163642
2022-10-18,42032081.1594621171359315603208
2022-10-19,41947507.487988921555955042879
2022-10-20,41840019.0447647124950420167146
2022-10-21,42171343.7324248949685747626124
2022-10-22,42187427.5925821387653628313842
2022-10-23,42201852.5449245167511130533606
2022-10-24,42229917.711426803101838599479
2022-10-25,42596088.2261238695315691323844
2022-10-26,42943653.389198756551742999084
2022-10-27,42016832.9226797142708944701412
2022-10-28,41957013.3946925724225880423736
2022-10-29,41458400.0168796153142680907394
2022-10-30,41377067.1140737187722069910341
2022-10-31,41306249.6748015018611792357259
2022-11-01,41264170.5236659234312789861516
2022-11-02,41039885.1146673420114105163491
2022-11-03,40767867.72673637923339936395
2022-11-04,41644567.3413733610458034797357
2022-11-05,41833106.6429534391591804523094
2022-11-06,41768946.4959984702164619572424
2022-11-07,42045578.204140600895102079571
2022-11-08,42370192.002429904302227333976
2022-11-09,40760097.9262514312176645044477
2022-11-10,39921681.782121317648047780192
2022-11-11,38442155.55075976806172358331
2022-11-12,36986039.95853460278535832896
2022-11-13,36362069.611868667054157140462
2022-11-14,36203563.90869107938524593209
2022-11-15,36151847.363365006964915279842
2022-11-16,34513000.743301852867376270094
2022-11-17,33469876.921936665493194143032
2022-11-18,33392778.875196258449606658312
2022-11-19,33150957.534572052931406123343
2022-11-20,33087055.580617453840402232359
2022-11-21,32924644.403516413932867051366
2022-11-22,33029538.2683762605577679979
2022-11-23,33329910.217076393385093893066
2022-11-24,33153810.23356952356526067039
2022-11-25,33005730.517478425741599763352
2022-11-26,32918554.583020944890917671162
2022-11-27,32924512.96097230174588676961
2022-11-28,32918864.31171262875395545485
2022-11-29,31944406.41403657521445624279
2022-11-30,32148208.73484001193486043032
2022-12-01,32535891.169848595627156977107
2022-12-02,32617959.051193098596088982764
2022-12-03,32514526.6186400197371081359
2022-12-04,32542805.75664433400929877295
2022-12-05,32496054.016430141206739153679
2022-12-06,32066958.486630946882220141515
2022-12-07,32067512.531929381855610653632
2022-12-08,32168428.487152416878346438453
2022-12-09,32138311.729701950966223843903
2022-12-10,31913886.447708273507257583
2022-12-11,31894112.1933926863265762835
2022-12-12,31768136.25849475402314305677
2022-12-13,31897863.228420327533736323965
2022-12-14,31519251.044398663970507504835
2022-12-15,31042026.904015533220145882199
2022-12-16,30743318.508006740016812607738
2022-12-17,30665295.418598865605942456603
2022-12-18,30609607.977541367651264659425
2022-12-19,30686586.454434272235557614608
2022-12-20,30708630.785093995347833576971
2022-12-21,30694576.174321962195873758304
2022-12-22,30547995.497486799737396131515
2022-12-23,30517853.766263402183945880243
2022-12-24,30482780.874226243001197695585
2022-12-25,30507572.732809788906899671777
2022-12-26,30526397.893172813565510254194
2022-12-27,30495881.243141809569474924588
2022-12-28,29289441.79790509778832677125
2022-12-29,29132448.409099682118304702
2022-12-30,28496169.69829057196336138626
2022-12-31,28074641.206347422797035362798
2023-01-01,28082321.534689894904997543097
2023-01-02,28062783.541336634686602322445
2023-01-03,27531792.162569427186196326753
2023-01-04,28752885.340070316449131159242
2023-01-05,28611928.8310995810115490082
2023-01-06,28825491.86257646880774583855
2023-01-07,28852688.29639172931192162357
2023-01-08,28910837.751497063225767235959
2023-01-09,29148277.972139276728292991663
2023-01-10,28819876.887191701027773744773
2023-01-11,28990098.067754552481914246751
2023-01-12,29108590.177961001101242560543
2023-01-13,29061409.820481994690740806335
2023-01-14,28921984.259882042426133387615
2023-01-15,28925517.573141326434077889155
2023-01-16,28813571.932565481904677857425
2023-01-17,28675158.706737852134113940688
2023-01-18,28266901.71072874366286337952
2023-01-19,28289054.045248280655883934091
2023-01-20,28747860.96066198675519683814
2023-01-21,28438759.2778144623848576781
2023-01-22,28508478.8158003966755229002
2023-01-23,28685740.492613654680981253266
2023-01-24,28758237.385698947679809938506
2023-01-25,28860169.755631143321425462172
2023-01-26,28965511.133853865986462871824
2023-01-27,28851826.900718796184085003928
2023-01-28,29091684.925636121721873437902
2023-01-29,29135688.515156996274666747793
2023-01-30,29104908.949579378231678390326
2023-01-31,28859403.606044246957911153506
2023-02-01,29228412.039505414752371217785
2023-02-02,28809149.87024638822972064432
2023-02-03,28628480.673649563485352789984
2023-02-04,28723162.317597600693831332044
2023-02-05,28649359.990759982270476062835
2023-02-06,28576296.310387905712677170316
2023-02-07,28576230.694804539047509821414
2023-02-08,30463647.086179935454502477664
2023-02-09,30607812.291454537779505338345
2023-02-10,30489315.883839751828752498737
2023-02-11,30736581.946230517531971250272
2023-02-12,30669188.434853838904260442944
2023-02-13,30743090.13738926321306282065
2023-02-14,30848994.972550067415891012912
2023-02-15,30763274.7316788531508378403
2023-02-16,30797121.650125973229094575984
2023-02-17,30822707.676820338526824218213
2023-02-18,30993948.76767908052813828752
2023-02-19,30993341.11873039967950168425
2023-02-20,30989693.35485197125858140327
2023-02-21,30937889.9761106887412305919
2023-02-22,31321555.060813156305402254001
2023-02-23,31447204.19371327307089912476
2023-02-24,32874817.242622987792100063677
2023-02-25,34019473.743149773588062911937
2023-02-26,33984229.537892000618099475777
2023-02-27,34083126.661634780991424295703
2023-02-28,34284186.486685669355887390576
2023-03-01,34429629.04155871406112767804
2023-03-02,34413251.70563007316720653726
2023-03-03,34388805.896140273524820501803
2023-03-04,33846748.544162665436711629359
2023-03-05,33853445.146360597284461967382
2023-03-06,33965288.25532071979124999908
2023-03-07,33660291.401542297384114326466
2023-03-08,33609130.219915101907444951329
2023-03-09,33635284.425004299241349205405
2023-03-10,33838993.453441610639064129165
2023-03-11,33070674.682862695603234941184
2023-03-12,26698137.694094892951730392966
2023-03-13,24409305.2876063792085108890444
2023-03-14,13781133.260841782864906466404
2023-03-15,15006046.657782315880338701672
2023-03-16,15857867.5819227628374086777499
2023-03-17,16050442.5724785916294678267638
2023-03-18,16629165.9957069854673986285724
2023-03-19,15801459.5861434452736690921261
2023-03-20,18987644.79373601214946587138
2023-03-21,19003593.852890682206766792591
2023-03-22,20960297.35897977455851731036
2023-03-23,18747207.332942870055000639072
2023-03-24,19849240.790389399003623065028
2023-03-25,21053650.59184919228588914035
2023-03-26,20902198.6014915299644143558
2023-03-27,21110028.13063149333076114815
2023-03-28,21596402.66402897474910065688
2023-03-29,21702721.022728873769652189
2023-03-30,21830678.13283023784086986517
2023-03-31,21969880.83666656364231690693
2023-04-01,22096530.07087732594853237328
2023-04-02,21998479.53459352448258301444
2023-04-03,22075783.57445703385806651918
2023-04-04,22192913.64414047807206931769
2023-04-05,22169206.5414415067573172729
2023-04-06,22230452.56373588670886385202
2023-04-07,22163436.46664292161977927689
2023-04-08,22261796.38259281073305127442
2023-04-09,22330308.55258091526448879449
2023-04-10,22247435.53892397419364365796
2023-04-11,22761323.390153003744981238742
2023-04-12,22942454.67342310801353512889
2023-04-13,23072121.259763665691227868288
2023-04-14,23042644.60260749143595776703
2023-04-15,23055263.8952297259449296534
2023-04-16,22953234.418106560732464187958
2023-04-17,23062347.853302355612822303906
2023-04-18,23303596.302046168491371849376
2023-04-19,21097697.537347541051210533105
2023-04-20,20905700.87384108547822665526
2023-04-21,20953208.273548180296806966799
2023-04-22,20460019.249439942227991486466
2023-04-23,20462447.396096451007204083813
2023-04-24,20511440.89646911316307471988
2023-04-25,20481008.77394285348944595273
2023-04-26,19525829.55664002470295509926
2023-04-27,19380435.476588846196026906325
2023-04-28,19434293.96335696863439781184
2023-04-29,18995172.40780693640900188276
2023-04-30,18991483.268238503913499333032
2023-05-01,18831773.697131307874949358934
2023-05-02,18825519.026982960036359004181
2023-05-03,19469595.634327888952409087801
2023-05-04,19399977.414628832962114434891
2023-05-05,19090743.362276059555469869481
2023-05-06,19125559.487551538133656707538
2023-05-07,19098244.413604070422161431546
2023-05-08,19228128.719010297579457602275
2023-05-09,18998866.314415872579737772027
2023-05-10,18909833.412403053815116954004
2023-05-11,19034717.762253785201359670028
2023-05-12,19003292.848637406002791012038
2023-05-13,18977395.690980370566793958992
2023-05-14,18953114.27585534694681145259
2023-05-15,18954099.400317008880450414569
2023-05-16,18974306.568782610966287297106
2023-05-17,18932896.536261316712008888653
2023-05-18,18887423.242787707011060778872
2023-05-19,18865852.711267241299008991644
2023-05-20,19001482.013527965396237696454
2023-05-21,19023769.211393852725204983332
2023-05-22,19027779.811493551635145158176
2023-05-23,19047070.886827304064167901714
2023-05-24,18988823.861658272825330460564
2023-05-25,19038276.965840306573657899404
2023-05-26,19033768.161934126206220907944
2023-05-27,19063590.70767836198406026441
2023-05-28,19094709.289830048982791661194
2023-05-29,19208026.22854238602980860762
2023-05-30,19630453.670972748219410871624
2023-05-31,19524975.006543179317619566788
2023-06-01,19616624.704846940878246802778
2023-06-02,20081047.9008553102077851772
2023-06-03,19957749.522053563639924068473
2023-06-04,19937853.265640966913611803357
2023-06-05,20039405.549132430350540312493
2023-06-06,20190435.633506864797490158628
2023-06-07,20185119.49415752213723576654
2023-06-08,20086917.421199171470015857795
2023-06-09,19777240.91690528576377978045
2023-06-10,19582321.894864551756695528637
2023-06-11,19656838.123723676837672739288
2023-06-12,19640695.043080439044474065087
2023-06-13,19767237.086364789807304791328
2023-06-14,19968899.342780226577138128322
2023-06-15,20428592.283163195692148738728
2023-06-16,19906821.608338539866169260025
2023-06-17,19909908.08241459490583943378
2023-06-18,19931346.127962380145509247645
2023-06-19,19922323.79258450366143472214
2023-06-20,19900313.00147339754978091994
2023-06-21,20319789.023733167984203946888
2023-06-22,20172916.910127862096933717481
2023-06-23,20046354.67103081513045484888
2023-06-24,20616716.70609705006406806048
2023-06-25,20635633.74351902270437019808
2023-06-26,20644104.06580828337660255544
2023-06-27,20714653.12150006655472750744
2023-06-28,20574742.632721569307109373017
2023-06-29,20560406.196583260012706782862
2023-06-30,21054588.014643838895016155898
2023-07-01,20812006.289995648159766009598
2023-07-02,20539225.521275822909050420422
2023-07-03,20549933.003690086724955446128
2023-07-04,20464374.29126513410116240314
2023-07-05,20553225.713990300082556781031
2023-07-06,20464356.22794120526862285859
2023-07-07,20978030.695555675151937734857
2023-07-08,20888104.022451308366492835396
2023-07-09,20890632.02323763757413613101
2023-07-10,21209954.320549040667336627828
2023-07-11,21189572.939451558634964590262
2023-07-12,21295555.154640650058011796064
2023-07-13,21348744.25362548154946501445
2023-07-14,21606047.197710261428622897475
2023-07-15,21469099.34671787476399829305
2023-07-16,21466249.89285619374515559915
2023-07-17,21544989.732118284736341114
2023-07-18,21506793.32417576754587704295
2023-07-19,21429912.50010786403040812615
2023-07-20,21472295.6750833317259550259
2023-07-21,21662538.93899200525011041205
2023-07-22,21725655.319788972332131562042
2023-07-23,21720241.742022543229310276144
2023-07-24,21720617.195634549687676544198
2023-07-25,21658326.987274991832765549252
2023-07-26,21795200.81917273444894584339
2023-07-27,21639670.907181625350695010135
2023-07-28,21770842.136781652506137076219
2023-07-29,21732951.8637089654168278884
2023-07-30,21110181.351715346812367860051
2023-07-31,21677326.869806232586095225825
2023-08-01,21375352.329753798530818245408
2023-08-02,21026901.723613381127627976816
2023-08-03,21131132.491191934391090871936
2023-08-04,21264244.415198237916905141712
2023-08-05,20889207.212820516147972326006
2023-08-06,21010685.259186711962004182543
2023-08-07,20974156.118129565052492018569
2023-08-08,20996974.736191186606274555142
2023-08-09,21068566.672269839339070786928
2023-08-10,21116200.684737145125943070098
2023-08-11,20902895.07803041138667893305
2023-08-12,20836018.21195218137863327668
2023-08-13,20883838.99686577146645153822
2023-08-14,20882286.520698296421774820944
2023-08-15,21157692.339305587447859885716
2023-08-16,16995683.75135069003579018916
2023-08-17,17004001.40039582090473845528
2023-08-18,16970157.588622478834649328168
2023-08-19,16918796.380571923480539690612
2023-08-20,16924969.473038792287807363224
2023-08-21,16928421.953185893950589328812
2023-08-22,16763378.894939577382859246562
2023-08-23,16806330.95625988690651243059
2023-08-24,16967690.760259660816146767316
2023-08-25,16950437.082277686641740743924
2023-08-26,16899444.17552847679249223457
2023-08-27,16980242.09806639422753623154
2023-08-28,17075164.654587336205716764062
2023-08-29,17030747.72206335910502960047
2023-08-30,17105333.249496477189526138375
2023-08-31,16555368.91943697550163616142
2023-09-01,16489427.561994164709406765913
2023-09-02,16627295.349646896694257829455
2023-09-03,16605474.686946099071969783272
2023-09-04,16647197.912979654329116015325
2023-09-05,16534447.209729224007154761076
2023-09-06,16889958.715270748307881418576
2023-09-07,16613925.936419576569360136532
2023-09-08,16595882.883375894678089308212
2023-09-09,16710915.706731072850503466248
2023-09-10,16720047.58264500644374511352
2023-09-11,16751737.064266482021782187072
2023-09-12,16599248.662486227325039853952
2023-09-13,16553113.747997518724038816431
2023-09-14,16351916.969261925759065610828
2023-09-15,16764346.027489127101634544444
2023-09-16,16765403.200990917826078556492
2023-09-17,16737672.419727892200217748756
2023-09-18,16788224.728724221462048016076
2023-09-19,16761853.562470723417810918708
2023-09-20,16636471.206661139956293003287
2023-09-21,16619478.310453635176111324223
2023-09-22,16381060.161962764221460257441
2023-09-23,16496034.746984212000860876897
2023-09-24,16259479.51306390180984609255
2023-09-25,16145883.17961284997644864646
2023-09-26,15913866.874062149435473674681
2023-09-27,15904979.505930430058788465054
2023-09-28,16909121.479526128005624856506
2023-09-29,16839800.490818234300557085205
2023-09-30,16829123.428434590330365863835
2023-10-01,16862475.5851519441403450403
2023-10-02,16846705.232568862591817614752
2023-10-03,17185145.472307805756079697472
2023-10-04,17448927.4767033540320803642
2023-10-05,17940908.07738311303013353345
2023-10-06,17985548.612252170491227546696
2023-10-07,17952976.78096659453050303663
2023-10-08,17946644.407904878170009650578
2023-10-09,17963740.495989186094802213874
2023-10-10,17964251.290438832947381233
2023-10-11,17883477.939772881621298014156
2023-10-12,17698567.553005313474858156344
2023-10-13,17840869.7538379401351979168
2023-10-14,17932114.384346699809745452122
2023-10-15,17974705.685284187321183495676
2023-10-16,18004226.54390518344708161046
2023-10-17,18173819.19744191018797304863
2023-10-18,17866035.765209063746934096455
2023-10-19,18076459.308851944168426654172
2023-10-20,17992261.453467816684051035484
2023-10-21,17934542.858229096141776523339
2023-10-22,17973261.52834190656281222865
2023-10-23,18116025.903563593935440761796
2023-10-24,17972213.242727337240208971612
2023-10-25,18200472.289121174125744535436
2023-10-26,18186658.1225862892333742266
2023-10-27,20291107.733259828968505466567
2023-10-28,20210267.84918777134229779596
2023-10-29,20091194.355007552368821742096
2023-10-30,20152745.600925026010572575492
2023-10-31,20489152.347305668759619042722
2023-11-01,20672238.01148437327561983477
2023-11-02,20809616.242588702972127783524
2023-11-03,20664395.280889071836286282288
2023-11-04,20237512.04210675777975037855
2023-11-05,20248083.63253731967884010845
2023-11-06,20279462.771551908132581154645
2023-11-07,20285309.8619247301831021288
2023-11-08,20279357.878539018825918041552
2023-11-09,20416998.811696119375814998065
2023-11-10,20492609.381290353125839822564
2023-11-11,20337413.149725641692275744912
2023-11-12,20339616.954128453863643708388
2023-11-13,20425652.357788224692742970396
2023-11-14,20966752.154959113124659380144
2023-11-15,20628421.94656283189924103837
2023-11-16,20547798.027932898711199951992
2023-11-17,20538546.596975909380573037112
2023-11-18,20195887.514631461099638357704
2023-11-19,20193190.624694404321541737395
2023-11-20,20279262.132637950914941773425
2023-11-21,19860835.779006330533557140408
2023-11-22,20036468.72170729488336768986
2023-11-23,20050132.16944881170711835182
2023-11-24,19918644.372359469980989891725
2023-11-25,19936464.832943725391703287403
2023-11-26,19881664.754783923612666208656
2023-11-27,19945319.071771725162959693376
2023-11-28,19992324.304986384933920127798
2023-11-29,19938416.81937981663621264128
2023-11-30,19848343.532652077083929371321
2023-12-01,20238399.014218943044191074818
2023-12-02,20282816.923678857323417099012
2023-12-03,20197437.708624091438240867725
2023-12-04,20093964.969896813349967746825
2023-12-05,20064763.295699473743617214675
2023-12-06,19723279.714491289038869758658
2023-12-07,19731672.063274579130144511428
2023-12-08,19561581.754387466638624051911
2023-12-09,19927948.410640313181890961268
2023-12-10,19882677.404053593016504971142
2023-12-11,19953651.425780677604392810872
2023-12-12,19909203.800146537709494031528
2023-12-13,19941149.143648743743341465032
2023-12-14,20082076.794754245989935861312
2023-12-15,19858086.327195213627930189672
2023-12-16,20021031.6994696547584129447
2023-12-17,20015155.16114734200737467795
2023-12-18,20104932.4279845877664659292
2023-12-19,20127443.38431676445959285505
2023-12-20,20111694.7649791281631204077
2023-12-21,20141475.349900292621187498642
2023-12-22,20087986.82548066569282925674
2023-12-23,20074741.98997690730237352174
2023-12-24,20033724.177922539051883578446
2023-12-25,20050193.676216891802981524606
2023-12-26,20025288.160866428807589111443
2023-12-27,20107951.001996570246692493244
2023-12-28,19804805.177533056290915997372
2023-12-29,19785353.184028445425600280196
2023-12-30,19810293.396154728054443504964
2023-12-31,19765202.557852869464053974834
2024-01-01,19793896.69511105443241340075
2024-01-02,19705739.808202489642136087838
2024-01-03,19632303.384054853784463230379
2024-01-04,19627733.469457177042626790065
2024-01-05,19627254.30856034021596176555
2024-01-06,19619588.997462320899193029755
2024-01-07,19638098.663254392150011943369
2024-01-08,19680077.5329076491942384674
2024-01-09,19719640.89851994377928870516
2024-01-10,19704476.043280012743317163984
2024-01-11,19623009.00669119500377467593
2024-01-12,19722958.12339504841497710486
2024-01-13,19704188.365112320637317716285
2024-01-14,19643219.45790161729080027033
2024-01-15,19716912.632391599321327097099
2024-01-16,19629614.8523943269942874175
2024-01-17,19768671.36849963168553390764
2024-01-18,19733925.03077871164351064613
2024-01-19,19753506.798857023279419077562
2024-01-20,19738206.44013828404090014674
2024-01-21,19729124.604577120040255431404
2024-01-22,19667445.579325178971837491708
2024-01-23,19611944.387334973380637580896
2024-01-24,19521286.634645591335645158312
2024-01-25,22116905.050520043989471957268
2024-01-26,22410971.171743128336396257657
2024-01-27,22409876.805612410286269455482
2024-01-28,22414138.12785992466508426218
2024-01-29,22365477.772379425159021851552
2024-01-30,22680264.45612226858089501816
2024-01-31,22640982.084412588744818360144
2024-02-01,22657878.839292473040874906672
2024-02-02,22579458.872399735423363417192
2024-02-03,22747748.732623528732246401144
2024-02-04,22744364.566301000231201367212
2024-02-05,22681223.791185313053105404976
2024-02-06,22636195.900165374912590249
2024-02-07,22695887.181672441757216411568
2024-02-08,22661251.494677789215296919654
2024-02-09,22671278.7487843246116155343
2024-02-10,21921441.435493758767422875048
2024-02-11,21861477.534336129957662676712
2024-02-12,21870224.053919351792632167818
2024-02-13,21711422.976469282150359207742
2024-02-14,20964338.993762185259702720598
2024-02-15,21149244.20643127217779541292
2024-02-16,21099362.879630326935834024879
2024-02-17,21042122.31303731428266439792
2024-02-18,21002164.27307455750422785868
2024-02-19,21073578.25909204506906290638
2024-02-20,21139180.841336961769494051504
2024-02-21,21155978.20989638981997886501
2024-02-22,21243953.6570982072271084861
2024-02-23,21173595.42260870140032481232
2024-02-24,21210158.91994106252754637644
2024-02-25,21187424.661459670984719098093
2024-02-26,21206247.465993541066582866256
2024-02-27,21243184.301152052944820502992
2024-02-28,21234257.582301438446696091954
2024-02-29,21215334.506553809564856575767
2024-03-01,21376218.725240323332659786874
2024-03-02,21353504.535266495332913255149
2024-03-03,21276359.515075471410164813784
2024-03-04,21360995.41547609210724544817
2024-03-05,21069012.661018170562380228192
2024-03-06,20395291.129097288289604169152
2024-03-07,20473770.831472574761975738272
2024-03-08,20348705.157194032346280798315
2024-03-09,20376976.367902061078329897143
2024-03-10,20285160.749820593021243128683
2024-03-11,20244338.246401675299661971434
2024-03-12,20372774.865513489033921164
2024-03-13,20087896.027486443460284340392
2024-03-14,20034890.4399718759985246856
2024-03-15,19703894.712268350370218338358
2024-03-16,19528117.356077781136172644272
2024-03-17,19513548.832461678925736368332
2024-03-18,19557476.11684996024807013104
2024-03-19,19555281.672649828214308114932
2024-03-20,19537326.224456308220048408388
2024-03-21,19862706.26359813560173811618
2024-03-22,19861378.414671123999767588446
2024-03-23,19622505.609029827844671351888
2024-03-24,19624336.159124476626521736708
2024-03-25,19692328.758538578909736704732
2024-03-26,19569875.583717343942067916255
2024-03-27,19560463.211439016529203235345
2024-03-28,19568043.814510644511644134252
2024-03-29,19428873.221047902774645616171
2024-03-30,19373603.843990475493718378592
2024-03-31,19253014.722984093160496387112
2024-04-01,19228785.377296121639565607224
2024-04-02,19208832.179838691462641118872
2024-04-03,19205275.81715333753837009944
2024-04-04,19349939.268304429112979111291
2024-04-05,18773500.533068728365457294415
2024-04-06,18874185.143664423836989114948
2024-04-07,18882085.174540661385770274102
2024-04-08,18719495.497723585556540095426
2024-04-09,18543404.633224361831289686151
2024-04-10,18582428.566281120195546271787
2024-04-11,18375285.27975024439636451019
2024-04-12,18038176.956385682001868420401
2024-04-13,18015912.751643821006702742056
2024-04-14,18019099.745573347748484110319
2024-04-15,17918465.414254690690824770614
2024-04-16,17947617.825864341015301012255
2024-04-17,17859052.655231852048620214432
2024-04-18,24226491.138048376990161389694
2024-04-19,23612091.170166109289597157212
2024-04-20,23645893.97109368541938565561
2024-04-21,23590773.624180313257608957111
2024-04-22,23738401.50022445222108873778
2024-04-23,23615997.786268361034537339
2024-04-24,23570246.597355712654092719847
2024-04-25,23682133.043633978316572132637
2024-04-26,23706658.053810067700320254566
2024-04-27,23688137.431733370661442681823
2024-04-28,23540058.181892582912016621885
2024-04-29,23615001.950505773664660463902
2024-04-30,23523856.697294337266618646722
2024-05-01,23450500.641695075859128293894
2024-05-02,23793655.795415378011795301034
2024-05-03,23408807.370606301514072519444
2024-05-04,23223214.888426041318027201513
2024-05-05,23164495.814428888698750078097
2024-05-06,23130512.892673309685698773192
2024-05-07,23227469.992756746193544969496
2024-05-08,23114730.715929841006152479421
2024-05-09,22896242.844103003986529422561
2024-05-10,22892581.532660963656835514168
2024-05-11,23047524.953922667703810438943
2024-05-12,22945445.861218015863310456779
2024-05-13,23253736.439654077967606638114
2024-05-14,23544545.074039321238694412884
2024-05-15,23484635.88338447617868023209
2024-05-16,23332329.144191804722596872163
2024-05-17,23227395.634196527964782197606
2024-05-18,23255219.015913212453980766046
2024-05-19,23282806.848516819113997262479
2024-05-20,23331989.141070964134868570704
2024-05-21,23348289.90774878296679875824
2024-05-22,23257858.187811236131529533872
2024-05-23,23181311.794465126434320441568
2024-05-24,23301534.401429509462488294122
2024-05-25,23260655.811577443341859671252
2024-05-26,25176040.233779721489621324732
2024-05-27,23327782.707106727827420393008
2024-05-28,23303957.955949092135169632384
2024-05-29,23276259.7157340437875636497
2024-05-30,23236367.326302232163042899092
2024-05-31,23188124.264670290161816275948
2024-06-01,23127268.284168321770267859564
2024-06-02,23142664.090234878850063142964
2024-06-03,23134804.179857832280456741064
2024-06-04,23135371.260351986842477536201
2024-06-05,23543188.888904625884575317642
2024-06-06,23297712.38669459419224140608
2024-06-07,23409209.15663709132881386896
2024-06-08,23269282.77815300058731161512
2024-06-09,23296256.74399548402830137848
2024-06-10,22988661.74006237754182009928
2024-06-11,22967533.64488577494022047784
2024-06-12,23033665.71777094805272971288
2024-06-13,23169017.541940982499957830056
2024-06-14,23005044.635569836741273633848
2024-06-15,23266530.745669554866689792542
2024-06-16,23166997.088556449073784313466
2024-06-17,23021684.984288826495723588585
2024-06-18,23080506.540720606946221432264
2024-06-19,22993419.513607815766355074888
2024-06-20,23024802.973459226374484609344
2024-06-21,23174636.71405937803764069153
2024-06-22,22908789.598651129326374976039
2024-06-23,22942749.159272262029040526473
2024-06-24,23084877.50315599604714414802
2024-06-25,22746185.102976233285252169824
2024-06-26,22530138.156367285085146688518
2024-06-27,22565446.764792569137935964572
2024-06-28,22532547.487274369146497822597
2024-06-29,22516250.772749521293077147106
2024-06-30,22486400.433279195366736360398
2024-07-01,22517948.758962518739342213984
2024-07-02,22534326.078987626231532862024
2024-07-03,22436241.442866975151313539193
2024-07-04,22583748.636315333723003915416
2024-07-05,22617923.456869948936734784855
2024-07-06,22252005.20484964438480300301
2024-07-07,22119691.848285060733984880702
2024-07-08,22008760.918627899504703637386
2024-07-09,21894475.941897491563936250247
2024-07-10,21811913.256173470276354052523
2024-07-11,21782206.876577877548779116702
2024-07-12,21817715.20283866998246523299
2024-07-13,21844166.776439827209574402386
2024-07-14,21806349.892138692092983401778
2024-07-15,21937814.005385460647494646452
2024-07-16,21975308.927956819845515753303
2024-07-17,22033196.667682352827481016959
2024-07-18,23023522.83125100667801816955
2024-07-19,22943755.65485760373568356866
2024-07-20,23192985.839249617179275865488
2024-07-21,23151135.471736445218816906338
2024-07-22,23150849.561105164058989381272
2024-07-23,23206869.880956885678665106444
2024-07-24,23108819.004953248547958374628
2024-07-25,23018790.49522857614646424944
2024-07-26,23240097.994445992168018150752
2024-07-27,23200855.994014098072403920324
2024-07-28,23302795.702779817968646612774
2024-07-29,23187086.912366185054294624097
2024-07-30,23197744.256189638500093740248
2024-07-31,23073840.89745894843725533184
2024-08-01,23173585.02407199830448955485
2024-08-02,23304523.24574359042624232
2024-08-03,23029396.04423721517207943684
2024-08-04,23114967.48441861261437365902
2024-08-05,22703554.46121571987439796
2024-08-06,21433066.576944613234740097568
2024-08-07,21560880.567221687397674572912
2024-08-08,22747447.016835759132749557583
2024-08-09,22312798.588430993883115835967
2024-08-10,22064273.10629268034158003636
2024-08-11,22084137.049969834965471405276
2024-08-12,22102163.926089559750764525864
2024-08-13,22059918.06863715632173191472
2024-08-14,22038559.118324811609166363824
2024-08-15,21983942.719069902906974105152
2024-08-16,21866079.981805425688401496382
2024-08-17,21896137.245067097923031033325
2024-08-18,21786464.65286492902685119555
2024-08-19,21909928.298227977574193822334
2024-08-20,21911744.2463207322220976362
2024-08-21,21823829.65914005046283810128
2024-08-22,21958257.077896010284263961758
2024-08-23,22072444.346924303641030656396
2024-08-24,22018228.558437706860097024268
2024-08-25,22070361.956069459025791927012
2024-08-26,22016402.05170362621062925652
2024-08-27,22041587.90012061468129784838
2024-08-28,22063924.315841976886007715592
2024-08-29,21940402.273895993663151093456
2024-08-30,21932417.318495877125790602435
2024-08-31,20820388.532603204348124621999
2024-09-01,20765722.643144053727669677148
2024-09-02,20858334.82018928873212686822
2024-09-03,21808022.428549829876791238208
2024-09-04,21852375.515164938663918685856
2024-09-05,21824327.027010134228478682336
2024-09-06,21775345.47766967536522673964
2024-09-07,21686043.512231429645077895007
2024-09-08,21750165.573520346894750442013
2024-09-09,21678282.36411238658099103885
2024-09-10,21609956.498970155547779960535
2024-09-11,21792843.638803929917569643505
2024-09-12,21783948.936596659871378535688
2024-09-13,21782730.202175380395250329448
2024-09-14,21815420.396437559998145185328
2024-09-15,21827009.097997872246019865928
2024-09-16,21876078.048680621007224581948
2024-09-17,22034611.14712213297296658949
2024-09-18,21998683.356035217893832565536
2024-09-19,22021155.618021651638116551884
2024-09-20,22018187.461907057988341494314
2024-09-21,22049884.20821258191411760616
2024-09-22,21965237.242741708252920290133
2024-09-23,21992443.582056237145549608039
2024-09-24,21967244.318076569802413410993
2024-09-25,21862934.722636165243214776128
2024-09-26,22008984.011204549675581173924
2024-09-27,21953627.546922020001359694648
2024-09-28,23277862.811450185406082585432
2024-09-29,22009319.194746540402427464096
2024-09-30,21982546.68659806860626543412
2024-10-01,21924778.773140543397520541395
2024-10-02,21616891.406435760272029447327
2024-10-03,21900833.74139650230144094719
2024-10-04,21881783.90269111719937105336
2024-10-05,22042110.4202334784275951664
2024-10-06,21986166.2987453909684227056
2024-10-07,22009488.4039968608813808825
2024-10-08,22093502.85570483750063865508
2024-10-09,21997211.433060471109008957448
2024-10-10,22064050.10252688177861566262
2024-10-11,22232701.836988277014578082014
2024-10-12,22201240.039575410196766158444
2024-10-13,22311656.335602076200069766104
2024-10-14,22137919.664071860625872082944
2024-10-15,22114601.8071099629652426854
2024-10-16,22027682.169571893441644488392
2024-10-17,22057748.426228502726323327625
2024-10-18,22160433.296250814493188984248
2024-10-19,22146236.394099643730223554895
2024-10-20,22106302.225176203399920347903
2024-10-21,22254446.713098466163722784521
2024-10-22,22097174.707906448676013689435
2024-10-23,22006183.5330199045792086907
2024-10-24,22208136.449138752928254448746
2024-10-25,22109870.949356464693322035833
2024-10-26,22243120.811890268765176716434
2024-10-27,22249001.094789265467857866692
2024-10-28,22276656.021971878976772431344
2024-10-29,22071859.084959361233720164146
2024-10-30,22195245.17309023999956488148
2024-10-31,22082075.477389190084913798564
2024-11-01,21891211.710742417439967506955
2024-11-02,21986769.711913299010948582716
2024-11-03,21968932.616703734136665166789
2024-11-04,22090614.368313651550066921112
2024-11-05,21790914.332808997987060366026
2024-11-06,21359896.64407775934330727749
2024-11-07,21961017.230204452185159590812
2024-11-08,21672781.918360250433910194388
2024-11-09,21004174.264959723330775101756
2024-11-10,21050972.721959490597547907328
2024-11-11,21133107.734191472282811715664
2024-11-12,21177973.789334319165959718331
2024-11-13,21176391.881347022008724664733
2024-11-14,21080870.248363157200493994101
2024-11-15,20431205.875707823500207044103
2024-11-16,21197305.480968894599115203565
2024-11-17,20831609.360486141332992464027
2024-11-18,21418489.509571851051511094885
2024-11-19,21459706.85516031875784315216
2024-11-20,21130994.73391369680630863475
2024-11-21,21055326.58456940784838435074
2024-11-22,18903589.237505936756336370894
2024-11-23,21086608.018090667077081530038
2024-11-24,21070946.700911120594151644885
2024-11-25,21328757.863339721586524602405
2024-11-26,20730901.156642437743290425716
2024-11-27,21438791.758127531475695734992
2024-11-28,21248431.902591593193149098872
2024-11-29,21370324.845378101342167029081
2024-11-30,21049491.127194474524250445866
2024-12-01,21113032.8389276698708990784
2024-12-02,21004690.939733857155954476976
2024-12-03,21278517.593143364274719691153
2024-12-04,21235672.434303133950300538502
2024-12-05,21321538.820466709678962328525
2024-12-06,21232725.6003385757224887330199
2024-12-07,20583799.205388886784852805204
2024-12-08,20463711.3130412069602702902351
2024-12-09,20369801.4381934841104639375765
2024-12-10,19716130.3514289844285905207936
2024-12-11,20189538.0445727971094543899883
2024-12-12,20212081.7036187835704965219688
2024-12-13,20367469.465618640808318780516
2024-12-14,20287660.7013737228346989786905
2024-12-15,20150746.1941012492126787484711
2024-12-16,20176007.9830347913012403199045
2024-12-17,20112934.6888538204754917138916
2024-12-18,19544026.5031611325731045008912
2024-12-19,20085360.2205010780351911296257
2024-12-20,20090075.3254277899929481454676
2024-12-21,20005071.8307623014583266029035
2024-12-22,20040493.987020629965923426132
2024-12-23,20061626.21374759454172014016
2024-12-24,20107393.0790177039622211283233
2024-12-25,20057682.2525338339453719082184
2024-12-26,20077015.2435940566737283739128
2024-12-27,20134888.068773437567544885247
2024-12-28,20404164.1687231870210348740596
2024-12-29,20422536.1065479323803186091818
2024-12-30,20354792.9288576236039568481048
2024-12-31,20407116.4426070010482748846236
2025-01-01,20246110.5347246153981394076465
2025-01-02,20220893.6281070569206882858549
2025-01-03,20149505.1389409948099950982458
2025-01-04,19884748.2120507129927176651856
2025-01-05,19590648.062121018152445920684
2025-01-06,19709707.6223999627622977235144
2025-01-07,19844415.057303047154175652207
2025-01-08,19766764.3148399764861065845163
2025-01-09,19688234.8403366366511086581323
2025-01-10,19463035.3251919332233845633333
2025-01-11,19603393.7394862548217329701199
2025-01-12,19531511.0964634015115687488676
2025-01-13,19530753.8783788480246418360571
2025-01-14,19460546.5751943546865652376822
2025-01-15,19420043.329660592132843760684
2025-01-16,19450598.834800531488116692485
2025-01-17,19482890.583999344670603053222
2025-01-18,19576861.676763223832618318182
2025-01-19,19505537.9820751307129012114955
2025-01-20,19757263.903932163392561575945
2025-01-21,19523362.5870016724148515262852
2025-01-22,19629101.366128070207872512057
2025-01-23,19535069.2704150481739040154608
2025-01-24,19704420.1632742508952092305472
2025-01-25,19946683.9557176350060021991728
2025-01-26,19794244.0980133549840485009896
2025-01-27,19808219.9647194644763786387681
2025-01-28,19584932.9294347885898417935808
2025-01-29,19549614.5966618115120741959031
2025-01-30,19488224.8351514626115770583199
2025-01-31,19534054.491472327946560846126
2025-02-01,19512360.3355581630226990527854
2025-02-02,19396517.2548934193735219894744
2025-02-03,19787615.836769343592019028269
2025-02-04,19137217.45468548166904399166
2025-02-05,19427240.5468166736885027117516
2025-02-06,19311505.0742646654119385520352
2025-02-07,19435646.4763864779539398883208
2025-02-08,19357149.8820776404989771452456
2025-02-09,19280459.1355231098977749531602
2025-02-10,19146291.4982203389635743046776
2025-02-11,19279184.6652517128128284645992
2025-02-12,19180815.7190553325014478597165
2025-02-13,19305713.1805857766179403873454
2025-02-14,19466583.3568366753122461477976
2025-02-15,19496662.5721708028851732229875
2025-02-16,19477310.8060367570464109801335
2025-02-17,19452961.134183627279685952078
2025-02-18,19403587.7823545739444552927284
2025-02-19,19301527.252952456191209208064
2025-02-20,19330405.1152826096868723248946
2025-02-21,19200867.9220230028905407270962
2025-02-22,19267510.9356382612718094765117
2025-02-23,19251330.2185671203136064579824
2025-02-24,19300962.011361659758901994433
2025-02-25,19346696.5348157403298678429555
2025-02-26,19268824.5930985356173817030468
2025-02-27,19261616.0977844061583165860212
2025-02-28,19141154.374928643941220674524
2025-03-01,19145088.2702747666773812503286
2025-03-02,19296918.6468870034840899833474
2025-03-03,19277405.9163661593344616593109
2025-03-04,19425123.431097731339163196773
2025-03-05,19844960.7737976751000749281125
2025-03-06,19915451.698174508885741702658
2025-03-07,19957201.5000191930218863417432
2025-03-08,19691860.360567101714645312507
2025-03-09,19653621.772781106302143123218
2025-03-10,19539104.2268706056781089710776
2025-03-11,19662653.5634945767992426148079
2025-03-12,19919728.201095458023698156282
2025-03-13,19920488.0427962646449505980583
2025-03-14,19932032.0617095766487075287975
2025-03-15,19944486.0552749324392977329492
2025-03-16,19957873.7880269467573973107206
2025-03-17,19941864.4966580491580314646816
2025-03-18,19870615.4944791068388413051794
2025-03-19,19773726.1632139609014699188486
2025-03-20,19929802.98369272878615601645
2025-03-21,19896592.5979578601813811064476
2025-03-22,19931831.776755869520797349102
2025-03-23,19981003.1916749215838689691444
2025-03-24,19788578.669285989716454753277
2025-03-25,19901204.050511618426677993363
2025-03-26,19315959.2465684234266614456798
2025-03-27,19416853.078578939369950958888
2025-03-28,19630510.880467026182188929799
2025-03-29,20581275.2618213632590445326448
2025-03-30,20762699.80350085432970260773
2025-03-31,20825464.0859956305385149914352
2025-04-01,20797640.8648994534951540862952
2025-04-02,21122625.5319125199356920936961
2025-04-03,21414744.5404080709802948579991
2025-04-04,20991398.9073860161718070155712
2025-04-05,20500340.8470544320666654152008
2025-04-06,20495836.4382807967021564999044
2025-04-07,20178251.8857155374877905898706
2025-04-08,19836752.4283871722188452715177
2025-04-09,19485643.3471551959577127417808
2025-04-10,19549953.0217632875263698671439
2025-04-11,19386782.871311404482592693455
2025-04-12,19156535.20333948539620415973
2025-04-13,19315384.907743682740306519272
2025-04-14,19550186.427723386783641146036
2025-04-15,19505799.9820401721972913948672
2025-04-16,19677819.4364675538658138948839
2025-04-17,19664805.1783226110475874656701
2025-04-18,20020210.846331017039996372556
2025-04-19,20773125.476651349478459452616
2025-04-20,20855366.481610229339752592571
2025-04-21,21249540.8335446524160145176952
2025-04-22,20995619.5426624176275336585113
2025-04-23,20939524.996927701359557962411
2025-04-24,21023998.836270258411969169464
2025-04-25,21265466.2737435700543269664632
2025-04-26,21419924.3170115602863895794666
2025-04-27,21460067.6177736787376842897299
2025-04-28,21537054.4556574731480452881987
2025-04-29,21532561.5787077295859466457
2025-04-30,21408984.631952827123295423791
2025-05-01,21591986.4400857464613525748981
2025-05-02,21715683.6577351179562705839067
2025-05-03,21749063.8983193503296064041254
2025-05-04,21732971.3777345710003379254668
2025-05-05,21803798.0275679948788282314072
2025-05-06,21852902.572501756891246689278
2025-05-07,21874657.5183777741305891648505
2025-05-08,21962771.1490231085036405995431
2025-05-09,22451240.434292394938393518184
2025-05-10,22306382.4433405280038405810404
2025-05-11,22347405.7342059035167637495512
2025-05-12,22099812.000211448657255630718
2025-05-13,22119600.945767889755940064806
2025-05-14,22252503.8519958007341742561808
2025-05-15,21990584.1465817955202921270219
2025-05-16,21954358.4100011929637223530825
2025-05-17,22087500.6039479686492162661088
2025-05-18,22120470.7147083669485698359352
2025-05-19,22196931.4781312004997742791755
2025-05-20,22283667.593641038669647070528
2025-05-21,22423083.4856242934863521279078
2025-05-22,22365864.610256338465296444174
2025-05-23,22349925.2248855008638066053776
2025-05-24,22388461.2858776812513234790272
2025-05-25,22365962.692180031959106192687
2025-05-26,22245313.7514892385473735172362
2025-05-27,22208420.1492195233060802881704
2025-05-28,22085696.372041160191345272512
2025-05-29,22236767.155600143763569404748
2025-05-30,22352140.0049771639659953656754
2025-05-31,22298850.7558139193593213228546
2025-06-01,22311294.5098069664933761108297
2025-06-02,22437379.7999959451170358827622
2025-06-03,22276309.3295965043564589986875
2025-06-04,22280465.6201976303628472869427
2025-06-05,22361860.456700374965907476561
2025-06-06,22082576.1284277563579865470592
2025-06-07,22080945.5933108648629174054433
2025-06-08,22083862.301926378597085004232
2025-06-09,22112350.853899491185455926909
2025-06-10,22119460.198074173110589643074
2025-06-11,22159065.3220823335355445842912
2025-06-12,22302939.493499832853357761936
2025-06-13,21701013.9816603292428884936304
2025-06-14,21822119.0147692416988588020705
2025-06-15,21810936.2755647848222272049424
2025-06-16,21859299.1756375228221976116522
2025-06-17,21947049.1816965812668884190708
2025-06-18,22139096.8114815329698502239165
2025-06-19,22701549.1223265682547517644916
2025-06-20,22506545.251983591146010835716
2025-06-21,22303841.7094552684147007142021
2025-06-22,22321350.276571475156790813895
2025-06-23,22390624.1068320033978559202008
2025-06-24,22225656.9738628904443159344212
2025-06-25,22396419.0141131244405313195644
2025-06-26,22395961.3556507781754366096167
2025-06-27,22186581.0434712750629896321716
2025-06-28,22125517.7222730865878403681164
2025-06-29,22189063.8771131576295223361298
2025-06-30,22295393.2648884572815879813187
2025-07-01,22242124.9466512626602555082874
2025-07-02,22219906.53247808731197088375
2025-07-03,22199451.8042646115407112320936
2025-07-04,22241917.5306290638906544184427
2025-07-05,22230457.5401826674663889041572
2025-07-06,22297151.3686824400747871344204
2025-07-07,22125055.8539616596148173781202
2025-07-08,22086935.5956840380367910351871
2025-07-09,22101329.4501806883358191729543
2025-07-10,22166914.722238670650478979092
2025-07-11,21984352.686611532626821547156
2025-07-12,21888261.5826102276244032486782
2025-07-13,21909516.3894685413975446656278
2025-07-14,21842970.2360969098391860945952
2025-07-15,21749986.1667481167636777553824
2025-07-16,21875589.755206261630918352064
2025-07-17,21895941.301365343129799729592
2025-07-18,22122053.32175997954925195404
2025-07-19,22015116.449704184110952008482
2025-07-20,22018709.344189435785826878336
2025-07-21,22236513.2168740585160153425695
2025-07-22,22475741.3180544962050039276344
2025-07-23,22387654.5882382943076436539414
2025-07-24,23132320.4961991624605272621132
2025-07-25,23071602.3118708061959186932272
2025-07-26,23133000.271398610512389546754
2025-07-27,23141160.492031667687704946874
2025-07-28,22429082.388438381607235164742
2025-07-29,22806945.0198222509785853784352
2025-07-30,21363947.362805789266447953724
2025-07-31,20734645.4117382839551040402936
2025-08-01,20390026.9803221890914315436584
2025-08-02,20144746.5527902394648205384082
2025-08-03,20070796.9435477222261737047084
2025-08-04,20077479.2099302212075490950081
2025-08-05,20095957.430735912357944854288
2025-08-06,20320630.4796757945929095786779
2025-08-07,20153104.2318631938491245080948
2025-08-08,20157568.9844827234753023411261
2025-08-09,20160444.8909335687898928578616
2025-08-10,20149992.4151567867185268958667
2025-08-11,20039272.1915596812415336065676
2025-08-12,20254170.948228923264424434114
2025-08-13,20256591.1638618427835543084685
2025-08-14,20014902.6991085903686222949703
2025-08-15,20233014.129677372965582779697
2025-08-16,20195966.4116612304008431249386
2025-08-17,20239059.6884089224726068082477
2025-08-18,20084344.3504423338902348123874
2025-08-19,20153958.958624240409526998816
2025-08-20,20159134.0877782010801867850684
2025-08-21,20090702.8624282190027112995466
2025-08-22,20364298.6649303302663479270315
2025-08-23,20166685.6489527382203165277208
2025-08-24,20212080.4774398175490366026576
2025-08-25,20048525.56803462152297027931
2025-08-26,20316431.9904453227320416188768
2025-08-27,20295362.9114073953051671424728
2025-08-28,20469092.7194589001770817874964
2025-08-29,20449403.8153682118362403177456
2025-08-30,20476669.4814836857405224705239
2025-08-31,20446969.0707562319722008334525
2025-09-01,20416152.589198432299620355186
2025-09-02,20224855.8635052348921705869064
2025-09-03,20392207.6780143518423206387384
2025-09-04,20351051.240600140869814697543
2025-09-05,20419264.1438532631078693969325
2025-09-06,20189654.1198871448363186798925
2025-09-07,20284807.3052404646875532965392
2025-09-08,20036443.2690628718435018944436
2025-09-09,20211568.458273077215919325698
2025-09-10,20318571.9674566871908258145025
2025-09-11,20357498.7125289206891252095328
2025-09-12,20625463.1208074015634039453228
2025-09-13,20353463.3390582551221160325433
2025-09-14,20266299.9960076308020884398891
2025-09-15,20477250.6428443495607437452048
2025-09-16,20508315.0565502671119119879793
2025-09-17,20338071.0989454760343245555806
2025-09-18,20248056.5953009338784519186452
2025-09-19,20274086.4014403072311994748859
2025-09-20,20402874.2121800465821678278097
2025-09-21,20375006.768656269894298554489
2025-09-22,20494490.9129154479231679080763
2025-09-23,20272787.5984551618651572746413
2025-09-24,20079915.1831604363183227322202
2025-09-25,19771998.7745579577291224589075
2025-09-26,19967993.2004653442213926351824
2025-09-27,19874923.1183233572075693114166
2025-09-28,19965818.112003755113664337908
2025-09-29,20194599.3192058182632413946397
2025-09-30,19961697.3880465150927978061523
2025-10-01,19869411.03340268910796494475
2025-10-02,19846430.4288300386243817223318
2025-10-03,19871811.972978421461225234847
2025-10-04,19778844.8999090982491944680481
2025-10-05,19863176.8320173348446676894608
2025-10-06,19787156.7161817304482788593235
2025-10-07,19739681.543164061591678765617
2025-10-08,19750662.0509097516375489740799
2025-10-09,19995444.7621976992786423622379
2025-10-10,19836271.4673226213665329573184
2025-10-11,19930748.8514027937965469643928
2025-10-12,19706246.5394939543480991634659
2025-10-13,19609225.1397811549274888742136
2025-10-14,19587861.217436860400603058609
2025-10-15,19612477.129526931015921076984
2025-10-16,19545254.8853377225954571571128
2025-10-17,19434094.6675754732495665766881
2025-10-18,19414217.127611169190124006922
2025-10-19,19517663.3903022075103784315136
2025-10-20,19477624.495839737618741353143
2025-10-21,19368861.2015219373623851409192
2025-10-22,19486128.0714523906412053242404
2025-10-23,19470876.6492307611648960105114
2025-10-24,19460402.1928512456160422916866
2025-10-25,19515294.252534305430325912266
2025-10-26,19429827.9326166625232141131747
2025-10-27,19390022.61422006326807774945
2025-10-28,19352523.1718042649547137194298
2025-10-29,19242109.608047185659280269096
2025-10-30,19406961.0652929464656013696382
2025-10-31,19472942.7456370231682388679892
2025-11-01,19527135.1040747287409837965056
2025-11-02,19521338.0522409643711375910453
2025-11-03,19547710.4974417038676968591639
2025-11-04,18564561.8800555950934510060598
2025-11-05,18653490.3022852298376502407088
2025-11-06,18702755.7579662968932425072826
2025-11-07,18664169.4288478575886078294739
2025-11-08,18628854.954865539116361268087
2025-11-09,18537508.8047675297705563968908
2025-11-10,18472408.390717493414116909712
2025-11-11,29595042.4543775935818601306476
2025-11-12,29642936.5221595076803132877277
2025-11-13,29846529.4218080272039740001572
2025-11-14,29723839.8739228116330690457725
2025-11-15,29734762.4222109259003362573444
2025-11-16,29767853.1700991593519867351208
2025-11-17,29688526.9856413950064008802812
2025-11-18,28452707.161752556331846665556
2025-11-19,28244484.5588111023264667788325
2025-11-20,28091377.2108861300792138666524
2025-11-21,28108082.301738334147561811894
2025-11-22,28090220.9180942225253855677356
2025-11-23,27962803.5733708292167542911402
2025-11-24,28154285.41480877426914113516
2025-11-25,28278050.1845661979881275550864
2025-11-26,28328500.9586735676567127241684
2025-11-27,28121754.8156544948645384284202
2025-11-28,28195315.6649430537812478364955
2025-11-29,28217560.503503501050908519582
2025-11-30,28175437.022859490732688357607
2025-12-01,28265199.767217134398389448158
2025-12-02,28309625.2785866453049532211012
2025-12-03,28376752.1373973883739348556974
2025-12-04,28296882.9828287087633584047874
2025-12-05,28243002.8218320287586411716854
2025-12-06,28332470.4759668059474522247607
2025-12-07,28314830.4710479284389045311488
2025-12-08,28305315.6959196649082922461955
2025-12-09,28204956.0447097469387975084036
2025-12-10,28406896.8336441864386882996724
2025-12-11,28399481.0172789683328434497424
2025-12-12,28477417.7562508299601705095528
2025-12-13,28472624.0129791877561205714
2025-12-14,28446105.6579524044195223042285
2025-12-15,28490072.3051740058966241617412
2025-12-16,28568369.1753220368538677172803
2025-12-17,28515732.9028458531283060600477
2025-12-18,28302788.4358251732062479576317
2025-12-19,28496716.7502611920411263878136
2025-12-20,24912067.469120693785408414881
2025-12-21,24874642.7341398867076440230713
2025-12-22,24932764.3800997490586294940076
2025-12-23,25016004.7122709857840099473696
2025-12-24,24984249.1214030795957535232539
2025-12-25,24980678.4566325341762733284276
2025-12-26,24960715.162567826497980596325
2025-12-27,24952989.5754158267173841637462
2025-12-28,24977460.8941161663340960048111
2025-12-29,24944988.608098521587910023368
2025-12-30,24949422.6071995771210674932777
2025-12-31,24851962.9685112440215306497759
2026-01-01,24927938.4572803625635306589346
2026-01-02,24860818.1861806139479287445671
2026-01-03,24772050.3006538547484381183818
2026-01-04,24865486.5981186995657399957376
2026-01-05,24876761.7863830187716785904162
2026-01-06,24960753.5295600605113821980472
2026-01-07,24776567.046145780416567432415
2026-01-08,24769378.0892925925828877492189
2026-01-09,24717645.3066464878041676676106
