time,CapMrktEstUSD,volume_reported_spot_usd_1d
2021-10-08,14084657.573003835921007045188,964206.002444165
2021-10-09,18851725.67460901621466748317,429726.704756112
2021-10-10,46101544.56746989020307687194,6275275.92341489
2021-10-11,50785816.999156531135279768794,11421048.860854
2021-10-12,66177956.40087950733618106778,5979505.14995415
2021-10-13,54114425.850131492677533243584,3205212.01539724
2021-10-14,47255267.62354578206401977791,1692139.76057435
2021-10-15,52785792.60626112037599103444,2041005.03475528
2021-10-16,50878235.766077628340497416302,605469.180989806
2021-10-17,50075711.855766284497375544426,648902.372875141
2021-10-18,50101913.747151656882649053232,985074.878621687
2021-10-19,55578275.6705686160543806067,2259144.59770417
2021-10-20,64500720.30439888187931257384,1252751.44599657
2021-10-21,60368463.07749501394643258654,1294104.90188125
2021-10-22,59110949.99878014045347679872,847749.065054872
2021-10-23,61158593.88993832769948605102,499623.689758127
2021-10-24,57358127.394307960816518097,541264.230977566
2021-10-25,55543893.733425195884934668478,562096.9912036
2021-10-26,50136653.231075756556172883488,851047.897534632
2021-10-27,44728625.141942707172188078664,662053.326875969
2021-10-28,47271696.84025027379498569288,1257113.38895428
2021-10-29,44455085.34473959393621586875,1087564.49609488
2021-10-30,51374823.399537702033658276924,868587.81470069
2021-10-31,52010314.370731423732758612082,952730.335244023
2021-11-01,46656935.40055141101238164378,457075.720053934
2021-11-02,42070541.886397863383862987292,1277563.86612081
2021-11-03,39661757.973982329134654252562,3445427.44495697
2021-11-04,28956456.998820152828184219152,4688849.61402958
2021-11-05,32421839.17838776564219581974,4814385.27049178
2021-11-06,30366496.810875398798892000888,634198.599986115
2021-11-07,31433579.831260020212676646832,421256.076380445
2021-11-08,28655131.54961065582229806648,506266.429126199
2021-11-09,25233881.193365518588075864948,985561.219169671
2021-11-10,24326428.01794321965121260568,464921.200618603
2021-11-11,25114433.02894188491892790181,368935.660296105
2021-11-12,24994435.01555878705291921576,2709668.28103215
2021-11-13,33049035.354604745630382815622,1080983.89177337
2021-11-14,29282523.046015321497064066718,583851.286242249
2021-11-15,27773291.904052691460714217772,559675.788384768
2021-11-16,24883576.250332084614845040728,295121.395618343
2021-11-17,24892680.75652799150502334822,2375586.82781771
2021-11-18,23871068.604844221193054041476,1226185.62789707
2021-11-19,24926685.409265917922856541806,1230282.6400087
2021-11-20,27655569.299132590825106815396,340538.466660814
2021-11-21,25444340.049075130972574533692,456093.75647197
2021-11-22,24986694.254917942642449171468,3328130.65216372
2021-11-23,30374020.07763548019224909886,4500026.39568668
2021-11-24,34703717.345872712449245,4341121.76667758
2021-11-25,41204569.10295650467458,2986678.33132328
2021-11-26,36532677.010795174185515,3360950.80886504
2021-11-27,36689840.699633337665085,1590352.95958134
2021-11-28,32954953.13280894259144,2984567.36061531
2021-11-29,38425914.018945967254615,5428738.02187988
2021-11-30,36971993.829339099634835,5634903.43088606
2021-12-01,46715169.3501173794641,5555250.63214776
2021-12-02,40059243.104893335698985,3968213.35172353
2021-12-03,39050454.366366871761195,3403323.60874049
2021-12-04,30348188.3681074745367,596477.273592921
2021-12-05,32011919.51150091885012,3424327.6398195
2021-12-06,29686056.30420427648425,3425471.50015303
2021-12-07,29163498.93176463973068,1899867.89380776
2021-12-08,29066079.73554292398696,4450664.99800342
2021-12-09,27375498.55276340626053,5786356.38611707
2021-12-10,25477035.17136761592225,6602880.91433175
2021-12-11,25938595.86454623774504,3585603.32300731
2021-12-12,26817052.11408301217346,3610655.44172804
2021-12-13,27203137.86258856514667,2608304.12253103
2021-12-14,26080230.77726999828076,6280181.45149401
2021-12-15,26305676.62844559994446,6426908.01357871
2021-12-16,25446620.69015754527925,6573501.04262572
2021-12-17,24335366.72967517282896,7504780.61965678
2021-12-18,23628582.34271672842467,10480518.0701677
2021-12-19,23458614.67527382471701,10122981.8816022
2021-12-20,22245576.85152541717227,6062351.75880253
2021-12-21,23034290.45502160318296,6882866.95847067
2021-12-22,23120171.53411901202207,11183838.247524
2021-12-23,23090349.73531729463772,10835783.9613381
2021-12-24,24057496.54055665189116,10188555.6294875
2021-12-25,23791479.43978816714278,12745176.469082
2021-12-26,22955129.47597018897473,10238264.9965565
2021-12-27,23202527.14610490175974,10540116.0067897
2021-12-28,22419380.05983131650875,6359825.60334318
2021-12-29,23045141.51388756750768,8205548.88833157
2021-12-30,22398282.55485304537095,4743533.9633656
2021-12-31,22573981.49717644495872,9031644.35023749
2022-01-01,22127793.69196061613903,3206604.51494504
2022-01-02,21436331.59215806267625,2378906.50176973
2022-01-03,20411985.23583954372402,736180.816638735
2022-01-04,19730330.60789484598101,369379.98886829
2022-01-05,19035843.62597382074697,3228196.51275829
2022-01-06,18763812.87688196305344,5100850.13439672
2022-01-07,17936406.54704989947549,4499507.87503574
2022-01-08,23790715.50698355805524,4010187.16509535
2022-01-09,21685362.56191708471911,4132777.04180088
2022-01-10,23230490.35254582799731,2238668.53718346
2022-01-11,31335922.42229732611188,3772208.06197772
2022-01-12,30887364.59597655198051,1276953.93674535
2022-01-13,29267540.02020761894223,642328.434548054
2022-01-14,29516689.24202151160353,694417.931116017
2022-01-15,31452085.21672381091823,526460.751928381
2022-01-16,39664853.91014329888893,1739840.19083039
2022-01-17,36095336.56856910063714,1952855.61973082
2022-01-18,34857471.76091727555519,1526078.90017314
2022-01-19,35101169.369984383711334,1259357.91790137
2022-01-20,37340820.687408506733822,1449425.02090748
2022-01-21,29849346.91636273567411,1095049.80150724
2022-01-22,27180057.198120615926934,915216.33046705
2022-01-23,29596252.17844168074847,925606.976039343
2022-01-24,28527396.60210947576761,933089.845962436
2022-01-25,29125111.30618596612112,1164546.20706321
2022-01-26,29596324.358169158704806,1960503.2765422
2022-01-27,30234437.051971659152828,1907014.66624865
2022-01-28,28585298.460518202716106,1747061.10277789
2022-01-29,30530400.98179065250688,655334.535242848
2022-01-30,33820243.483887615568032,1284214.64454008
2022-01-31,35294017.221783086798526,1118461.17399762
2022-02-01,34992580.671027160468078,1378505.29996716
2022-02-02,32064759.82766929885152,1836672.17347861
2022-02-03,30479920.20147815882262,1303657.79012835
2022-02-04,33112357.863527208320906,544399.882944235
2022-02-05,33228277.090875712101472,339315.304556145
2022-02-06,34847440.465389559914236,480883.209415804
2022-02-07,33894890.381811456479222,514683.122251479
2022-02-08,31697898.696564692295032,582057.548713791
2022-02-09,30757583.725327242886632,654579.80720776
2022-02-10,29258217.923586548402048,580583.370619449
2022-02-11,27881878.004094914991522,547340.031377055
2022-02-12,27641981.80541395717614,354044.377451124
2022-02-13,27556968.146816884907198,305142.767383684
2022-02-14,27269976.389169739432562,445508.200743224
2022-02-15,31901564.652123990855524,795794.871057945
2022-02-16,31027450.541416800253634,515778.643953897
2022-02-17,28832214.04175602424576,803743.461712092
2022-02-18,27764214.648392252760656,496642.758607428
2022-02-19,27014705.91649871260493,502195.950895531
2022-02-20,25292017.26866497380354,548070.482180429
2022-02-21,23740616.335039799275128,712219.431222331
2022-02-22,24735646.508887261794806,719338.752459222
2022-02-23,24048040.275677227494972,796726.354933755
2022-02-24,22830544.831699050243562,882632.075431295
2022-02-25,15493679.09821261789314,625877.420923172
2022-02-26,16714493.55054563923889,1023908.03486267
2022-02-27,14816965.688199125894106,406427.318822975
2022-02-28,16089774.044806971014286,422947.523301568
2022-03-01,15914313.600707135368962,466502.784216401
2022-03-02,15187607.401763096480778,502957.442737318
2022-03-03,15982370.456536647414542,394311.171500339
2022-03-04,14961734.530476696069198,343926.171034972
2022-03-05,14867691.44600654297632,362061.308092805
2022-03-06,14032143.973038308869474,400761.614548789
2022-03-07,14324012.592996801424304,452788.370418396
2022-03-08,14145209.013665658327476,377916.943461998
2022-03-09,14565515.382306335197174,425306.400004881
2022-03-10,14305194.3197378620227,369410.792072257
2022-03-11,14113291.693006486741022,422184.935880352
2022-03-12,14084746.938529976681476,261913.240647376
2022-03-13,13965129.644938641025262,341420.58199388
2022-03-14,13857327.184669925214872,450947.541693634
2022-03-15,15938624.644588824922376,719693.117058588
2022-03-16,15914390.661741870665756,595344.773435966
2022-03-17,15687422.720050116309016,457342.248006307
2022-03-18,16344380.2232296136304,488424.636947979
2022-03-19,16586627.141414556645946,480641.563095538
2022-03-20,21869168.368203062434334,862521.842383379
2022-03-21,25563660.114529968438472,1857028.95621347
2022-03-22,28412285.619561312157394,2124166.00233835
2022-03-23,28511969.347770780502636,1014196.61071587
2022-03-24,27066055.537993112565612,1076647.52383399
2022-03-25,31238688.434540911959472,1045665.47190379
2022-03-26,30338859.705663221383722,1056229.0448168
2022-03-27,28497695.289433215751128,649048.416315352
2022-03-28,29529127.06491431584392,758650.98811642
2022-03-29,28170233.060092676767878,703241.678433098
2022-03-30,28116854.706809806236334,813894.047276517
2022-03-31,26501916.2586692995342,773554.112313506
2022-04-01,25655564.948766957725342,764335.392409426
2022-04-02,24459279.040202077969246,735860.694477445
2022-04-03,24573306.46972070393043,746178.13597482
2022-04-04,23496626.591583385564168,650422.546369553
2022-04-05,23340945.72754800765254,671220.94911672
2022-04-06,22894454.372998714534924,728000.670326178
2022-04-07,23210475.337610865399232,1340346.62681759
2022-04-08,22854486.723692815401426,773066.275787323
2022-04-09,23525335.145009216076656,633787.79593636
2022-04-10,23208698.858995412058804,733666.288701768
2022-04-11,21144123.445026801167014,724559.088717391
2022-04-12,21874430.858354307279812,593255.93089878
2022-04-13,21889620.209966151705844,654552.493271887
2022-04-14,21762808.590884699552434,1178354.53400433
2022-04-15,21863148.148826797246746,1238967.80644399
2022-04-16,21313067.593066341033412,782175.272078178
2022-04-17,20907272.592997959095536,657860.81270123
2022-04-18,21029820.515174848416132,811626.536360607
2022-04-19,20725243.08937491853105,1060492.7417872
2022-04-20,20932552.537480440471118,2032415.57203927
2022-04-21,20742804.024712368740582,716594.771417683
2022-04-22,0.182231761314722112,632130.258758419
2022-04-23,22964934.75007396122583416,507237.399398507
2022-04-24,22851242.35524400963676118,545886.436833738
2022-04-25,22668698.85813835080066987,817565.220978818
2022-04-26,21992175.83183432448823827,665590.344831565
2022-04-27,21965894.93774063646185442,575115.128101547
2022-04-28,21503729.65042808830635099,613521.649358268
2022-04-29,20645947.38071665649095743,561571.758022253
2022-04-30,18914062.2457874330936097,442408.579943619
2022-05-01,19211139.18470638327986864,422930.72402386
2022-05-02,18865962.4751458129787832,379937.785989464
2022-05-03,18863468.29530557414259561,529523.896368275
2022-05-04,20145141.55692156665619123,746482.254765694
2022-05-05,21962763.14793766023822531,1221155.03344672
2022-05-06,22608012.202715687458107,1731960.19796747
2022-05-07,22231905.08713119656261577,1028441.51877948
2022-05-08,21411408.50536497502646508,1066519.01861204
2022-05-09,18765500.52477154356179799,924466.209392385
2022-05-10,19257066.84767754673490748,859155.568086247
2022-05-11,13522997.77021411153476546,1140059.57947154
2022-05-12,12021063.44441172180089121,608551.028489872
2022-05-13,14205826.46531642771400702,756362.704663971
2022-05-14,14039590.65985455445968831,772045.41490462
2022-05-15,15401119.6489891448911062,757900.445370199
2022-05-16,14647490.85683239465397376,721335.247440258
2022-05-17,14280749.53738730502441345,539760.21523151
2022-05-18,13775396.80628151560994288,338805.507566206
2022-05-19,15406178.85578898436811775,525920.836697131
2022-05-20,14330720.7660599425991109,644284.999064323
2022-05-21,15217195.60994013285133437,546444.92388786
2022-05-22,14529371.25579331843129944,587428.855237587
2022-05-23,14618414.72447096614820805,661417.440234382
2022-05-24,17253560.53509198080835273,1037521.1529565
2022-05-25,16281033.41386339568928858,970261.540593472
2022-05-26,15257840.41878880208992434,1016478.41159896
2022-05-27,15234399.3245204446292589,904404.09903526
2022-05-28,14442593.52244905093743118,861989.74650556
2022-05-29,14028621.74872926570679317,844850.81560646
2022-05-30,14427580.11438132109216233,822927.35241773
2022-05-31,14589814.53333611892023079,808809.160246886
2022-06-01,14017292.77794168392634126,699577.599711907
2022-06-02,14118560.64056053779411576,659186.337950041
2022-06-03,13813649.85531027403547013,709780.982007414
2022-06-04,13822304.75830778419887597,647879.389170686
2022-06-05,13700815.426868521569027,658197.711789998
2022-06-06,13739349.83050769700705153,758954.049821762
2022-06-07,13918668.54452951320532619,712789.134006188
2022-06-08,13783354.67668666843298193,625432.113033059
2022-06-09,13736942.0319834287005839,744164.15737985
2022-06-10,13375692.32491551187131414,941944.228181016
2022-06-11,13011489.13928951130907452,784389.014698134
2022-06-12,12325211.80435234722718449,662067.321025266
2022-06-13,10060030.19010168580245252,824848.317757639
2022-06-14,10418121.92563228511865042,610895.879815087
2022-06-15,10734205.31856730555320369,627824.806258442
2022-06-16,11052754.62970664279641374,711977.406363571
2022-06-17,11465814.38795954206071795,715620.018604168
2022-06-18,10459899.28325401067284626,743073.477779746
2022-06-19,11287017.80246313031770525,689420.022642818
2022-06-20,11578420.04738311905747162,743925.321653758
2022-06-21,11720807.40722488978489152,833183.252428997
2022-06-22,11490260.97900563275597758,779883.454261376
2022-06-23,12289878.05265487756476843,771691.26486884
2022-06-24,13067697.90944855036937942,901562.360054985
2022-06-25,12955480.19897589840131274,832832.573335326
2022-06-26,13114895.40091722715483317,821935.255400649
2022-06-27,12806416.45753949606286549,767047.50451964
2022-06-28,12610483.86771103889570343,893029.372628301
2022-06-29,11965118.43430021386016539,904083.774353443
2022-06-30,12039319.51674080017042443,881457.677520189
2022-07-01,12317473.90974451014743253,862346.974949689
2022-07-02,12251515.90435573910336544,853812.208430349
2022-07-03,12107361.52542783884422878,711887.193840076
2022-07-04,12731143.96082921702933997,676058.827813117
2022-07-05,12271708.78438543426192923,872749.49794002
2022-07-06,12419946.0599057180850576,910891.567914259
2022-07-07,12233053.20137320865302896,1040195.07173217
2022-07-08,12063697.18399820983640871,820421.427325874
2022-07-09,11716995.91472218112032251,928400.088623891
2022-07-10,11656965.02787241471833795,819933.349952177
2022-07-11,11489965.09345708313298204,647274.284691463
2022-07-12,11043314.74028298041984601,498564.987359186
2022-07-13,11166220.05345306312549801,691885.931468892
2022-07-14,10920741.22604792460515553,822998.645310322
2022-07-15,10974693.36657746031803133,828062.487217875
2022-07-16,11279451.9371583258577131,771004.576641408
2022-07-17,10865741.17322571151276323,692562.339832811
2022-07-18,11041190.81656455070898364,796376.680785373
2022-07-19,11367971.71901077168294134,871898.919068945
2022-07-20,11334974.3947191959574801,877121.215004808
2022-07-21,11093154.3756925945110321,814143.312169237
2022-07-22,10991718.71390923341387399,834155.555249132
2022-07-23,11048975.07800148876594246,677102.046204526
2022-07-24,11174805.19008039016490907,666734.748716081
2022-07-25,11025901.3435305399834033,809885.317146146
2022-07-26,10779116.89573756948003932,734988.483971078
2022-07-27,11063806.71440360607076209,693473.226373444
2022-07-28,11132797.19228264722385337,476660.691178025
2022-07-29,11361298.25907610720026093,432841.199953418
2022-07-30,11089789.79120523351853212,371845.554757147
2022-07-31,11185607.70427837666545711,378033.707924063
2022-08-01,11238450.03603599709064812,370727.348030059
2022-08-02,11173618.31365777922065746,422518.423397069
2022-08-03,11183484.98105660776677834,457966.145963654
2022-08-04,11138495.36521508450082921,326727.15531597
2022-08-05,11245083.27042843667633518,415687.240458493
2022-08-06,11327970.6633365514906171,482010.35140549
2022-08-07,11406715.98723438311895177,404464.116168981
2022-08-08,11609045.64064607467654155,486406.217451557
2022-08-09,11471835.41115300066406704,452440.74684591
2022-08-10,11614492.55528169009797418,388073.391945736
2022-08-11,11596259.76925756846581261,433746.370286932
2022-08-12,11633902.84823994134158713,460057.941199798
2022-08-13,11770383.17433242049683685,498723.99271549
2022-08-14,11870820.71000347828978389,388150.954287475
2022-08-15,11786829.09143688263226531,390107.444090092
2022-08-16,11675994.16971722245537788,415033.833367155
2022-08-17,11442497.49967424751500913,407485.334039128
2022-08-18,11321316.42387708636494187,339304.205191886
2022-08-19,10651849.68990983299645656,382368.364129783
2022-08-20,10225271.50643112877058379,380355.735630523
2022-08-21,10381519.75001354872437237,346219.938205789
2022-08-22,10309012.43242901550340248,360069.679647773
2022-08-23,10230966.22363957540528431,330987.603291434
2022-08-24,10134973.09707022511525271,258637.643304934
2022-08-25,10003935.96587825528776014,352769.242996823
2022-08-26,9344078.34325390487701035,439308.529362936
2022-08-27,8882318.59795280916869478,378801.846223969
2022-08-28,8949999.91512397561214871,340979.443076385
2022-08-29,8938236.92704859459425818,286859.945870724
2022-08-30,8943268.84143179819480547,301185.48316862
2022-08-31,8835363.33435766528936347,327794.993866239
2022-09-01,8682569.08157181477964575,379002.007555015
2022-09-02,8747106.38289010525355847,200123.231020372
2022-09-03,8961433.10107018537850526,316450.338694168
2022-09-04,8843471.66821760499621261,317561.849851615
2022-09-05,8822526.91606793540814882,343107.337995035
2022-09-06,8601054.95495485935530196,402152.907616637
2022-09-07,8837183.10735119037656958,431898.618562766
2022-09-08,8781141.44073464787837984,370151.435201851
2022-09-09,8963514.5092817638048176,410447.194324125
2022-09-10,8810703.55451577944806584,380499.860835468
2022-09-11,8705336.46278887057107072,354002.224749094
2022-09-12,8821119.11388114133312521,345214.79450524
2022-09-13,8709095.05917068526209406,373953.002609762
2022-09-14,8767710.99817679084226537,397157.61661065
2022-09-15,8365535.55444736062737367,349244.092470817
2022-09-16,8825782.71088198610311131,581794.119600457
2022-09-17,9324031.08041264632468092,416560.319131236
2022-09-18,9334661.45986840112305623,403332.259768172
2022-09-19,9703532.92320680059517889,438763.472838037
2022-09-20,9654317.05797931523526705,591956.715944106
2022-09-21,9196708.28590685981335992,514583.623745906
2022-09-22,9351184.97893484362957941,450290.602978017
2022-09-23,9342817.40091604717615806,472747.923050504
2022-09-24,9857784.86984095406943039,483563.78168236
2022-09-25,10454711.12016386978667312,589916.404897559
2022-09-26,9804758.4052623289372833,613686.712589588
2022-09-27,10019530.02749141116800291,456679.431133359
2022-09-28,10056757.20527810083173666,415476.207818557
2022-09-29,10160760.1519499096546001,431493.886430791
2022-09-30,10283994.54296778047643735,442520.806847934
2022-10-01,10096787.11215892354799121,492031.676210785
2022-10-02,9990051.69567698968153026,483699.084418231
2022-10-03,9988818.37977234796243554,388576.573298037
2022-10-04,10784156.9375965093399782,615893.274197584
2022-10-05,10416361.06428896107746945,707570.16774948
2022-10-06,10043418.81945505550592183,679191.776923572
2022-10-07,10223339.53593801866040393,723867.992213494
2022-10-08,9757450.95294053032938852,464886.351873958
2022-10-09,9852137.38296592088449917,540770.881623295
2022-10-10,9574536.13875754909306944,512149.921410454
2022-10-11,9554043.68735830651766985,549624.016953669
2022-10-12,9588482.02812293507486634,417537.556737901
2022-10-13,9080282.9693108184732381,481163.134748364
2022-10-14,9290944.40160169282568541,816596.321439422
2022-10-15,9205780.22967425315116227,424279.529751963
2022-10-16,9221447.41933250574640032,626043.522519364
2022-10-17,9172930.01640328511239497,973817.834492487
2022-10-18,9039400.75727293813299807,903608.493767217
2022-10-19,8845615.70310593498813295,721446.480594031
2022-10-20,8934373.72150432131306813,783040.901230896
2022-10-21,8661494.0364983752376889,613890.433428998
2022-10-22,8659274.89636114537725399,575866.493011157
2022-10-23,8663938.97018961657203856,594776.476512333
2022-10-24,8891546.17169748570460086,692096.568561913
2022-10-25,9197953.6436150949281142,742885.591438946
2022-10-26,9379611.37148304288171954,676370.023616113
2022-10-27,9155045.34400216963622622,744450.735505538
2022-10-28,9160608.26098575980180412,778961.032384978
2022-10-29,9261842.52011855985335157,653070.102001389
2022-10-30,9235186.62521637311824845,574668.45175015
2022-10-31,9570938.45554195316316294,520397.371666903
2022-11-01,9315745.24163217587623488,421297.938540284
2022-11-02,9192652.25615852696897112,320154.184254596
2022-11-03,9207796.74877780090656141,315330.724671047
2022-11-04,9183426.4428181187309934,450752.461974574
2022-11-05,9261929.70415524877163577,434586.535062801
2022-11-06,9284856.35664187604950332,316078.332220951
2022-11-07,9175504.93640903872271283,688124.673471315
2022-11-08,8311214.41078699855222776,899944.727045929
2022-11-09,6808760.863368640599511755,579717.517536891
2022-11-10,8122834.24497753641284446,501630.842387996
2022-11-11,7563709.44201197618129835,281689.439779007
2022-11-12,7435619.20682690197045677,336825.69848205
2022-11-13,7258106.50647300960287304,403996.667332598
2022-11-14,7333363.17768381923106603,482238.151444926
2022-11-15,7381742.59722876933427974,467894.862780974
2022-11-16,7504739.66809902948891171,376465.851342692
2022-11-17,7271960.23243025538403548,465395.453569081
2022-11-18,6762129.693805922919860259,552544.126626014
2022-11-19,6686275.60452087857028987,477057.062961933
2022-11-20,6531896.147606464742159442,565643.985905456
2022-11-21,6391931.644554701792680692,489002.670455508
2022-11-22,6845863.743695678995716219,603600.632296645
2022-11-23,7204672.578892830996880308,607490.760275047
2022-11-24,6836702.048303864616260169,447591.940802006
2022-11-25,6802747.931803623507334566,489651.480786025
2022-11-26,7126164.238113179771356749,525474.927335025
2022-11-27,7012368.540283684629693684,451444.202656593
2022-11-28,6660399.802071367774079061,407293.417968416
2022-11-29,6876729.844497432907528887,410218.513790614
2022-11-30,6894301.366037668033669188,455567.025376996
2022-12-01,6919388.273840180135363088,276097.362054051
2022-12-02,5882617.37523748847729334,654270.308764886
2022-12-03,5886328.604745280067555646,286916.172063706
2022-12-04,5871170.706276688146700956,335622.051015362
2022-12-05,6099607.970901126230380242,439227.080890262
2022-12-06,5916131.574962416014879018,407635.340595718
2022-12-07,5852440.689529554095433018,392520.586944374
2022-12-08,5771529.474096595882702119,386270.965190972
2022-12-09,5757479.586370984941152145,327498.220879404
2022-12-10,5715812.582796257254089921,293341.53084406
2022-12-11,5672393.562052502995863387,517786.414586452
2022-12-12,5544308.368373007863940603,355915.193706328
2022-12-13,5614602.514284740209248003,269866.540984473
2022-12-14,5728915.795179722968755201,314205.912405364
2022-12-15,5669623.699819214439397176,326607.085487292
2022-12-16,5077055.481339506384448405,352826.295386927
2022-12-17,5117408.505890849068019046,375909.87070373
2022-12-18,5243460.445389735152894238,372020.251841427
2022-12-19,5046780.984664180484205177,341977.063490312
2022-12-20,5126504.667160032023089869,355737.210571403
2022-12-21,5133021.372526661676288201,409121.644852448
2022-12-22,4879602.061740248268673323,396544.350270738
2022-12-23,5013974.948139349634131572,354285.934849395
2022-12-24,4943327.986241333945507148,396004.325869911
2022-12-25,4931832.528121435592487177,374564.594162094
2022-12-26,4977639.17584045496567634,380754.426752874
2022-12-27,4965666.831900649593686574,347364.335209159
2022-12-28,4912839.395992426707892881,394596.87655458
2022-12-29,4882524.971870751971143482,355140.395510253
2022-12-30,4783862.8104046157899902,287540.68454086
2022-12-31,4923442.894145481294389916,307621.52082905
2023-01-01,4901172.61916067626966235,364516.439796826
2023-01-02,4872133.197664846967612229,408045.969064982
2023-01-03,4811429.488496236489686465,396074.122424514
2023-01-04,4793819.610239592653667477,406230.520724067
2023-01-05,4764433.116632260553065413,401952.212428063
2023-01-06,4642459.26862731661220535,290705.78392347
2023-01-07,4632219.309907299645148002,335269.333220198
2023-01-08,4766201.775899699056881858,375180.103024816
2023-01-09,5059801.282055249011069677,322409.532216574
2023-01-10,4990940.3079579985902801,225193.631549848
2023-01-11,4892914.052563533107917806,352887.783503732
2023-01-12,4934823.71318671626141651,308406.074415816
2023-01-13,5093596.964548896150165342,399294.662580921
2023-01-14,5339829.606869319403514313,249781.698209259
2023-01-15,5239366.572594197912858508,313821.260840484
2023-01-16,5159054.669180104696812546,337801.214176673
2023-01-17,5090915.030684197782637539,418499.306709287
2023-01-18,4990563.08349636609175764,454554.693604899
2023-01-19,5029204.858317879590591886,456924.480065219
2023-01-20,5166971.896611653091440634,445439.014695619
2023-01-21,5223919.054819230278003565,399323.779174914
2023-01-22,5209385.369957298949942302,349553.148886521
2023-01-23,5113858.124667835627122666,356302.989572842
2023-01-24,5011722.585853528007956887,344896.610813429
2023-01-25,5131106.300663238993785262,361997.27768089
2023-01-26,5001146.811332553465122307,345095.026375254
2023-01-27,5071658.985077784860037681,386650.356516642
2023-01-28,5088378.479083320800362665,365052.21156382
2023-01-29,5089003.168419958176595971,307463.59320015
2023-01-30,4880198.142097795629312552,308937.693512607
2023-01-31,4941901.542002270095735872,376027.717885269
2023-02-01,4870663.634604127220749935,295525.981402807
2023-02-02,4949833.860536969975576181,203537.535057019
2023-02-03,4939816.831456217074062942,237217.923910348
2023-02-04,5124003.510717150566065023,210987.143253494
2023-02-05,5019754.13556418634904426,185467.540817074
2023-02-06,5006502.435798662017683756,219518.970930628
2023-02-07,5027128.490325120766346016,182186.974201074
2023-02-08,4948198.633198802284330011,134681.869918181
2023-02-09,4875596.671689977467093329,224494.419500828
2023-02-10,4733249.490677269547242092,224601.361630971
2023-02-11,4812893.863920646071202515,210584.599076406
2023-02-12,4867671.271795541597411388,180210.203272967
2023-02-13,4657298.434084243698030219,153995.54067178
2023-02-14,4703336.165398116895817004,149163.655565157
2023-02-15,4889470.614989675535265341,167229.114260267
2023-02-16,4992761.959687449797432163,195109.795475298
2023-02-17,5082708.73016743681311852,170094.143485352
2023-02-18,8053047.45255541114897233,813762.135151891
2023-02-19,6576531.258188432845034646,365717.5041034
2023-02-20,6759566.52245020852993758,221373.702737628
2023-02-21,6338765.669604432899174562,167713.052342056
2023-02-22,6160452.734365130196930906,142081.053082312
2023-02-23,6120496.793540709609943776,167693.101521229
2023-02-24,5932552.644973231039355982,152645.223593321
2023-02-25,5694599.353012753208163156,133208.065678204
2023-02-26,6529580.88964856926918041,330515.822549137
2023-02-27,6380272.563362935616019813,124098.236795431
2023-02-28,6065144.590593842520330534,143494.532911063
2023-03-01,6262121.726314073375359617,139197.745243198
2023-03-02,6223223.206043221933817622,160940.671235509
2023-03-03,5981411.18494433447849865,137259.139717697
2023-03-04,5688068.761100114527556067,136085.54449766
2023-03-05,5859952.455886105762636338,136780.822536022
2023-03-06,5777139.983479996620473124,144601.855179684
2023-03-07,5656545.029715662222921895,164051.290341914
2023-03-08,5631445.365141040344912753,132996.900455743
2023-03-09,5393575.739249904196944726,181930.748047038
2023-03-10,5141219.991401353486205676,172699.670526044
2023-03-11,5487452.300310486236930094,153305.826204556
2023-03-12,5666179.24334435217694311,143998.290757026
2023-03-13,5863290.379944053019113688,165147.047922819
2023-03-14,5881307.651084807113757322,202051.76912247
2023-03-15,5490359.433543524574867951,341089.279705142
2023-03-16,5727987.651722227802388411,233749.169739434
2023-03-17,5926902.649580723979948531,230849.93689095
2023-03-18,6205333.578376735851352872,269106.439831445
2023-03-19,6107117.959327690964943291,221449.342314893
2023-03-20,6162157.474181726088863865,304041.278246879
2023-03-21,6002566.084745123020883832,320319.559952021
2023-03-22,5829869.942126568550416504,345165.09925037
2023-03-23,5936527.95216820033478247,306003.479211048
2023-03-24,5804248.071213195707701212,320358.243790005
2023-03-25,5770197.497991298935362835,237889.480635128
2023-03-26,5820587.456428893632271561,280930.084647401
2023-03-27,5542626.605007874305172827,351239.589963354
2023-03-28,5556484.328256619276753362,331664.652009646
2023-03-29,5610268.802546120395004658,259302.742163519
2023-03-30,5458634.873475109070160129,252146.578132394
2023-03-31,5633100.31669630667346654,261145.361089634
2023-04-01,5602181.959923148739009427,284580.621495792
2023-04-02,5511994.006429410145541574,350309.389162153
2023-04-03,5149524.159605977477127421,394375.198286462
2023-04-04,5476898.155857955713115407,299674.691093554
2023-04-05,5315280.552784312843149063,317942.002162982
2023-04-06,5204668.783712486508824601,341162.362196356
2023-04-07,5064546.744044007945154227,309738.166952172
2023-04-08,5013510.808462382509437477,253482.91491929
2023-04-09,5104865.546952573336118371,282256.895481066
2023-04-10,5060110.874394339335208702,332909.502263145
2023-04-11,5348886.822634131252162507,294244.539329783
2023-04-12,5170509.661691087661221028,294802.849928229
2023-04-13,5202395.047487087461059393,224813.363851741
2023-04-14,5190764.167766302846297335,211633.73562107
2023-04-15,5300332.960053535160694123,158705.356243692
2023-04-16,5272707.471943445518682061,161998.210634058
2023-04-17,5224049.071814090805156414,178380.029535983
2023-04-18,5284887.282351330592815435,176429.506112088
2023-04-19,4969261.915652663048393781,155475.144638592
2023-04-20,4879121.146594354203021705,150854.320917658
2023-04-21,4678642.521461014592358993,156221.747348116
2023-04-22,4671883.089108831670158768,138816.182395097
2023-04-23,4781665.770986504463361542,151270.634877804
2023-04-24,4671127.798410057734926128,157003.198124915
2023-04-25,4862459.494071263269475874,194767.995816885
2023-04-26,4599793.394286436917314142,197506.092361869
2023-04-27,4573851.560329417037040441,187359.306366646
2023-04-28,4517144.619286740985963149,216893.951070268
2023-04-29,4529309.554900143709003368,268417.127868526
2023-04-30,4409078.473077779435733855,256849.777969931
2023-05-01,4246396.474020732268807632,208185.805724667
2023-05-02,4236982.423841186829717024,162211.366453588
2023-05-03,3958505.64830013930244062,238947.782618165
2023-05-04,4030176.802352357611107468,258559.40478153
2023-05-05,3929096.840789275084305342,189083.071732644
2023-05-06,3738340.818282128126490831,247421.067722282
2023-05-07,3509697.744298016259126681,232170.806640895
2023-05-08,3172428.967628263282400454,213732.420659027
2023-05-09,3524702.871708931797855162,226942.920848559
2023-05-10,3472953.636734549995843539,206443.124615114
2023-05-11,3236249.756669493876436758,147732.326303995
2023-05-12,3338025.516519787535293656,153270.868908159
2023-05-13,3313530.684082421396240505,126829.207781025
2023-05-14,3288365.86526482657111566,119919.034908378
2023-05-15,3234171.669473017282680258,125818.695376343
2023-05-16,3224310.33707724577865391,127253.092546811
2023-05-17,3137473.048795921379794548,147503.874204331
2023-05-18,3182473.836429141611512938,119883.603795129
2023-05-19,3273400.853466287461220235,115875.263788397
2023-05-20,3213873.561734290113561684,124535.064597609
2023-05-21,3247966.747061800459350648,116239.135516264
2023-05-22,3177195.729104938925197716,113405.65835192
2023-05-23,3168699.652542136352098545,123864.025182501
2023-05-24,3068762.599745040295497696,131135.771420872
2023-05-25,2925765.939176970578053149,115461.687829487
2023-05-26,3051951.948638444630001273,116376.87167461
2023-05-27,2959578.597533610832546632,123909.989134742
2023-05-28,2973950.388358157893482723,92148.614921295
2023-05-29,2863715.792663553333044643,113372.025683059
2023-05-30,2896393.768027059271296192,108073.445644802
2023-05-31,2824783.697093634114076707,162763.278442621
2023-06-01,2616147.139133639138213775,181351.096170313
2023-06-02,2753673.725045971351042569,120101.501244168
2023-06-03,3023852.989015737681226158,165385.639720136
2023-06-04,3084214.851320863540380603,226595.727553069
2023-06-05,2797814.52341227757892987,131491.440476566
2023-06-06,3001746.073214967373826988,137458.196951029
2023-06-07,2861913.982994488692766062,225348.258768023
2023-06-08,2880257.253803567732892081,212801.765797634
2023-06-09,2966380.817622227986011216,229156.483694059
2023-06-10,2603757.949558688318903127,204778.097018194
2023-06-11,2659651.264664877908042172,168749.402566001
2023-06-12,2757586.47639898724581434,170837.589335834
2023-06-13,2689657.298412345341149581,235670.765975052
2023-06-14,2636293.723801600800740841,214173.907183867
2023-06-15,2599530.754110677658578226,191866.352827174
2023-06-16,2654725.559281105801588575,181328.382478373
2023-06-17,2732073.073798272748071582,173934.365589758
2023-06-18,2662816.163947142122291662,222158.897153702
2023-06-19,2644881.735312865557971019,238050.55466973
2023-06-20,2663696.464395660124672797,221053.44707199
2023-06-21,2865855.131389159593590397,232887.896840449
2023-06-22,2927079.184523721567887709,206468.437824397
2023-06-23,2866217.507666222051771619,210574.161139994
2023-06-24,2787857.343917696000136339,227148.648410482
2023-06-25,2816320.576395093724206828,242159.210909753
2023-06-26,2786400.48790003380327468,229367.320917954
2023-06-27,2829207.930938508714032196,216092.025255498
2023-06-28,2761949.846447857668003216,233496.073134527
2023-06-29,2789596.483114035790906077,241526.244184062
2023-06-30,2709863.518770085982774085,208136.69555314
2023-07-01,2749393.567580643545037579,226792.371326507
2023-07-02,2743951.081943519202483489,203436.607344281
2023-07-03,2700702.900989104908110823,229622.939182768
2023-07-04,2705976.744935730356309142,203988.350239679
2023-07-05,2544691.683783031019096403,219761.175380266
2023-07-06,2471563.683992352928702554,230722.576919787
2023-07-07,2508964.421091643450056045,185198.987203874
2023-07-08,2522605.265634361015188459,229852.940223455
2023-07-09,2419811.411838898801244424,218201.860914837
2023-07-10,2420080.205034355504654035,198529.218061025
2023-07-11,2459174.203016369735911977,197000.997333522
2023-07-12,2430010.59552504852462147,188680.173214536
2023-07-13,2487513.157502300825888961,180657.756337877
2023-07-14,2585570.948420443801958265,190114.264053159
2023-07-15,2585145.679657784645262144,175337.54699135
2023-07-16,2609739.583434917626854774,214723.990493954
2023-07-17,2414866.455603533333605584,189440.671641538
2023-07-18,2389185.278542789056061839,227710.989686178
2023-07-19,2350080.726187609115490429,202677.724254105
2023-07-20,2380209.175145653903613748,220902.958222832
2023-07-21,2377078.174805008164817521,218991.18911546
2023-07-22,2427027.802715037436692096,220003.898236466
2023-07-23,2399984.707690744923121584,232085.960997081
2023-07-24,2351520.427960930618563003,186034.055383313
2023-07-25,2331346.965181309486789161,214422.531994892
2023-07-26,2362762.42403804090985645,195527.791449244
2023-07-27,2383207.523412630458809278,145311.029710609
2023-07-28,2365760.388572785703793456,114354.723985754
2023-07-29,2378518.733212060167033267,97527.3736684609
2023-07-30,2455661.887086103297943994,124789.961767078
2023-07-31,2265825.042679991026740705,124596.129105482
2023-08-01,2310569.637000695381351913,136843.884373503
2023-08-02,2289594.803282933593635921,132591.420218682
2023-08-03,2325275.599118182801319901,136456.337612066
2023-08-04,2266690.483714783418807436,148445.770827711
2023-08-05,2281496.458533206798884776,130663.142982931
2023-08-06,2324521.87607044642838331,128197.29973355
2023-08-07,2198336.638275875075409252,134763.943158974
2023-08-08,2228352.858413683105321665,125216.142407853
2023-08-09,2214457.236330499139731512,139559.253691952
2023-08-10,2159590.352521580710213944,138682.429005437
2023-08-11,2137016.232927092444789511,114407.102564724
2023-08-12,2186986.518605563191056244,110049.653536818
2023-08-13,2172585.160112223365468874,123122.599015526
2023-08-14,2180571.538262572148329104,123828.421208809
2023-08-15,2170321.238263633977015918,117851.307768473
2023-08-16,2116163.294480071135787433,132400.10751196
2023-08-17,1973658.167050852980063219,129846.347546087
2023-08-18,1997164.1449200129957888,137264.530691822
2023-08-19,2020167.83667707550401682,132319.762242519
2023-08-20,2066979.619937983393678893,126047.311300395
2023-08-21,2162749.931601641652445821,150891.120735612
2023-08-22,2038035.668602154083123134,129565.342145457
2023-08-23,1961420.00942468114658408,129223.246858554
2023-08-24,1816541.043646323956624727,154476.789899069
2023-08-25,1805864.322421107904444068,145518.653060474
2023-08-26,1786732.085930028789784971,123293.749768628
2023-08-27,1832023.053471827241805758,135912.648334264
2023-08-28,1911709.244093100217391853,134509.54395191
2023-08-29,1897986.150003348257644035,131194.99153248
2023-08-30,1822169.872933226460935148,122715.704343854
2023-08-31,1817079.929510612350681113,124624.943437721
2023-09-01,1754092.796999510243638608,130156.193274863
2023-09-02,1769709.786854774912585694,133143.411279663
2023-09-03,1719897.14907663057727017,121523.013130674
2023-09-04,1712333.481401698011765795,103556.093929395
2023-09-05,1730136.212281506803974209,118130.827450272
2023-09-06,1785866.017899897212373099,138490.050559376
2023-09-07,1587884.965888649314442454,154531.96687515
2023-09-08,1591967.681747576852755368,124944.811919878
2023-09-09,1620006.734232493635501072,106859.390893405
2023-09-10,1653405.445810610579674317,128023.209775859
2023-09-11,1556993.504927954791833336,141367.53649201
2023-09-12,1536519.378990947593634202,134959.578492208
2023-09-13,1579982.404362048856502556,146002.345316251
2023-09-14,1586276.589232849565443878,144516.011256979
2023-09-15,1640184.674002503031918053,142182.854067364
2023-09-16,1593233.63220642738270753,141432.347575465
2023-09-17,1608111.427290453511530378,155568.949504473
2023-09-18,1628205.827764028303369136,139906.569178588
2023-09-19,1633093.658621814646689042,147686.102656551
2023-09-20,1630397.467915388679903684,148992.562767423
2023-09-21,1603249.869984545918200455,139856.302131767
2023-09-22,1594648.235223165698403579,149575.333736797
2023-09-23,1644125.46684237295790265,144230.138123336
2023-09-24,1677191.213775957294263103,134044.259305737
2023-09-25,1674032.780172028181267463,143718.011947067
2023-09-26,1672719.388714280567025135,133397.820519954
2023-09-27,1600231.1857057968045675,148421.095070748
2023-09-28,1574041.640320073676419238,141755.939493724
2023-09-29,1574553.144586618540173432,127280.898099072
2023-09-30,1593873.665109304946990001,147401.484703268
2023-10-01,1643594.078291107739050992,140446.27880419
2023-10-02,1613532.981280028110175655,116299.515572711
2023-10-03,1611537.949161085393453767,141120.578144087
2023-10-04,1598141.561567157772640172,137847.484163808
2023-10-05,1609344.732048940486205292,128011.484152235
2023-10-06,1628500.066407694212258501,141244.548175449
2023-10-07,1683848.739280542426119964,111735.46706563
2023-10-08,1672901.346504216476259288,117257.149029484
2023-10-09,1610786.98408122105570171,135805.968804148
2023-10-10,1647527.913686978836601898,119691.075242378
2023-10-11,1681358.181089902362299655,115860.332805439
2023-10-12,1656872.862386331200684409,124219.625029078
2023-10-13,1665581.587045852785615429,121010.504661726
2023-10-14,1714639.6328178508453767,139521.534994551
2023-10-15,2448099.308495199447093057,178037.152345024
2023-10-16,2431950.52113012893437101,201796.871333816
2023-10-17,1992156.808288772650600518,150302.910719403
2023-10-18,1855162.851264153287798586,157485.697025229
2023-10-19,1799566.524312871114236177,148778.670802272
2023-10-20,1944323.230128942914157555,147766.464852995
2023-10-21,2202262.918129377745725018,186103.021178607
2023-10-22,2467654.937081604026546088,158547.833077216
2023-10-23,2278713.505939081654840362,138570.891947656
2023-10-24,2270161.784567172242165772,115955.324145446
2023-10-25,2509718.235884414901568302,112021.960417012
2023-10-26,2425698.461369373243900012,121038.004762206
2023-10-27,3255652.85496678466880886,219378.714416089
2023-10-28,3634400.200545885486967365,441040.11351334
2023-10-29,3506950.036402502884324905,209355.311914047
2023-10-30,3564304.048577992243079877,186044.01165595
2023-10-31,3409943.107582431999608118,183354.667559739
2023-11-01,3489216.949147106346524835,178548.213545853
2023-11-02,3153751.442183859775286775,162447.834977331
2023-11-03,2974326.735157024420007922,120654.610700397
2023-11-04,3347854.311992275668210816,165347.103937415
2023-11-05,3082663.274896427786210889,125163.505082466
2023-11-06,3119434.216840986916864749,134264.061159739
2023-11-07,3086672.077817261422429569,108548.772325117
2023-11-08,3163354.289828484318751383,119740.481638144
2023-11-09,3028328.974277681145567873,109881.211302978
2023-11-10,3087211.885914416877007521,103077.546876237
2023-11-11,3247120.325185852618422441,96698.1843280212
2023-11-12,3059407.982682842288035995,104897.861313344
2023-11-13,2954827.755066563960930319,119955.810540513
2023-11-14,2962532.513634341000802369,123774.64173303
2023-11-15,3076400.437792041533866152,148544.291492871
2023-11-16,2979551.582302032282143733,155663.502325111
2023-11-17,2897068.02781192358173344,137828.82947435
2023-11-18,2738672.964840861564149151,153964.637092574
2023-11-19,2697279.798750751803875793,130269.911512756
2023-11-20,2824899.109313857873464738,164868.065499424
2023-11-21,2429299.293862801662496092,155934.617401343
2023-11-22,2658837.27406872639732195,134974.492237497
2023-11-23,2637511.769944278371298756,162536.601632972
2023-11-24,2566053.827521135637623998,149824.276980368
2023-11-25,2772207.642237921971640933,169210.777817641
2023-11-26,2698448.982419419183363392,123609.597036192
2023-11-27,2737322.367883446964450905,159933.436397467
2023-11-28,2715336.779780313389005224,174045.190656914
2023-11-29,2675312.876453454596088585,122266.940956239
2023-11-30,2649592.60567288712814006,136018.828549374
2023-12-01,2385335.86345870616423637,235096.086819889
2023-12-02,2357246.418801420516484005,243110.891865057
2023-12-03,2575900.521078281737137606,167592.697460072
2023-12-04,2628551.229413702664082437,188069.050572487
2023-12-05,2647375.701890275345171095,159080.046146507
2023-12-06,2814668.954160656420107863,202069.545584798
2023-12-07,2794342.063529148943435008,148598.060439712
2023-12-08,3038997.627326614648721421,168227.414581499
2023-12-09,2927314.073713167203459082,157686.827015645
2023-12-10,2998589.664213776058959205,163362.467787798
2023-12-11,2689300.888700088515423604,196568.735772859
2023-12-12,2829268.364920128464194866,132745.781339306
2023-12-13,2631535.350829290210940485,174556.292461925
2023-12-14,2688704.518372351596851193,164227.331429959
2023-12-15,2682730.129970057548202844,156040.864663268
2023-12-16,2807411.7069988569819663,196416.369486481
2023-12-17,2652213.197698812649557903,148724.300339325
2023-12-18,2546066.64803530519686339,129229.644213496
2023-12-19,2559281.970872045475594129,150819.286551256
2023-12-20,2498833.709033784238993275,162712.907173429
2023-12-21,2517237.474185251753874682,150178.045727521
2023-12-22,2565069.21693516550084431,144625.823175367
2023-12-23,2513612.545637008539975618,142457.605671107
2023-12-24,2613457.59134784011605821,120099.073615433
2023-12-25,2577638.332813542291683244,73888.9613837593
2023-12-26,2607083.423878132452948567,139636.9992794
2023-12-27,2771116.691447289369085443,190294.723978982
2023-12-28,2609501.241680584186562142,122540.584813791
2023-12-29,2579280.386157516868728825,133448.940505347
2023-12-30,2595384.069947339864049111,119773.59695132
2023-12-31,2545560.283498307201418387,118727.396103931
2024-01-01,2553468.729425033992100604,155412.334769738
2024-01-02,2577720.165325330203341517,149619.462121618
2024-01-03,2390168.98043083820636976,146908.399936919
2024-01-04,2386761.568679459705955306,131318.961461574
2024-01-05,2312547.541786486750098108,115983.334119002
2024-01-06,2263325.727406296129491394,110180.16552985
2024-01-07,2229891.948549679821819225,115681.078326571
2024-01-08,2355836.375487693064817658,132031.349431758
2024-01-09,2188384.230818460099317856,122366.012966763
2024-01-10,2274633.653991738206721405,111493.309429098
2024-01-11,2328250.953165708846079089,83912.9547543344
2024-01-12,2380595.701228880296087728,80299.7968094978
2024-01-13,2605977.057733011279797163,200468.002000527
2024-01-14,2513983.708323508605297468,157462.996718142
2024-01-15,2450001.153486414818209629,143726.903817379
2024-01-16,2363922.579406339581056517,128251.55310291
2024-01-17,2378149.312662166546157088,135378.706383112
2024-01-18,2325229.900088323361914182,91644.5523970538
2024-01-19,2330198.83882398588776634,81036.3349087783
2024-01-20,2378711.188397155553204244,72390.5647419652
2024-01-21,2431453.145717864538987195,102844.441551943
2024-01-22,2207787.449991064782973599,122237.557411235
2024-01-23,2215023.835597959019198203,121555.585793995
2024-01-24,2329781.833753846081407816,121733.12380968
2024-01-25,2307594.551431114968295182,120485.265183684
2024-01-26,2292620.404653429916771236,108342.793587527
2024-01-27,2259748.429832881695506202,73902.0182876759
2024-01-28,2203136.657246071833377499,72465.850607258
2024-01-29,2244123.380349788296956132,87435.0298031138
2024-01-30,2200819.565519086568741577,87647.1233566622
2024-01-31,2180399.56558405221001842,85183.3710771628
2024-02-01,2213344.402008173867401197,87803.4076865146
2024-02-02,2143364.697685964951325576,86887.4305597782
2024-02-03,2166237.48845148026884881,86423.1932606533
2024-02-04,2144125.315049862384950325,92925.4373764463
2024-02-05,2079164.029472276257535244,65892.1412548025
2024-02-06,2198327.389686686456309958,96726.4202844862
2024-02-07,2198895.780896007600137184,97679.437678575
2024-02-08,2204926.670493863276270766,82781.0913803172
2024-02-09,2208066.280158536496571215,76295.7974006946
2024-02-10,2109495.304383674827797744,86881.0521478224
2024-02-11,2160341.899964316440551113,84142.7354239277
2024-02-12,2204278.899970555140426846,86484.3616376323
2024-02-13,2299683.269186000478935319,94212.1809105311
2024-02-14,2383075.368012157642984617,89299.0123220474
2024-02-15,2413119.556853823840066693,81439.1319071208
2024-02-16,2362791.876433545869940801,77407.6501289423
2024-02-17,2231257.576411031323972347,85621.2278406749
2024-02-18,3061888.228551046098830715,200126.899471433
2024-02-19,2863523.701006634556186834,163930.206354773
2024-02-20,2978532.877565832305965896,145971.001287661
2024-02-21,2726996.964923398987423743,111230.589924408
2024-02-22,2859408.794352442135966203,142045.777874018
2024-02-23,2786642.185116393339855894,126896.017802968
2024-02-24,2718481.897131384555553308,122705.854431475
2024-02-25,3184679.468707108969303554,269044.298320998
2024-02-26,3166798.094249042416932264,222739.796842386
2024-02-27,3188069.541340066873942989,161974.272827703
2024-02-28,3145517.522036228541806259,152242.087954757
2024-02-29,3115864.331718070293942723,134499.96943078
2024-03-01,3239025.135967105560656325,140905.811671328
2024-03-02,3698135.349296138668109988,196432.350340437
2024-03-03,3650666.31943953460049562,182613.274148022
2024-03-04,4216802.666695468964806734,222433.272554715
2024-03-05,3500195.256091226871449214,239430.596238978
2024-03-06,3745441.383000323482455849,175024.730149656
2024-03-07,3683067.552236049303348354,146081.155354519
2024-03-08,3950613.288088378322316243,288385.781382042
2024-03-09,4251133.066431340008885894,352611.745697342
2024-03-10,4369670.828905329648168714,554031.194477233
2024-03-11,4259093.512404275481333354,657752.024311883
2024-03-12,4023556.687679750036261142,712013.140369273
2024-03-13,4152743.744714448389207979,675755.600422434
2024-03-14,3848006.610394330137857088,684742.552853348
2024-03-15,3621925.4663141469252333,662523.67067643
2024-03-16,3389028.002184262912520361,675129.277895367
2024-03-17,3437150.873477422740561273,654069.342885299
2024-03-18,3220337.266408925380159776,640269.487562662
2024-03-19,3172993.787481566834325477,634262.80099131
2024-03-20,3487320.078079078102506177,598165.5128245
2024-03-21,3358475.399504020853528865,605642.322382969
2024-03-22,3100354.267246251320008074,609827.79288894
2024-03-23,3167485.446357241243684944,569687.385121683
2024-03-24,3205612.739971588889973786,587305.802248026
2024-03-25,3441935.876904429172790793,613802.791135586
2024-03-26,3201284.754907301353896219,611630.8925842
2024-03-27,3200797.917881772070649001,588415.583015123
2024-03-28,3270995.21494023091327875,596677.132509158
2024-03-29,3140031.55124300942769873,615163.687249303
2024-03-30,3134104.842030157808191395,676235.884233632
2024-03-31,3457231.259576331240193332,690254.079825558
2024-04-01,3259554.325873398844116084,569057.965190024
2024-04-02,2972209.675557205327706997,584759.4479304
2024-04-03,3053774.675529718681888431,622419.906370427
2024-04-04,3041270.819691542044580013,623041.894834255
2024-04-05,2908662.97047545475698142,582281.018340987
2024-04-06,2927862.216104534096037363,559388.308904625
2024-04-07,2963964.572322676408570398,559215.697335523
2024-04-08,3094755.998927773798358049,595092.684255475
2024-04-09,2937162.344726846383444968,604312.509450667
2024-04-10,3086328.66882745267099005,630584.934589845
2024-04-11,3050047.230747403058904513,618122.575983963
2024-04-12,2606426.637360430805274423,690182.774321086
2024-04-13,2147150.585792468688931227,643610.103329709
2024-04-14,2389108.353308276351000523,657555.346811231
2024-04-15,2369301.318295711188533742,879454.088594125
2024-04-16,2406452.193764433267027897,669381.390197461
2024-04-17,2376553.066303053398544153,624716.144471982
2024-04-18,2420461.608583992254245266,605356.494941771
2024-04-19,2437129.352915955517721238,860508.334140139
2024-04-20,2574224.76392205747719433,761437.294000383
2024-04-21,2483815.62946487114640582,621339.509452631
2024-04-22,2572909.391830671721046166,587466.184800285
2024-04-23,2544868.182499209317486403,620668.129856745
2024-04-24,2499858.532998701649471897,624405.353209876
2024-04-25,2464676.400694412016420111,605097.617085989
2024-04-26,2407299.845992678297141623,602625.147056899
2024-04-27,2571953.779540810814836248,630336.002444131
2024-04-28,2508008.468233970494640253,608741.08385682
2024-04-29,2457893.538951663079177359,607791.77076262
2024-04-30,2322244.581580015765175169,611421.503732898
2024-05-01,2224612.98797897114848209,606347.815548811
2024-05-02,2260003.633511231270569176,593400.114516174
2024-05-03,2430808.461531861640985145,603784.252406127
2024-05-04,2471614.723279033029490599,619515.377503304
2024-05-05,2448264.688520220735752352,606473.213006675
2024-05-06,2447512.047120799958595183,610199.328735693
2024-05-07,2381071.74952745521827621,610868.67336938
2024-05-08,2380447.822334478616940598,610690.259575914
2024-05-09,2338640.763042232717835091,610852.957847045
2024-05-10,2343991.778353307945970408,615597.011883388
2024-05-11,2268698.686424742362073645,607897.05452363
2024-05-12,2283468.688440859480439766,602081.013837377
2024-05-13,2437248.238833955161063183,612273.97437905
2024-05-14,2350336.059964942470327906,608488.446593419
2024-05-15,2473986.923541915660473412,619567.672613062
2024-05-16,2340902.950350699348324513,762980.534701564
2024-05-17,2319232.346777064285869859,1018390.06660227
2024-05-18,2361918.820398475218763491,1364654.67965368
2024-05-19,2294527.363805258206349364,1393245.20185858
2024-05-20,2440622.519403499128412398,1869538.66070564
2024-05-21,2314089.040707957419433516,1863049.76077302
2024-05-22,2325987.841312845695308539,1389094.89481434
2024-05-23,2365227.684990678258046719,762326.9434112
2024-05-24,2369847.283269300229715856,769663.021812092
2024-05-25,2729094.532816049107684578,816313.329505192
2024-05-26,2524426.871398245243566514,1670098.81161389
2024-05-27,2493367.116284836435700148,1626860.03591776
2024-05-28,2386149.105350445343947087,1568758.35853084
2024-05-29,2463882.934407403658648856,1437394.12991745
2024-05-30,2437456.986360225638047239,1489797.06237944
2024-05-31,2421341.54811351248367477,1517520.81515942
2024-06-01,2364079.584481879501662117,1406114.38905649
2024-06-02,2324583.074158203116230146,945545.743911682
2024-06-03,2336107.003458488114147103,1752370.1523667
2024-06-04,2470209.989586935080525785,1711041.56919992
2024-06-05,2446973.587968624052015206,1569725.28365025
2024-06-06,2343786.704338664578051212,1677451.40940494
2024-06-07,2318943.706947831995695116,1690938.91086014
2024-06-08,2217413.5642380856726227,1515642.66888101
2024-06-09,2270804.744948447359254909,1673026.65779718
2024-06-10,2175250.961321172775314363,1668460.10676827
2024-06-11,2090538.736541010368559009,1662168.65849633
2024-06-12,2118195.560558800537499022,1586219.71826491
2024-06-13,2070733.573318276014125961,1582202.50894579
2024-06-14,2081335.13454205285588179,1369558.48538027
2024-06-15,2124170.117921870230183035,764712.046963043
2024-06-16,2061548.663762173043868516,763047.446266813
2024-06-17,2034204.888164418178440729,770183.897297846
2024-06-18,1835613.683921329385396007,776188.219773152
2024-06-19,1938507.2988894864416256,751293.88601467
2024-06-20,1901483.021653164292064088,770398.305486788
2024-06-21,1859913.221359397599152603,768754.280686704
2024-06-22,1832772.948540164279528655,760515.846035614
2024-06-23,1802904.531354905907941394,773322.049373169
2024-06-24,1736972.607385460730018588,769366.582664692
2024-06-25,1928243.24261286211956762,784605.753264105
2024-06-26,1904309.992036390778437518,1415373.9716549
2024-06-27,1951793.179653829174615956,1401225.57146911
2024-06-28,1868244.472360831872334779,1418563.82528932
2024-06-29,1854335.057482261213830705,1400015.6411033
2024-06-30,1881306.830596009616742054,1343031.37664959
2024-07-01,1934872.612515935995707513,1403744.95177798
2024-07-02,1897684.025524024608035559,1566679.1430449
2024-07-03,1774883.541508173218064333,1548871.02996737
2024-07-04,1761529.809025692165538473,1513966.97094091
2024-07-05,1692262.446688522345020147,760543.923857502
2024-07-06,1761484.655620260559288164,702612.35418034
2024-07-07,1717063.562820206833185321,699729.926646974
2024-07-08,1795553.828200021334968215,858887.195806279
2024-07-09,1824732.088294682656329072,691773.823023421
2024-07-10,1830611.366303786627795976,968520.195859157
2024-07-11,1747360.410092351317887609,969007.09943141
2024-07-12,1719267.382657053439869774,969404.811294032
2024-07-13,1745547.544930126350230586,969363.465014402
2024-07-14,1732644.223037089808319888,1011827.01250728
2024-07-15,1688693.564505645977108541,991659.462934874
2024-07-16,1752943.911306057815328171,989333.089588758
2024-07-17,1735687.061980119533306487,973061.457245348
2024-07-18,1718162.59668179425792443,972601.47260739
2024-07-19,1753165.571957417332375425,984925.047075138
2024-07-20,1733499.427531122336562245,971797.673186311
2024-07-21,1733321.217978565611836745,972706.087814947
2024-07-22,1689376.857386556415489293,970441.307649387
2024-07-23,1572721.631641511729296593,988174.15126189
2024-07-24,1533096.148374078521260977,991228.528971267
2024-07-25,1452740.93028741209265696,1216178.29567283
2024-07-26,1503606.444891785671573911,1216123.26327224
2024-07-27,1587219.187559787871108992,1206896.26404493
2024-07-28,1491612.92250598857988299,1216107.74921917
2024-07-29,1477956.949152648587090094,1212436.03951403
2024-07-30,1598820.233465170564465746,1252153.27505349
2024-07-31,1518168.049089380638090533,1255019.9514085
2024-08-01,1421940.052016312437476867,1339256.47862576
2024-08-02,1384586.486354783573972061,1249888.16543781
2024-08-03,1191393.592569772346756382,832322.139881907
2024-08-04,1231715.100978406005372495,1230420.0224398
2024-08-05,1168695.402196437717471858,912373.541709533
2024-08-06,1233781.990618147722508449,1196703.08105219
2024-08-07,1170058.371573175820827833,928511.112983624
2024-08-08,1261300.442422219953271767,933590.056384099
2024-08-09,1255918.288340003671722336,798059.511337365
2024-08-10,1285084.11556225611235539,698294.778165612
2024-08-11,1323983.662588580489186925,699008.809407581
2024-08-12,1306430.06590934535519993,700644.616107776
2024-08-13,1223991.760557951049989912,681064.059610079
2024-08-14,1345936.656864704395763496,674807.282966999
2024-08-15,1306628.460466151689125015,669667.274627735
2024-08-16,1273529.954827029636236652,672084.117472275
2024-08-17,1255261.262950460654552487,663158.374050712
2024-08-18,1241674.993138479394191585,665080.856191247
2024-08-19,1255671.689929966675759503,671173.265212628
2024-08-20,1157106.827761278318323172,675024.870572123
2024-08-21,1232714.525281366031492286,691472.221576931
2024-08-22,1316008.283499137995292592,680287.797918184
2024-08-23,1355775.98684090379171921,688191.267184892
2024-08-24,1378322.074364930897741076,728940.975525579
2024-08-25,1330621.677552224182282194,720810.905964777
2024-08-26,1335363.696723098464820736,722551.37973401
2024-08-27,1297492.77469315330767339,752392.801954997
2024-08-28,1303049.550351806000480706,735405.722718475
2024-08-29,1273759.024531751689314459,724962.754257085
2024-08-30,1241897.256552579204096198,721917.825788808
2024-08-31,1206855.442935988405485087,711839.898884941
2024-09-01,1191124.186265413615509303,718682.14865351
2024-09-02,1253914.87897326205929669,718156.145809001
2024-09-03,1198238.48790893436807825,722606.062368018
2024-09-04,1245344.394664561983420582,734130.779880885
2024-09-05,1216311.934339308960177798,711290.693940221
2024-09-06,1195842.670872734888984346,711233.167789376
2024-09-07,1210801.783418556231111144,706705.71328907
2024-09-08,1216628.093390976630366528,710033.769445869
2024-09-09,1324952.4425415309473772,718496.31718768
2024-09-10,1296878.141231054791474035,712388.524383673
2024-09-11,1306345.276334364494319342,726823.323706207
2024-09-12,1274252.414110113372764979,709090.254483335
2024-09-13,1262661.679945863685566615,707999.154443866
2024-09-14,1274324.837447235447123567,707300.027854058
2024-09-15,1317628.982334260582930634,711055.769488327
2024-09-16,1299876.922211437266232176,708206.567722629
2024-09-17,1271742.838045131831096663,711049.093408556
2024-09-18,1228545.876001689833881794,706985.612763227
2024-09-19,1282296.186703747390571709,712520.313593473
2024-09-20,1228054.285393828467291492,709191.28958489
2024-09-21,1322942.275675513138213731,714342.582976722
2024-09-22,1264827.611385001154321436,708311.117038726
2024-09-23,1312273.324172929386663276,711661.691257677
2024-09-24,1301234.846343641269631895,623011.741298265
2024-09-25,1302278.042273094871118763,61474.0584433469
2024-09-26,1267567.970101205037491181,21616.4006082715
2024-09-27,1262467.553089707920627664,7486.43629681713
2024-09-28,1261289.19946135628702019,7742.72017429567
2024-09-29,1267912.525445713709839404,6799.40344141713
2024-09-30,1208173.758725431729294962,12098.5157300514
2024-10-01,1137919.9543492297365894,6046.32278642544
2024-10-02,1130233.961634488974243242,6729.80559400384
2024-10-03,1108291.906813911719012292,7977.02773742883
2024-10-04,1192680.398816189595909375,4488.26042095391
2024-10-05,1154201.439584451250888857,2093.83267715546
2024-10-06,1174841.437242898720252191,7503.20414552586
2024-10-07,1150469.275499841008523759,2748.25169453422
2024-10-08,1163753.44896988731161901,3164.06049561113
2024-10-09,1111790.942169529797955113,24524.1306734279
2024-10-10,1133157.101571663811130718,4786.19309026591
2024-10-11,1121527.981477820094912279,2882.72303242838
2024-10-12,1117818.828557786771886297,5498.83390437378
2024-10-13,1116500.035364042668605075,2842.28002164925
2024-10-14,1176599.017772208019801287,3976.2154955513
2024-10-15,1210876.241199027355661778,27976.3444799846
2024-10-16,1247053.827512704483995297,7310.74106963528
2024-10-17,1224239.540582592257318898,4520.08348563757
2024-10-18,1247119.622576813835154812,3276.05774500896
2024-10-19,1176238.358366736026638092,7096.397290944
2024-10-20,1131166.747315293663137445,9835.55721224201
2024-10-21,1109523.779307192775604094,2051.68065810349
2024-10-22,1100471.789679988024808952,6513.12784209574
2024-10-23,1077700.615789805919057066,6131.98323536285
2024-10-24,1078146.712781646414015069,2966.81579779604
2024-10-25,1031429.767162419921618009,3994.86516776613
2024-10-26,1038532.635214897109140848,4766.77222246008
2024-10-27,1016259.762107959665001737,3731.02833475068
2024-10-28,1042634.954855687896516602,3021.7213496859
2024-10-29,1011120.755117399553279594,10607.0764343335
2024-10-30,1029942.050668847711214297,4451.8717007568
2024-10-31,981747.044478514709410932,8123.29018253023
2024-11-01,985592.543813155433810328,6743.10434503198
2024-11-02,941450.52092498273538126,5709.79407536399
2024-11-03,928050.15900198099426186,6670.19795288719
2024-11-04,920087.870662173011001102,2672.31553546715
2024-11-05,940987.973073058126033152,6438.55768584018
2024-11-06,1070941.904050376898063978,6017.03007728152
2024-11-07,1059935.895119754123474015,10459.0805481076
2024-11-08,1045363.321211687017289607,4156.87679823938
2024-11-09,1039185.187623521374029933,4622.22794720596
2024-11-10,1093011.975689857076827818,12168.7247726095
2024-11-11,1313457.168111869689986852,14989.7701469919
2024-11-12,2434600.702111446443918721,940345.016924042
2024-11-13,1877319.523788529596440211,189237.617390955
2024-11-14,1819373.143534541943206598,103808.399707594
2024-11-15,1556674.135840130817785703,32445.4794434304
2024-11-16,1651121.79120769270976331,37988.8021853677
2024-11-17,1552508.737162546136863833,25929.0732604129
2024-11-18,1545462.696851200446434586,20769.5490307501
2024-11-19,1525732.654630516352796372,11740.656044995
2024-11-20,1463274.442844469147417819,16382.8552547953
2024-11-21,1431768.617450728358162124,17277.9435286946
2024-11-22,1451326.309479301713259815,9539.82248135432
2024-11-23,1500294.010983956051568093,22207.6718681168
2024-11-24,1445194.663129512911515596,13636.7478870328
2024-11-25,1437839.649772577938829529,30763.303245573
2024-11-26,1471855.123452502434124695,16305.3721434728
2024-11-27,1504325.105793578975850558,9932.77104409819
2024-11-28,1440103.460902883569534461,6195.07232763963
2024-11-29,1431470.165393239684483194,25847.0009934597
2024-11-30,1666796.788244753457462495,50449.2056701329
2024-12-01,1639373.531073237497849274,28523.1216700036
2024-12-02,1495250.278914994236126012,15581.1563026519
2024-12-03,1843294.870381356125701473,29786.3578387702
2024-12-04,2045243.152633235191388694,131053.58202245
2024-12-05,1940917.184906116493565093,102001.494557932
2024-12-06,2025779.638445972513881671,46736.4227819479
2024-12-07,1977651.062828941261620378,41130.1104746572
2024-12-08,1969277.877688177423672593,19488.2820432402
2024-12-09,1822045.367595497255361768,21681.2600165981
2024-12-10,1681435.709641004487864033,8934.96476489371
2024-12-11,1769625.525289647383841612,14565.4456146813
2024-12-12,1825098.233802811867843668,24522.1030998375
2024-12-13,1781863.361882889929987025,7755.65906890439
2024-12-14,1714672.665718349798173011,6511.01327763607
2024-12-15,1710058.377094985723124972,8368.92098293402
2024-12-16,1680940.465731868779239919,12645.3848612897
2024-12-17,1572061.556613522024604512,9186.10118659783
2024-12-18,1460339.68496427070430646,8141.36665502506
2024-12-19,1370570.286921363489696231,8270.5790748541
2024-12-20,1370816.625078270751574901,18090.2172594117
2024-12-21,1399780.824837575477176656,21987.1727270057
2024-12-22,1399452.662857477824671244,15288.157589665
2024-12-23,1299158.411444794860169728,74789.8939639387
2024-12-24,1401462.978852225245629827,15273.2010578025
2024-12-25,1385116.817746016713074558,5751.89283439375
2024-12-26,1284561.636939971664325227,4657.97418650029
2024-12-27,1337087.530828876476007128,7975.83179377946
2024-12-28,1312483.878220591455470691,4397.19146952722
2024-12-29,1320076.997808557661262836,4500.268966889
2024-12-30,1270792.845685056521840799,3399.98588876139
2024-12-31,1297512.741484996665743661,2932.28997476061
2025-01-01,1224393.720668965380166866,2584.94291853057
2025-01-02,1260363.817784561813744652,29399.6699685119
2025-01-03,1260243.802320465359931954,19368.259992046
2025-01-04,1330880.899297890604827333,11605.7424297311
2025-01-05,1243195.207242494569222932,14290.6660036596
2025-01-06,1284241.734883248967419993,5003.17014956778
2025-01-07,1222966.235099933457585012,7164.2762074489
2025-01-08,1184115.778652309142114414,3186.18903717606
2025-01-09,1070423.893902095396034807,34456.4234451736
2025-01-10,1100555.124618740545512585,3385.0526071225
2025-01-11,1140170.94594443594513931,3023.92307195633
2025-01-12,1056556.798531341411712341,13597.2534862926
2025-01-13,1014612.844565480577183054,10876.7802112879
2025-01-14,1036301.329700130323106849,3965.85235927251
2025-01-15,1124556.89682774879600924,4860.71216851621
2025-01-16,1081080.633288281800034388,8079.03343166519
2025-01-17,1097665.695850307704958259,7227.47113218311
2025-01-18,1034418.193528688503484421,7006.96197791733
2025-01-19,1077686.351901605698312926,12532.7300426391
2025-01-20,991616.794551119747026146,5589.31242419958
2025-01-21,1037492.997142428844255434,16301.2907092493
2025-01-22,958124.38543710392796492,11161.1013830462
2025-01-23,949433.420537736866496408,5751.98603498619
2025-01-24,935317.149066235740352542,6537.90977650505
2025-01-25,875569.404183713811679152,3232.42573419951
2025-01-26,851226.252927315690113427,9569.52671227094
2025-01-27,839140.031034347317833951,7048.24887187084
2025-01-28,889471.777034444255783682,9205.30649362694
2025-01-29,891802.92304384318519818,6853.65578268127
2025-01-30,1095355.715671362691804635,118726.260087854
2025-01-31,960523.569048893364167064,63637.2321322885
2025-02-01,923459.738695984220715207,22000.3242181297
2025-02-02,893055.481478411142308118,13237.8565548925
2025-02-03,901866.228633983504714001,7982.99615842316
2025-02-04,842433.091156762147844529,5163.08446163833
2025-02-05,814928.028972770867157486,3981.43899888557
2025-02-06,838138.96687790981459949,2613.22770523278
2025-02-07,814877.055255407975210745,2940.29545306943
2025-02-08,809653.086052916594834997,2477.18873929775
2025-02-09,872218.40178023540235501,4149.388628989
2025-02-10,806981.990647562260463277,3092.45931181103
2025-02-11,835704.588045367253099697,1617.22999972887
2025-02-12,849117.040029542025900117,1616.46655463299
2025-02-13,825253.053123167250812325,1570.04596615786
2025-02-14,822296.791202492202669324,2226.91646483636
2025-02-15,811297.085765212887853161,3148.69752804734
2025-02-16,793814.867341922504100525,1258.44308342753
2025-02-17,766164.07737584269346568,2692.52833582898
2025-02-18,788196.006137517906713268,1869.59187910137
2025-02-19,771461.259495990256277247,2911.41557437254
2025-02-20,779592.345638646556706178,13900.749958461
2025-02-21,746899.377363438592201845,3372.50776770053
2025-02-22,775733.795185277566566801,3068.55076997862
2025-02-23,769612.964212724019970551,7758.35297495086
2025-02-24,720858.3550698867477274278,4870.76247053033
2025-02-25,687237.852035170740822825,4870.91627565146
2025-02-26,707680.1658966872355573768,2146.72297162014
2025-02-27,757968.469750061540383905,1924.85147426322
2025-02-28,717267.1355990513112351423,1924.99450721995
2025-03-01,716641.3646006404518693612,7085.05320808421
2025-03-02,768371.799923746538779686,21237.794773264
2025-03-03,748108.025221913191020483,4346.93651113374
2025-03-04,713908.8961442639517689961,2802.50112664208
2025-03-05,722325.5475674132025680826,2964.83959449763
2025-03-06,721031.5960690905247129698,5085.31624049834
2025-03-07,725107.7602446062509235736,1414.87059728065
2025-03-08,710943.9980688502281690048,2318.64497278547
2025-03-09,682628.0438404555183425057,1874.45958891956
2025-03-10,643911.4115546478428355768,1509.34309683305
2025-03-11,669116.0879998163123429994,1767.96911073564
2025-03-12,708591.0686399589231244218,3094.63497993153
2025-03-13,714062.6061737376964815651,3741.52290658358
2025-03-14,705497.4397640173196723793,1166.89364637864
2025-03-15,722190.9365217200980444863,1305.48971055477
2025-03-16,732888.618397407050240883,714.521237893058
2025-03-17,751651.144655365280870907,5717.36677313804
2025-03-18,690474.1702992670859960508,927.468421192311
2025-03-19,730147.171681314693673113,5038.27273370722
2025-03-20,746861.934559862265981474,7205.253935696
2025-03-21,735174.860857112579744067,1057.54041818784
2025-03-22,706633.5454526678165373072,712.404404818805
2025-03-23,737774.237590382514867249,302.719837097576
2025-03-24,762008.027881029948046575,1914.71395406516
2025-03-25,693368.3233492264049163855,1916.15914244868
2025-03-26,679150.2492320287660216482,745.006035062068
2025-03-27,737541.151022660925009006,4457.93765959084
2025-03-28,706825.4847573044383227723,5807.02786160526
2025-03-29,696907.1828304756761946513,3330.54814282372
2025-03-30,678929.8870527524588542062,1740.49371973336
2025-03-31,659674.0223546225805401358,2494.05633172632
2025-04-01,643685.8705741052867683611,1481.69884723071
2025-04-02,624434.4232780801493777121,1962.67464236654
2025-04-03,624560.9508800409739511613,1458.02364947025
2025-04-04,641254.586388941815375593,1908.39103993816
2025-04-05,620034.409045241094698133,2493.82508206504
2025-04-06,602509.3888846745828679054,3452.33971063246
2025-04-07,582188.2372234448307093108,5012.38642636572
2025-04-08,569397.6808711636721183862,3808.88643752977
2025-04-09,610803.2936867196191906037,10146.1013456196
2025-04-10,613456.9745688986633767506,14634.5020352331
2025-04-11,633962.0980952451309034839,19868.994351218
2025-04-12,666814.4204931231763592541,29355.6037845481
2025-04-13,654310.7286664533319137576,29743.2820750029
2025-04-14,651858.1215357313466677992,29923.7952039347
2025-04-15,642740.9023721245371515361,7047.68233519679
2025-04-16,630791.6833071615332956494,28089.6965415543
2025-04-17,589154.4175497259302966525,41790.5965919126
2025-04-18,598068.5532467993431625484,35806.6797019858
2025-04-19,610168.7889711819958949118,34043.9290309519
2025-04-20,613959.7447066275897345249,37246.2215007402
2025-04-21,603860.7237775876978909473,35964.6294317262
2025-04-22,705579.9415411141483202853,41738.2926093078
2025-04-23,728600.485566565276016358,8653.9214178553
2025-04-24,697728.0775482721572721899,8680.41108542056
2025-04-25,710198.2531752190387132854,8572.80958055884
2025-04-26,731821.797939217941733173,10444.5476350458
2025-04-27,728447.26755632858480268,8960.06243693166
2025-04-28,721075.8674958010195260177,9791.33490015731
2025-04-29,786833.334728701094660988,9547.70137641741
2025-04-30,712197.4962476789827875462,9476.29115911549
2025-05-01,757233.21807232123152051,10934.1965431132
2025-05-02,747752.696813148513864615,10839.6647030057
2025-05-03,725238.3495074360414350065,12097.3121004917
2025-05-04,674960.0232157632449730681,10642.2771492789
2025-05-05,665037.6649434869959674951,8475.34185973308
2025-05-06,658484.2182037257326259699,8658.17245740013
2025-05-07,686341.4939196639966436866,14092.0430310285
2025-05-08,698190.9499737178082992563,14075.5583419799
2025-05-09,751305.161541161138522676,9428.11270770536
2025-05-10,700840.2977137503460101396,9340.11127729176
2025-05-11,699574.7141594571408252672,9089.2530907178
2025-05-12,760156.62506563900944477,14330.9007944583
2025-05-13,775497.965915763143081061,15629.8813040245
2025-05-14,771117.302946361606954473,13762.948976365
2025-05-15,747469.131104676959118399,12952.5081533216
2025-05-16,744802.242780472612491636,13348.8489886212
2025-05-17,731373.033335147300177802,12939.2082927415
2025-05-18,721328.0038443935466540522,8191.53438871499
2025-05-19,735762.665507959729436733,13240.276004077
2025-05-20,753222.675502613237310555,13254.4487572471
2025-05-21,757507.874385455085471519,15755.8756991855
2025-05-22,755675.82514698353096517,18634.6829359545
2025-05-23,784817.590447226494019877,30165.0254475929
2025-05-24,765002.880433819066927392,49683.7254523755
2025-05-25,742863.300055366325381634,42583.6180982122
2025-05-26,748950.294926821358960835,44026.5651921169
2025-05-27,736530.021771772927413774,44191.7797938929
2025-05-28,814038.676476121817113212,50266.3527319023
2025-05-29,709158.8559084968680830264,34598.9776677844
2025-05-30,697209.4739202186815872008,40272.0010527524
2025-05-31,686809.7114788854164941485,48652.5655597508
2025-06-01,709132.5750665924884842393,44371.8995954811
2025-06-02,705562.6100281462618026711,36781.4350503259
2025-06-03,733589.244445607913488418,36139.74479966
2025-06-04,691971.8301252100252176477,40461.2184133925
2025-06-05,686897.111233178193115701,45468.2593695206
2025-06-06,682438.695929824588127115,30883.1590818209
2025-06-07,681279.780529824256998354,35333.0300125425
2025-06-08,690904.72870263641422881,23202.6671556352
2025-06-09,701004.9435053885431941843,22441.5472128954
2025-06-10,682897.3109971813168929486,48853.1398380408
2025-06-11,674331.5379958976431717503,52115.167457209
2025-06-12,653356.4550024544325372781,53484.8707394133
2025-06-13,628323.1284641574412398594,52485.0895681503
2025-06-14,604249.7216041032632050785,53196.3990053371
2025-06-15,619402.449386296309124379,55488.1070336062
2025-06-16,594301.8990624478274865525,53835.3927762103
2025-06-17,580826.951124313789889796,54428.8634321352
2025-06-18,565707.2986982413798614381,53934.5539032968
2025-06-19,481845.8277202939367657073,53211.7119251565
2025-06-20,486641.0261145653743462062,51327.4057998144
2025-06-21,530017.3881282525530710035,36201.2699305545
2025-06-22,417340.5616714314863633433,29266.2099920872
2025-06-23,450452.0413199767387334193,27931.8093715554
2025-06-24,474986.1430152703055655294,28999.9162960584
2025-06-25,488958.8630246928501333897,29892.3570220061
2025-06-26,539870.6079672341846781678,28714.9165720505
2025-06-27,513465.9941915024862571665,29031.556324844
2025-06-28,505027.8813300767557039347,29954.0196278181
2025-06-29,500158.9067808075435560619,29584.9049015033
2025-06-30,510689.3301048760398308148,30260.3552180603
2025-07-01,492135.556799162656798641,28891.2386802956
2025-07-02,540414.522261096459568431,27308.0141671868
2025-07-03,507423.0797865612522554646,25454.9485012235
2025-07-04,529668.0894149543199290964,24990.8367803438
2025-07-05,524130.2673381971015519043,35966.0502332968
2025-07-06,515165.6646404161946593539,37807.552821377
2025-07-07,481844.4897991894728980961,39687.856502611
2025-07-08,454539.1457498553133250793,39474.8635785726
2025-07-09,448571.1599952014874769221,41747.5761706084
2025-07-10,455578.4463143587289799927,38365.3198239026
2025-07-11,501935.2459562922867379752,43499.4879082809
2025-07-12,488162.7315960827481143121,40710.4627654703
2025-07-13,496794.0993971586076122831,40192.5415022402
2025-07-14,484762.8069660596808659712,39484.6781112643
2025-07-15,451969.7434906865380873512,39301.2620996249
2025-07-16,465051.4490958781806778797,39514.1459395573
2025-07-17,456576.3842456442305778318,37289.3151036702
2025-07-18,501359.1429900106413089673,36493.0822306021
2025-07-19,473305.0689950714050402005,38481.5874246946
2025-07-20,508339.1782473414554388264,38701.2886602977
2025-07-21,502538.2187725271193891177,37622.7201046686
2025-07-22,494417.054858531451066867,37348.2754687909
2025-07-23,482993.7432142095812490342,38934.8632799061
2025-07-24,479303.7869298175551300534,40250.5899482134
2025-07-25,495424.121718580713464763,40486.8714232145
2025-07-26,521173.8346235969961996342,42767.4303128327
2025-07-27,549193.8599890607745157485,40393.603928844
2025-07-28,524302.7440790096642446815,39960.0778493912
2025-07-29,490994.1106153797313714536,42223.8068417345
2025-07-30,479077.4163080042782012362,41268.164916476
2025-07-31,492506.9958990444850635432,43997.4471187427
2025-08-01,468421.4028514007859516099,49358.1220309048
2025-08-02,447056.0218605357754513392,53223.3545515179
2025-08-03,452059.8837654190358009205,55630.9509230599
2025-08-04,456706.1436232701134988885,49155.0292100795
2025-08-05,489460.8033979057126582014,40273.2807168156
2025-08-06,517162.6072660515494972676,40226.1866011012
2025-08-07,567324.5868470019572869818,22007.6983809103
2025-08-08,547806.6770420362051104096,7885.84147114769
2025-08-09,535623.4421581103207520321,12865.8770172674
2025-08-10,458764.7475820131725429046,9149.42475691693
2025-08-11,469326.4744302098446460388,7350.7392502245
2025-08-12,483025.1599736157454775463,7501.17893685837
2025-08-13,474644.7052700862136788177,7687.78230866742
2025-08-14,468498.4727926457023433196,8076.33524153188
2025-08-15,494422.9813860482039565657,8995.56350607545
2025-08-16,507878.285573809791785364,18442.2024021997
2025-08-17,511815.2082942555535261407,19334.0805701264
2025-08-18,476800.0239897062251370457,22529.2241214784
2025-08-19,456531.4861935301005489987,22263.9155635117
2025-08-20,473609.3879825812319970573,21604.3662436581
2025-08-21,476596.2124270216890187818,24399.6951911986
2025-08-22,491998.9355711645900834121,22265.5426836548
2025-08-23,478136.2865099209810843491,20559.2662525629
2025-08-24,471258.5388838364311923291,22064.1513691021
2025-08-25,464754.5732618640643265721,19794.3299097998
2025-08-26,477013.6805979503221254972,18494.255114524
2025-08-27,477125.6883305429916405951,16855.1378169027
2025-08-28,472272.2189807815637018094,13557.4470718967
2025-08-29,458978.8047148017781496004,17569.555970483
2025-08-30,456589.544521390410519762,17018.0220294662
2025-08-31,462836.4569038903239530862,16446.0820191588
2025-09-01,456105.1974531866551836714,15773.8248765056
2025-09-02,440732.5202525649243310161,15470.3991615902
2025-09-03,451078.9990887477056845278,13965.0925724258
2025-09-04,421808.5487328153349250406,16848.4597789276
2025-09-05,422834.5446454332279120165,19210.1605684496
2025-09-06,425770.35692622367336005,11564.8917911078
2025-09-07,429882.7183561840797234048,17571.7875882697
2025-09-08,425315.0259874478270620239,17365.6659837376
2025-09-09,433411.4064101224467689169,18152.0423726425
2025-09-10,434417.2496622176066684214,17672.0041860819
2025-09-11,425202.5213607648619183998,18083.3389687737
2025-09-12,442977.3524692094599916883,14728.5297522135
2025-09-13,438227.2868949467237175183,17686.6283772917
2025-09-14,441368.1038203517751231477,15271.6198188107
2025-09-15,437330.6923744324816435833,14873.1247439103
2025-09-16,441404.9289234501506935434,18025.9114225714
2025-09-17,440295.5307913595094839211,18313.7238030389
2025-09-18,434000.9717167224149680128,18676.9944961645
2025-09-19,448398.0625217174145955647,19411.4474806618
2025-09-20,445263.0813814070080722699,18798.7771757011
2025-09-21,451697.7406656977675441922,19319.6312254249
2025-09-22,402549.0184591663211334048,16958.9873011516
2025-09-23,416336.5466827948975215417,19094.5721375975
2025-09-24,403294.4044824973611576693,13827.0060296883
2025-09-25,389172.7244762062313423787,17290.1881351661
2025-09-26,377688.1254228255310139409,18067.0284661887
2025-09-27,394537.1791862862333063999,21664.2180666544
2025-09-28,412475.2255313537657011656,17837.1385261239
2025-09-29,440994.6518604640331952723,18538.0312561659
2025-09-30,436705.2965987881861715214,18331.1689175252
2025-10-01,429386.1973796040377800464,17429.0314403585
2025-10-02,454403.6072146830915697236,17051.1363769526
2025-10-03,442925.7454310579991797547,17203.075684688
2025-10-04,446894.2332591270534319755,17169.7984981553
2025-10-05,436955.0258302835732146716,17730.8789007863
2025-10-06,442388.1595247431710777645,15237.4659812991
2025-10-07,451930.6939709897073661578,18146.6621204178
2025-10-08,403614.4261404973962433767,20141.1634593633
2025-10-09,379354.3434485345171244447,21667.3302299176
2025-10-10,331976.8886557273512959307,16289.4068838697
2025-10-11,348884.5683591588706711977,15238.0129323247
2025-10-12,378361.1495733166097648622,15898.3483592814
2025-10-13,369055.6629130844004994473,17212.4955379178
2025-10-14,373484.0092529636317813254,18655.9865769515
2025-10-15,322300.2310358602194732156,17278.4209532881
2025-10-16,312561.7495244081652665256,16346.031267481
2025-10-17,318361.8088386525227874486,18082.2093345126
2025-10-18,325949.986305361882413933,17531.9791532598
2025-10-19,326478.2643251507569974225,17435.3602729663
2025-10-20,343586.0508444374632024599,17156.6903343058
2025-10-21,350170.2048524290734537456,14735.6418592093
2025-10-22,324559.8900897485693845068,17118.5887859544
2025-10-23,337902.5327851248390996816,17172.190418773
2025-10-24,335404.906947428362656756,17228.728815912
2025-10-25,347265.3344419222375901583,15991.4965618223
2025-10-26,340225.5065210392437575892,20369.3419952473
2025-10-27,333215.7072704322056992137,14941.2379830606
2025-10-28,325405.9119360835027677411,21659.1945604788
2025-10-29,339409.7517280534262936724,26545.8805145131
2025-10-30,345511.8646995077390392761,13304.6314060869
2025-10-31,335738.3092975211939814186,9742.6512805791
2025-11-01,325884.8653070382600419415,10282.556720853
2025-11-02,352249.6120599287485431585,13393.0362780674
2025-11-03,317759.8740031602476571957,13174.9350986038
2025-11-04,325093.4815708286686694769,8997.29639089242
2025-11-05,326013.5045609277024683817,8999.88494635937
2025-11-06,348937.1755906356094252989,11207.0962545693
2025-11-07,364822.449821787153601122,9547.00145453883
2025-11-08,391992.7759190771912805303,9969.53179733835
2025-11-09,392780.7529350851215182849,10236.5906704856
2025-11-10,366721.5004941346386802041,10253.9019126522
2025-11-11,339735.2294199276022824798,9792.72623320849
2025-11-12,340776.5822018177286476604,9835.30841009798
2025-11-13,269818.2769038956866526358,19654.8516693552
2025-11-14,247490.4749068070446658688,10307.234343399
2025-11-15,246099.1173403808784173676,10311.7111598685
2025-11-16,246809.7752562302653710102,9606.68112173466
2025-11-17,271102.8376804433471645145,10057.7414545202
2025-11-18,236163.158155481867329473,10687.7014217896
2025-11-19,229763.9541822022598514993,12138.0171556871
2025-11-20,240900.3701232009810347346,1388.85326850726
2025-11-21,240900.3701232009810347346,0
2025-11-22,240900.3701232009810347346,0
2025-11-23,240900.3701232009810347346,0.261433885485872
2025-11-24,240900.3701232009810347346,0.0000618745350746955
2025-11-25,240900.3701232009810347346,0
2025-11-26,240900.3701232009810347346,0
2025-11-27,240900.3701232009810347346,0
2025-11-28,240900.3701232009810347346,0
2025-11-29,240900.3701232009810347346,0
2025-11-30,240900.3701232009810347346,0
2025-12-01,240900.3701232009810347346,0
2025-12-02,240900.3701232009810347346,0
2025-12-03,240900.3701232009810347346,0
2025-12-04,240900.3701232009810347346,0
2025-12-05,240900.3701232009810347346,0
2025-12-06,240900.3701232009810347346,0.00999073199134311
2025-12-07,240900.3701232009810347346,0
2025-12-08,240900.3701232009810347346,0
2025-12-09,,0
2025-12-10,,0
2025-12-11,,0
2025-12-12,,0
2025-12-13,,0
2025-12-14,,0
2025-12-15,,0
2025-12-16,,0
2025-12-17,,0
2025-12-18,,0
2025-12-19,,0.0000307794570094059
2025-12-20,,0
2025-12-21,,0
