time,CapMrktEstUSD,ReferenceRate,ReferenceRateBTC,ReferenceRateETH,ReferenceRateEUR,ReferenceRateUSD,principal_market_price_usd,principal_market_usd
2021-11-01,36069712.65151724498439404325696,,,,,,,
2021-11-02,38062380.29718405381653909786976,,,,,,,
2021-11-03,20067963.05717453266127026240416,,,,,,,
2021-11-04,20067963.05717453266127026240416,,,,,,,
2021-11-05,18117085.78913878518397656193152,,,,,,,
2021-11-06,18117085.78913878518397656193152,,,,,,,
2021-11-07,17080239.6502569867562593118416,,,,,,,
2021-11-08,17348839.38187340345768461751744,,,,,,,
2021-11-09,17348839.38187340345768461751744,,,,,,,
2021-11-10,17348839.38187340345768461751744,,,,,,,
2021-11-11,16833222.56723791203844773260448,,,,,,,
2021-11-12,16823073.37097789131079714052416,,,,,,,
2021-11-13,16823073.37097789131079714052416,,,,,,,
2021-11-14,16823073.37097789131079714052416,,,,,,,
2021-11-15,12136346.5420513153963103646304,,,,,,,
2021-11-16,34842852.57563359689769682770144,,,,,,,
2021-11-17,34842852.57563359689769682770144,,,,,,,
2021-11-18,34842852.57563359689769682770144,,,,,,,
2021-11-19,34842852.57563359689769682770144,,,,,,,
2021-11-20,34842852.57563359689769682770144,,,,,,,
2021-11-21,34842852.57563359689769682770144,,,,,,,
2021-11-22,34842852.57563359689769682770144,,,,,,,
2021-11-23,34842852.57563359689769682770144,,,,,,,
2021-11-24,19593569.65854909014524168187968,,,,,,,
2021-11-25,10402835.23106651083564315310208,,,,,,,
2021-11-26,10969217.76412864695814108593824,,,,,,,
2021-11-27,10969217.76412864695814108593824,,,,,,,
2021-11-28,10969217.76412864695814108593824,,,,,,,
2021-11-29,29537071.91677091140600687976416,,,,,,,
2021-11-30,20380912.18294423655140226344896,,,,,,,
2021-12-01,20380912.18294423655140226344896,,,,,,,
2021-12-02,20380912.18294423655140226344896,,,,,,,
2021-12-03,20380912.18294423655140226344896,,,,,,,
2021-12-04,11414251.447409998900695567312,,,,,,,
2021-12-05,11414251.447409998900695567312,,,,,,,
2021-12-06,18496123.4262141149505880672576,,,,,,,
2021-12-07,18496123.4262141149505880672576,,,,,,,
2021-12-08,13463036.32478779295883880532032,,,,,,,
2021-12-09,13585026.77557679537000493358528,,,,,,,
2021-12-10,13585026.77557679537000493358528,,,,,,,
2021-12-11,13585026.77557679537000493358528,,,,,,,
2021-12-12,13585026.77557679537000493358528,,,,,,,
2021-12-13,13264291.70409520054907954951936,,,,,,,
2021-12-14,13264291.70409520054907954951936,,,,,,,
2021-12-15,25890251.22898969254213444543904,,,,,,,
2021-12-16,25890251.22898969254213444543904,,,,,,,
2021-12-17,24574659.85622831022102095222208,,,,,,,
2021-12-18,24574659.85622831022102095222208,,,,,,,
2021-12-19,24999058.38567771071018957440064,,,,,,,
2021-12-20,25744815.50983951259769155425024,,,,,,,
2021-12-21,26569611.43348519167928154403744,,,,,,,
2021-12-22,28785507.16762050139209707006336,,,,,,,
2021-12-23,28231390.75773196707776333878976,,,,,,,
2021-12-24,28235130.19621206882366578915552,,,,,,,
2021-12-25,14060789.10603347339143923838336,,,,,,,
2021-12-26,28234117.75633507564546839090656,,,,,,,
2021-12-27,29058713.8163770035952,,,,,,,
2021-12-28,24486963.24052509622961893753184,,,,,,,
2021-12-29,28808476.70763598934908081242944,,,,,,,
2021-12-30,25980724.92820533603674245316416,,,,,,,
2021-12-31,24082373.47272612889872060485536,,,,,,,
2022-01-01,24098378.2330644990920589716592,,,,,,,
2022-01-02,27484026.77297320502771400987808,,,,,,,
2022-01-03,27584489.16718266480668733950176,,,,,,,
2022-01-04,30431393.125445391286950578472,,,,,,,
2022-01-05,27332616.28915627291016476966752,,,,,,,
2022-01-06,24064111.29524147508978045358528,,,,,,,
2022-01-07,24480696.64671619887593091563712,,,,,,,
2022-01-08,22410622.72956996552434239048544,,,,,,,
2022-01-09,16707285.8033540973228552319664,,,,,,,
2022-01-10,18731072.47407296331565274588448,,,,,,,
2022-01-11,22528569.46165415605354359959136,,,,,,,
2022-01-12,22751122.69916289697284043175776,,,,,,,
2022-01-13,28970669.19788180734790037686976,,,,,,,
2022-01-14,30950620.84351521703312525289856,,,,,,,
2022-01-15,27637422.98425727182549767499168,,,,,,,
2022-01-16,27305806.72067560813623314730912,,,,,,,
2022-01-17,28523474.76340123026876306440096,,,,,,,
2022-01-18,32763642.17261685536768889796128,,,,,,,
2022-01-19,34639549.0335580129005744225472,,,,,,,
2022-01-20,29884831.05955929452775884380192,,,,,,,
2022-01-21,27747060.1636521637386869674144,,,,,,,
2022-01-22,27602885.61879454823894930859584,,,,,,,
2022-01-23,23474098.38598055331445961046112,,,,,,,
2022-01-24,23640152.09013388539130874347776,,,,,,,
2022-01-25,29555607.21250257049306264635264,,,,,,,
2022-01-26,31200496.48890125585808200517568,,,,,,,
2022-01-27,26514264.52104280364373430570208,,,,,,,
2022-01-28,27294354.2527684939900259312768,,,,,,,
2022-01-29,29244104.84826581810775261168128,,,,,,,
2022-01-30,29732574.56563138285049139111712,,,,,,,
2022-01-31,31767559.07281292248001193342656,,,,,,,
2022-02-01,34124816.34260194776114063127008,,,,,,,
2022-02-02,34866648.65790308950373880016224,,,,,,,
2022-02-03,30149217.9100174058783840641632,,,,,,,
2022-02-04,31260924.932466247971412600536,,,,,,,
2022-02-05,29262680.1000313129968031515904,,,,,,,
2022-02-06,29436153.2408064799664172600832,,,,,,,
2022-02-07,30269726.02911655358506650107168,,,,,,,
2022-02-08,26313815.094581047913507437832,,,,,,,
2022-02-09,28308133.52442844610754231465696,,,,,,,
2022-02-10,29051719.63088571875291027949184,,,,,,,
2022-02-11,27599567.04629885399917938747648,,,,,,,
2022-02-12,26428102.43426000170840255416544,,,,,,,
2022-02-13,26708029.692223483275071311648,,,,,,,
2022-02-14,27788153.60062587850805220482656,,,,,,,
2022-02-15,27812048.2252017348634150891376,,,,,,,
2022-02-16,31874200.35722413614804979195392,,,,,,,
2022-02-17,28080427.63742034729784773918656,,,,,,,
2022-02-18,28473995.3761774622948224456112,,,,,,,
2022-02-19,26772251.18251685540704342301344,,,,,,,
2022-02-20,25099177.703838089466464344176,,,,,,,
2022-02-21,23386976.72974299494297056817024,,,,,,,
2022-02-22,24214144.51275626119965521623072,,,,,,,
2022-02-23,22997746.42926988985923400517568,,,,,,,
2022-02-24,20980464.89921069184814812255904,,,,,,,
2022-02-25,21697763.26761250602379624981088,,,,,,,
2022-02-26,23054797.39311061892144948331488,,,,,,,
2022-02-27,20896736.6153510092859241524992,,,,,,,
2022-02-28,23758208.96397120252569901887552,,,,,,,
2022-03-01,22715655.41264314960057782553472,,,,,,,
2022-03-02,22596749.40310097388730078097088,,,,,,,
2022-03-03,23189052.66031823388001252423616,,,,,,,
2022-03-04,26826477.22092430304336996963872,,,,,,,
2022-03-05,25204104.31927557808773048394656,,,,,,,
2022-03-06,22618050.2521340486825371990192,,,,,,,
2022-03-07,22421011.83091061135356126527232,,,,,,,
2022-03-08,22866683.55816049909032596684032,,,,,,,
2022-03-09,20842793.94204333229967345337472,,,,,,,
2022-03-10,20066285.69139687296629315872768,,,,,,,
2022-03-11,19205277.92842287140740760349664,,,,,,,
2022-03-12,19063780.98299306432,,,,,,,
2022-03-13,18757869.54460567193538328730464,,,,,,,
2022-03-14,20259255.12147262787596236614208,,,,,,,
2022-03-15,20006275.42306161945281902778528,,,,,,,
2022-03-16,19871384.31819773673630107086336,,,,,,,
2022-03-17,18580902.53230643775503734396544,,,,,,,
2022-03-18,18323052.01233513009627192892608,,,,,,,
2022-03-19,18829632.5430084152538998363072,,,,,,,
2022-03-20,21327616.42215642479592448264928,,,,,,,
2022-03-21,19954836.08359332855166737432672,,,,,,,
2022-03-22,19380221.00030710553123641804832,,,,,,,
2022-03-23,21112775.32710320391038058453952,,,,,,,
2022-03-24,22226366.51997986482574967479808,,,,,,,
2022-03-25,21681622.25429190689320220720384,,,,,,,
2022-03-26,21496640.78969840744555425995232,,,,,,,
2022-03-27,21820371.15670340757027918866784,,,,,,,
2022-03-28,23800448.23606333279724881455168,,,,,,,
2022-03-29,24166144.88361756538332012619968,,,,,,,
2022-03-30,24155914.72725649469831463597056,,,,,,,
2022-03-31,23510333.40266649649857189381024,,,,,,,
2022-04-01,22601945.75725754885124430906016,,,,,,,
2022-04-02,22972656.43808716828760444476896,,,,,,,
2022-04-03,22438951.26391117402151293431232,,,,,,,
2022-04-04,30102719.3088695185473620762496,,,,,,,
2022-04-05,27822650.41636667148119847792864,,,,,,,
2022-04-06,26932418.47220551875279146311168,,,,,,,
2022-04-07,28860665.70549703823301030863904,,,,,,,
2022-04-08,26109339.23989394409868881869088,,,,,,,
2022-04-09,24923943.15000835134198253456512,,,,,,,
2022-04-10,26374996.14565441575537426470688,,,,,,,
2022-04-11,22647011.24558738867349947295744,,,,,,,
2022-04-12,22326090.43355035243148426986944,,,,,,,
2022-04-13,22386187.59724883959244187744096,,,,,,,
2022-04-14,21829230.61960661479828711587168,,,,,,,
2022-04-15,21820721.81758458960246391364544,,,,,,,
2022-04-16,21332148.51364208141031538877664,,,,,,,
2022-04-17,22522792.1270316583330164626496,,,,,,,
2022-04-18,21828997.51500253924931844825504,,,,,,,
2022-04-19,21767865.53019021967497341622336,,,,,,,
2022-04-20,21974850.42197581812252438764928,,,,,,,
2022-04-21,21722416.651285648853874425208,,,,,,,
2022-04-22,20778851.4993927232400872069968,,,,,,,
2022-04-23,20599279.95356973233751718167072,,,,,,,
2022-04-24,21864048.6760450054342326117792,,,,,,,
2022-04-25,22045951.35538464375142574310144,,,,,,,
2022-04-26,21035476.16599362708232192379232,,,,,,,
2022-04-27,20166438.17552462926154276351136,,,,,,,
2022-04-28,18701613.02317540526534901206784,,,,,,,
2022-04-29,16973623.94874121950330295330272,,,,,,,
2022-04-30,15614939.74872719248131837017952,,,,,,,
2022-05-01,17635489.7592648206725223913696,,,,,,,
2022-05-02,16743505.19177028487890290147232,,,,,,,
2022-05-03,17445642.67507390806201528344352,,,,,,,
2022-05-04,17259093.44306106506770177854144,,,,,,,
2022-05-05,17006418.9629075635841940964944,,,,,,,
2022-05-06,16891399.39706871485291468457888,,,,,,,
2022-05-07,17194184.48249087158147191428448,,,,,,,
2022-05-08,16542543.06319337101510090739136,,,,,,,
2022-05-09,15366768.77403754342257425049696,,,,,,,
2022-05-10,14176204.1488553954992455706992,,,,,,,
2022-05-11,9043875.29591387531341451548224,,,,,,,
2022-05-12,6817348.174528326229576396086528,,,,,,,
2022-05-13,7157013.327642926086382989583904,,,,,,,
2022-05-14,7553906.521811546956927986895296,,,,,,,
2022-05-15,9565353.05915654819385852651168,,,,,,,
2022-05-16,9327471.425341141111627693872,,,,,,,
2022-05-17,11224858.1784145847244881350752,,,,,,,
2022-05-18,9988604.4956427966972250409232,,,,,,,
2022-05-19,11199008.81409903803882559411264,,,,,,,
2022-05-20,10478943.38769897582636481175328,,,,,,,
2022-05-21,10798526.1830503729288447351472,,,,,,,
2022-05-22,10778481.35218136148585306504896,,,,,,,
2022-05-23,10332470.30354197510141783028928,,,,,,,
2022-05-24,10074179.7430418897928247475088,,,,,,,
2022-05-25,9744908.25183121911516035512384,,,,,,,
2022-05-26,9515530.08180707885077875184064,,,,,,,
2022-05-27,9419034.23086825014552871735104,,,,,,,
2022-05-28,9757338.58709771385455415498048,,,,,,,
2022-05-29,9868464.9407727547124207445632,,,,,,,
2022-05-30,10361677.45468891795798999330272,,,,,,,
2022-05-31,9473125.19092230735928835663872,,,,,,,
2022-06-01,8912320.27842605338169066685472,,,,,,,
2022-06-02,9356331.67553168472123522687936,,,,,,,
2022-06-03,8971036.42878364820059676563776,,,,,,,
2022-06-04,8864733.42705645539917115598464,,,,,,,
2022-06-05,9012171.829601728520981791144,,,,,,,
2022-06-06,9245750.73813121750666246480832,,,,,,,
2022-06-07,25295770.36773778879146256257344,,,,,,,
2022-06-08,16326913.90495459135004706185888,,,,,,,
2022-06-09,14338107.80663663624687755126144,,,,,,,
2022-06-10,12009652.31581750270141407343904,,,,,,,
2022-06-11,10661065.1349359434748342506976,,,,,,,
2022-06-12,14786827.9948831198206504711888,,,,,,,
2022-06-13,14250276.6819410581456246271568,,,,,,,
2022-06-14,14385008.17351743811232105474496,,,,,,,
2022-06-15,13792790.55449832043905353284384,,,,,,,
2022-06-16,13108976.34165586506562710548768,,,,,,,
2022-06-17,13079171.2786057528804700958384,,,,,,,
2022-06-18,18032354.18807028861266147330784,,,,,,,
2022-06-19,16606641.134948424797097536456,,,,,,,
2022-06-20,16687906.24081423529929171850272,,,,,,,
2022-06-21,15661163.8033795345292487138928,,,,,,,
2022-06-22,14797747.8507176161021655612608,,,,,,,
2022-06-23,14372159.78717571761832205664032,,,,,,,
2022-06-24,14863831.77415471076522648590272,,,,,,,
2022-06-25,14336610.73813869844641662847168,,,,,,,
2022-06-26,13865540.90933421844554381419136,,,,,,,
2022-06-27,14297294.53014173887857716152608,,,,,,,
2022-06-28,13751987.31808746338285744218112,,,,,,,
2022-06-29,13575550.63484757840254138560512,,,,,,,
2022-06-30,13008731.02550850959419901187136,,,,,,,
2022-07-01,12671355.02243233894437492633824,,,,,,,
2022-07-02,12433538.53016557845294045358528,,,,,,,
2022-07-03,13908696.44395504463024981993792,,,,,,,
2022-07-04,13051056.6652704002647080195888,,,,,,,
2022-07-05,13147713.51217822695897614214784,,,,,,,
2022-07-06,13055924.23924835828541682490304,,,,,,,
2022-07-07,12912541.76940892462192823001216,,,,,,,
2022-07-08,13337543.75188913907970246435776,,,,,,,
2022-07-09,12910468.38773525268004800504032,,,,,,,
2022-07-10,13600946.58555711110569603518848,,,,,,,
2022-07-11,13655163.54309448554152165502848,,,,,,,
2022-07-12,13054582.1621551660981430127024,,,,,,,
2022-07-13,13388093.85035016192160960223808,,,,,,,
2022-07-14,13496097.2498937921130365546976,,,,,,,
2022-07-15,13780143.28486373142692358560736,,,,,,,
2022-07-16,13824601.37539572203760540106016,,,,,,,
2022-07-17,14527059.71431622251423258564704,,,,,,,
2022-07-18,14143140.89696956324141449746496,,,,,,,
2022-07-19,14160098.85942915219791419772,,,,,,,
2022-07-20,13814874.72397726524537631454112,,,,,,,
2022-07-21,13387959.20091242044996485311104,,,,,,,
2022-07-22,13656950.90579275886495750125536,,,,,,,
2022-07-23,13266456.83093290622731584915552,,,,,,,
2022-07-24,13170616.9507009403235182932032,,,,,,,
2022-07-25,12463677.44514098551031893603104,,,,,,,
2022-07-26,12251528.910853419683961335856,,,,,,,
2022-07-27,12646861.03136272435475436632448,,,,,,,
2022-07-28,14486311.27640941758457255486656,,,,,,,
2022-07-29,13986529.29701147457070727102784,,,,,,,
2022-07-30,13382858.91981052337092128126528,,,,,,,
2022-07-31,13693302.31932210390594379429728,,,,,,,
2022-08-01,13440252.34084476576613557761664,,,,,,,
2022-08-02,13219411.54302086218781138197536,,,,,,,
2022-08-03,13927705.19558715574682215554144,,,,,,,
2022-08-04,14179294.24247666161290458324544,,,,,,,
2022-08-05,13739495.43063032954316598922976,,,,,,,
2022-08-06,13909665.27358320136018767078816,,,,,,,
2022-08-07,13512495.28953628089350716226784,,,,,,,
2022-08-08,13932399.98042452083905806922496,,,,,,,
2022-08-09,13572959.93264100104656718106144,,,,,,,
2022-08-10,13381925.14614167089544626488192,,,,,,,
2022-08-11,13638616.469836744800537212216,,,,,,,
2022-08-12,13621312.91474355936845681410656,,,,,,,
2022-08-13,13082091.32243694069142197111936,,,,,,,
2022-08-14,12866184.08145871044367575917664,,,,,,,
2022-08-15,12966490.46401464455485418030496,,,,,,,
2022-08-16,12577735.64455865848232246419584,,,,,,,
2022-08-17,12276778.78003737692234320684416,,,,,,,
2022-08-18,12256699.693356874073304499536,,,,,,,
2022-08-19,12299494.5570771327460578261984,,,,,,,
2022-08-20,11930667.69938561526395246692128,,,,,,,
2022-08-21,11937309.64184192908102299645024,,,,,,,
2022-08-22,13830105.90369182343071644086432,,,,,,,
2022-08-23,12499814.89988160782745951144,,,,,,,
2022-08-24,12028672.00025145962144959041312,,,,,,,
2022-08-25,12290145.65585006448979200295872,,,,,,,
2022-08-26,11891263.46195257582735861647744,,,,,,,
2022-08-27,12002397.94133930806693863490944,,,,,,,
2022-08-28,11945792.8377463786270963133328,,,,,,,
2022-08-29,12893825.1934704043423840561104,,,,,,,
2022-08-30,13178087.54946168413718898332,,,,,,,
2022-08-31,13362210.75237464462040889443744,,,,,,,
2022-09-01,13171300.80421641011406246001632,,,,,,,
2022-09-02,12661599.06642758626430325195744,,,,,,,
2022-09-03,12489443.86378590409959836555424,,,,,,,
2022-09-04,12568076.12720363919561165523584,,,,,,,
2022-09-05,12581400.44701470970314582396384,,,,,,,
2022-09-06,12574462.8577527014409902590608,,,,,,,
2022-09-07,12319790.69460408684809278166112,,,,,,,
2022-09-08,12232315.9387987748741357598672,,,,,,,
2022-09-09,12540365.40903262553472429911008,,,,,,,
2022-09-10,12368982.11798058718358079586176,,,,,,,
2022-09-11,12355055.08166629739247168525408,,,,,,,
2022-09-12,12401216.62113837004280396090784,,,,,,,
2022-09-13,11897694.57344911799645810770592,,,,,,,
2022-09-14,11838019.33074896587312262532672,,,,,,,
2022-09-15,11919484.86508855121183517740032,,,,,,,
2022-09-16,11936606.04692823437057375379424,,,,,,,
2022-09-17,12920569.02126461944779171461856,,,,,,,
2022-09-18,13388797.84006188402432040482272,,,,,,,
2022-09-19,13055497.4173003260488365020224,,,,,,,
2022-09-20,12905854.88822461504351003824928,,,,,,,
2022-09-21,12689771.12171645116417418302048,,,,,,,
2022-09-22,12813267.553753801964891854208,,,,,,,
2022-09-23,12920344.02417095726051455312064,,,,,,,
2022-09-24,13246574.42433611870236127122176,,,,,,,
2022-09-25,12944931.69089761682850554175456,,,,,,,
2022-09-26,13099990.33319126448868548179936,,,,,,,
2022-09-27,13116962.34626631410458699309504,,,,,,,
2022-09-28,13082090.45964076763145753585632,,,,,,,
2022-09-29,13311620.19854611670733379249472,,,,,,,
2022-09-30,13521545.38739547674984167425952,,,,,,,
2022-10-01,13734515.36004617405063046983744,,,,,,,
2022-10-02,13803696.9326608551018618764432,,,,,,,
2022-10-03,15077061.20062849911495646643328,,,,,,,
2022-10-04,14452587.11266777666680913380192,,,,,,,
2022-10-05,14251359.36450413432830804110304,,,,,,,
2022-10-06,14539732.23681860911583339219296,,,,,,,
2022-10-07,14133181.97419648325117127128,,,,,,,
2022-10-08,14311022.70256613449398348802272,,,,,,,
2022-10-09,14724491.62033832596935399037728,,,,,,,
2022-10-10,14867238.4236205500828099720528,,,,,,,
2022-10-11,14058950.4288282973680897809616,,,,,,,
2022-10-12,14068900.45445433460609663717056,,,,,,,
2022-10-13,15248050.86395037042942448321152,,,,,,,
2022-10-14,15546059.21618634673678505245344,,,,,,,
2022-10-15,15793466.7693579175879771746528,,,,,,,
2022-10-16,15199670.19241968220641735544896,,,,,,,
2022-10-17,16258570.7600637572527554733296,,,,,,,
2022-10-18,16687888.51310734582603237700736,,,,,,,
2022-10-19,16495709.65706267343715598572608,,,,,,,
2022-10-20,15366080.99521156527242558817984,,,,,,,
2022-10-21,16723014.85531994695786078144416,,,,,,,
2022-10-22,15705560.7246476853252723528288,,,,,,,
2022-10-23,15525704.64034593239999763876768,,,,,,,
2022-10-24,15843344.75337613154936394183552,,,,,,,
2022-10-25,15398227.17173140066964425670208,,,,,,,
2022-10-26,15666096.36543907752264917052288,,,,,,,
2022-10-27,15054967.98066008409690415392864,,,,,,,
2022-10-28,14089953.70768070230135377767712,,,,,,,
2022-10-29,14160108.985010087831154325944,,,,,,,
2022-10-30,13920207.39282746994252886179072,,,,,,,
2022-10-31,13876167.27495355307108321606208,,,,,,,
2022-11-01,14647164.6409825602602844817632,,,,,,,
2022-11-02,14528936.95194851118256248669024,,,,,,,
2022-11-03,15329946.71420136827597467836,,,,,,,
2022-11-04,15310205.38832733126868296487968,,,,,,,
2022-11-05,15287577.3604886374814301304128,,,,,,,
2022-11-06,15641562.13267494784198943873664,,,,,,,
2022-11-07,15767922.07272600432560914219584,,,,,,,
2022-11-08,14710288.4317327179395899424592,,,,,,,
2022-11-09,12330492.522938583121436865792,,,,,,,
2022-11-10,14696277.56737176192275582184544,,,,,,,
2022-11-11,14981417.0033894276216981170224,,,,,,,
2022-11-12,13910373.52895004340082459761888,,,,,,,
2022-11-13,13372609.26337825573909982481888,,,,,,,
2022-11-14,13337672.64567936173583125203744,,,,,,,
2022-11-15,13514349.84707930461677198716192,,,,,,,
2022-11-16,15585320.22051418470166729718112,,,,,,,
2022-11-17,14129378.43347069066483789787488,,,,,,,
2022-11-18,13495079.64469109249431766791296,,,,,,,
2022-11-19,13729357.80700190549798625038752,,,,,,,
2022-11-20,13380021.04170004993678373227488,,,,,,,
2022-11-21,13540501.12407043006407812121056,,,,,,,
2022-11-22,13699476.13972341069161277061952,,,,,,,
2022-11-23,13937175.02377660401945338749952,,,,,,,
2022-11-24,13517707.66470220962700283028608,,,,,,,
2022-11-25,13518964.4239351201577252327824,,,,,,,
2022-11-26,12893724.78078715133506586797696,,,,,,,
2022-11-27,13017022.13967360992581781284032,,,,,,,
2022-11-28,13232041.67043549621081666679616,,,,,,,
2022-11-29,13282587.68770789016477862948,,,,,,,
2022-11-30,13109902.28450821149521072845152,,,,,,,
2022-12-01,12911317.59697224750814147730784,,,,,,,
2022-12-02,13295288.0411082062994412697376,,,,,,,
2022-12-03,13277588.39637257876483183326368,,,,,,,
2022-12-04,13193491.37605535685380550579168,,,,,,,
2022-12-05,12993422.23653004922956193112096,,,,,,,
2022-12-06,12995367.12118477860807548999232,,,,,,,
2022-12-07,13080608.67976689389635583653152,,,,,,,
2022-12-08,13158128.2673415991609693964688,,,,,,,
2022-12-09,13166331.7142868850590565409232,,,,,,,
2022-12-10,13097593.45126871554893018219744,,,,,,,
2022-12-11,13145956.08587422031174945458464,,,,,,,
2022-12-12,12759982.5572731525377573306528,,,,,,,
2022-12-13,12577660.384354418758872560328,,,,,,,
2022-12-14,12459342.70049171091172021856448,,,,,,,
2022-12-15,12307998.63543328752751350399552,,,,,,,
2022-12-16,11748542.66264961033735538270368,,,,,,,
2022-12-17,11314367.08083475017202401661248,,,,,,,
2022-12-18,11883029.04242929045243322821632,,,,,,,
2022-12-19,10947002.85673415381090716871904,,,,,,,
2022-12-20,11624049.20652141108837700293696,,,,,,,
2022-12-21,11477682.79469699981361501314304,,,,,,,
2022-12-22,11081555.04585919043113154812704,,,,,,,
2022-12-23,11518576.88555663248849350164224,,,,,,,
2022-12-24,11371277.98817928902243698133856,,,,,,,
2022-12-25,11328997.36984931592716263643776,,,,,,,
2022-12-26,11304886.12447367313755939395904,,,,,,,
2022-12-27,11355801.90873391844481969109888,,,,,,,
2022-12-28,10946736.22610314934899805172576,,,,,,,
2022-12-29,10910117.20073677071558492233056,,,,,,,
2022-12-30,10557611.36166291287848953160064,,,,,,,
2022-12-31,10630922.66738302459781597560064,,,,,,,
2023-01-01,10680973.69724831857607233429504,,,,,,,
2023-01-02,10851350.0709974253369977424896,,,,,,,
2023-01-03,10609099.73916101828743094945312,,,,,,,
2023-01-04,10836723.43458188765301718074944,,,,,,,
2023-01-05,11076075.92287653770181806419104,,,,,,,
2023-01-06,11422504.09842899697832083395552,,,,,,,
2023-01-07,11551014.47008824829541248880288,,,,,,,
2023-01-08,11179324.72480986530273964305856,,,,,,,
2023-01-09,11616058.09521391533769205239168,,,,,,,
2023-01-10,10864279.66326230343998525784533399499865,,,,,,,
2023-01-11,10947787.6865238328754793273872470862244,,,,,,,
2023-01-12,11219181.0641486157918520926682525466327,,,,,,,
2023-01-13,10982814.5261535987400101927975534343973,,,,,,,
2023-01-14,11625822.3508290629357033676435077439571,,,,,,,
2023-01-15,11915885.3587255372585904120262654553098,,,,,,,
2023-01-16,11879456.5598072544347200078930726306082,,,,,,,
2023-01-17,11643134.00288465633893435649603004770855,,,,,,,
2023-01-18,11244918.41923554516089328765716518563835,,,,,,,
2023-01-19,11144849.34325279076096683641229227383175,,,,,,,
2023-01-20,11790033.3631369698756092681215349437998,,,,,,,
2023-01-21,11383540.13053783475990951904328431697835,,,,,,,
2023-01-22,11285849.64509749888653506771677487929305,,,,,,,
2023-01-23,11464077.9276223096694147377136034966885,,,,,,,
2023-01-24,11257891.24422943335633533702664675028845,,,,,,,
2023-01-25,11798857.87868295690215440277250391085855,,,,,,,
2023-01-26,11548227.1024112611793150120374544650149,,,,,,,
2023-01-27,11354313.003534000487790031678588745923,,,,,,,
2023-01-28,11521613.7753088789570367634241710422573,,,,,,,
2023-01-29,11653250.12440047891816804463265432270015,,,,,,,
2023-01-30,11427597.89637567557198352211082768857735,,,,,,,
2023-01-31,11173262.87615667146430266750424141475015,,,,,,,
2023-02-01,11266053.2925338452398544829387405226287,,,,,,,
2023-02-02,11431401.99904733244152829458394047200335,,,,,,,
2023-02-03,11542534.30249994050883976905134700789745,,,,,,,
2023-02-04,12115356.28949010973751783107005583091475,,,,,,,
2023-02-05,11610878.9905821305996153099203770037584,,,,,,,
2023-02-06,11771359.6990195766614495125819209965335,,,,,,,
2023-02-07,11837750.74463619010367527106413957204485,,,,,,,
2023-02-08,11553480.42549976614627473535,,,,,,,
2023-02-09,11421520.14594752505232495618621539421155,,,,,,,
2023-02-10,11027318.3263772749347435968359361897478,,,,,,,
2023-02-11,11079926.0289914695875951054356412875514,,,,,,,
2023-02-12,11076275.13625030083905177378450410938255,,,,,,,
2023-02-13,10848646.76499880751238983831105332111725,,,,,,,
2023-02-14,10886836.18025071948803860759460064768635,,,,,,,
2023-02-15,11091792.5988408598105782776386497481611,,,,,,,
2023-02-16,11251762.20421157549300793060479996556945,,,,,,,
2023-02-17,11317045.43762518908297282762195984847395,,,,,,,
2023-02-18,11379932.9470835332006966308368637831246,,,,,,,
2023-02-19,11065105.98231766908916784913782843421465,,,,,,,
2023-02-20,12073701.27626637443594062435431013092285,,,,,,,
2023-02-21,11784485.6943191365358966967412692982785,,,,,,,
2023-02-22,11676210.28521276763603338519527051767425,,,,,,,
2023-02-23,11866473.85907498392541010665050621328115,,,,,,,
2023-02-24,11572541.04302496088958576096113571947185,,,,,,,
2023-02-25,11880364.9934426479380772331158392951813,,,,,,,
2023-02-26,11772673.1288862043114210885718389368165,,,,,,,
2023-02-27,11315715.2053871976923634687671373861636,,,,,,,
2023-02-28,11253899.47033177981980679738429795504905,,,,,,,
2023-03-01,11421374.4093031441342698709046329045905,,,,,,,
2023-03-02,11168600.0681042112576878530947537025467,,,,,,,
2023-03-03,10445777.19598221439426681442513691812025,,,,,,,
2023-03-04,10382016.2391421644525836734071806946216,,,,,,,
2023-03-05,10325623.3075445249516375386171278347799,,,,,,,
2023-03-06,10315681.53868113341378560398650694293565,,,,,,,
2023-03-07,10051575.59854123425193906318187629488645,,,,,,,
2023-03-08,10000440.64067920654238398883551534082835,,,,,,,
2023-03-09,14684439.06621077533320319688461816095225,,,,,,,
2023-03-10,11412161.4039138942643843784147922808374,,,,,,,
2023-03-11,12318612.3474385414613246598971259797103,,,,,,,
2023-03-12,11373344.6888477011493744209743019485534,,,,,,,
2023-03-13,12185769.98425332300372744125108470007205,,,,,,,
2023-03-14,11794302.1602484236251218649067461169636,,,,,,,
2023-03-15,11390716.1571635514932927971062894737569,,,,,,,
2023-03-16,11086931.4954320081938207033180047280276,,,,,,,
2023-03-17,11205676.93378377702411962595356083237255,,,,,,,
2023-03-18,11565646.83439308766341931043751028780195,,,,,,,
2023-03-19,11217376.4004884537716418814521970683704,,,,,,,
2023-03-20,11023011.5199158308859023673224408924333,,,,,,,
2023-03-21,10969996.97791470108000626658447255273215,,,,,,,
2023-03-22,10636985.1778946444720216147747839767815,,,,,,,
2023-03-23,10505979.00335146938183802072733150208275,,,,,,,
2023-03-24,10542521.3926741259958997777710455150598,,,,,,,
2023-03-25,10373663.88344086627634302828184820838795,,,,,,,
2023-03-26,10470905.58691693933767436936213427423825,,,,,,,
2023-03-27,10317493.25922274504521159460287611028035,,,,,,,
2023-03-28,10527146.70191124529260483288077419103985,,,,,,,
2023-03-29,11663169.62568454390261641125049068866005,,,,,,,
2023-03-30,11028338.397959034117076458943999573745,,,,,,,
2023-03-31,11404448.50351744099259216682348959631365,,,,,,,
2023-04-01,11035901.7778058246854331045157063952018,,,,,,,
2023-04-02,10895535.43907093642408072361689441908515,,,,,,,
2023-04-03,10472995.69597208802558331359302888659035,,,,,,,
2023-04-04,10568136.1177605969533461357831456378018,,,,,,,
2023-04-05,10580591.22725173292101381169065421208555,,,,,,,
2023-04-06,10596190.91282305146473791339354710869865,,,,,,,
2023-04-07,10643560.35437179942357399646386640043555,,,,,,,
2023-04-08,10728839.48258804160538331984151912665655,,,,,,,
2023-04-09,10587699.18005835867668262012259264509225,,,,,,,
2023-04-10,10739432.9209526079284849265179579442744,,,,,,,
2023-04-11,10802027.86347487946782066483901267262555,,,,,,,
2023-04-12,10628236.70988365856789210616125342749325,,,,,,,
2023-04-13,10850807.49615359797265925894769383864315,,,,,,,
2023-04-14,10685427.90416390867760828227410278358095,,,,,,,
2023-04-15,10698225.2946437283758503557634312454049,,,,,,,
2023-04-16,10589685.2968527490494620750773124248758,,,,,,,
2023-04-17,10758236.41235259205435969922713947533145,,,,,,,
2023-04-18,10835885.4054086165559425862251507258229,,,,,,,
2023-04-19,10452652.3929824752378556046447814197564,,,,,,,
2023-04-20,10692317.21233255722060073992244772833095,,,,,,,
2023-04-21,10230933.0681176834751152250805460450073,,,,,,,
2023-04-22,10192626.86042018571805909217956581602775,,,,,,,
2023-04-23,10074030.4462877325126808596800562359511,,,,,,,
2023-04-24,10135070.55566847681162385761696650358915,,,,,,,
2023-04-25,10175697.9276151084805170553303521084653,,,,,,,
2023-04-26,9895728.9713947338203660863342048936563,,,,,,,
2023-04-27,10080470.0838104610143009796796914904797,,,,,,,
2023-04-28,10085815.3734455897331242166034768981266,,,,,,,
2023-04-29,9926239.4946449915069755751844022086726,,,,,,,
2023-04-30,9823695.7363138524661215808280801016492,,,,,,,
2023-05-01,9588198.51259483475571079582930234897935,,,,,,,
2023-05-02,9843594.04011455681121173212393380708825,,,,,,,
2023-05-03,9712034.88706322047519352948734407515475,,,,,,,
2023-05-04,9734359.3454764842703527827281372985043,,,,,,,
2023-05-05,10518371.37923113905542802998060352070635,,,,,,,
2023-05-06,11508808.1506258647728050306667658581481,,,,,,,
2023-05-07,10719143.4542665977406049245152924484692,,,,,,,
2023-05-08,9925332.79410183860994718367058983954175,,,,,,,
2023-05-09,9732588.487171514053941161680627380057,,,,,,,
2023-05-10,9560164.6654129007854675930525781708109,,,,,,,
2023-05-11,9447634.44315980526117537902586920533335,,,,,,,
2023-05-12,9342076.3328030324268086686543339612848,,,,,,,
2023-05-13,10258578.7988418082525421881390713404142,,,,,,,
2023-05-14,9762328.46943623728915975049765786313915,,,,,,,
2023-05-15,9876436.9924955059343375854104397580862,,,,,,,
2023-05-16,9712629.4610195169162644745737802826557,,,,,,,
2023-05-17,9673153.5446689735622389066271242075965,,,,,,,
2023-05-18,9686168.7442734740922825260862765173553,,,,,,,
2023-05-19,9655108.2558218933476612301163587751259,,,,,,,
2023-05-20,9717808.7236514526632224338304345193229,,,,,,,
2023-05-21,9465400.61296601992116970786056770413325,,,,,,,
2023-05-22,9532233.119202936929446219723535446044,,,,,,,
2023-05-23,9904282.08179499546224183961660411261195,,,,,,,
2023-05-24,9630387.87432351994922609696955244398875,,,,,,,
2023-05-25,9582696.1600631238778045466103886749865,,,,,,,
2023-05-26,9838140.7011185518050513217521332949891,,,,,,,
2023-05-27,9774202.86754109120448277990671739312325,,,,,,,
2023-05-28,9924332.14654341106926741997581854667225,,,,,,,
2023-05-29,9825133.15762108137465366230435344573745,,,,,,,
2023-05-30,9923750.3070229560859408149364442676554,,,,,,,
2023-05-31,9806433.66820824499526944378450178738455,,,,,,,
2023-06-01,9834831.7474287038485281906311665647065,,,,,,,
2023-06-02,10124774.84298811154871990853432829637005,,,,,,,
2023-06-03,9835697.1348281785634713363393872575346,,,,,,,
2023-06-04,10291277.7492227178220098261644551113489,,,,,,,
2023-06-05,10107830.9108986986436785529097328739329,,,,,,,
2023-06-06,10276966.3767851650184488863395113655991,,,,,,,
2023-06-07,10063233.89701075212340933663436730368195,,,,,,,
2023-06-08,10138782.8331702631849591585043033855292,,,,,,,
2023-06-09,10220095.14600764141222598475836648961335,,,,,,,
2023-06-10,9129640.37596599485856127315,,,,,,,
2023-06-11,9071503.386854168557596517832451472018225,,,,,,,
2023-06-12,9530694.22870694749077478778906205486245,,,,,,,
2023-06-13,9430540.5662416979254193795459090900695,,,,,,,
2023-06-14,9119558.379334490448734759349384512764355,,,,,,,
2023-06-15,9030602.22643877755667966158865055729536,,,,,,,
2023-06-16,9208783.169655414683826128340724643367035,,,,,,,
2023-06-17,9186213.36636531510813557449333080071404,,,,,,,
2023-06-18,9496530.31600140753848548592506609224775,,,,,,,
2023-06-19,9552747.45854579890079972667734518748415,,,,,,,
2023-06-20,9715540.012746425868219459186060880823,,,,,,,
2023-06-21,9987890.25884349903967822309375940358535,,,,,,,
2023-06-22,10872772.80709291986001298445971817380675,,,,,,,
2023-06-23,10391574.9237342004098179761075429758424,,,,,,,
2023-06-24,9916772.698028508648679580683841694244,,,,,,,
2023-06-25,9913274.17368761229900369100340458445395,,,,,,,
2023-06-26,9203404.783993616152380144113436336382705,,,,,,,
2023-06-27,9063790.75295829921078648001818993986522,,,,,,,
2023-06-28,8907707.721636656968974273668820269183715,,,,,,,
2023-06-29,9337448.257782279696811546756962873712095,,,,,,,
2023-06-30,9662731.66322683244721170543825367530465,,,,,,,
2023-07-01,9459625.8393993801023301214683624086279,,,,,,,
2023-07-02,9261165.59846496428457081188215428575966,,,,,,,
2023-07-03,9513978.09154884604574747394524723598435,,,,,,,
2023-07-04,9346491.928183561594390610201462546650705,,,,,,,
2023-07-05,9355533.0350827508008744857772849175559,,,,,,,
2023-07-06,9352299.323619758184275016190567780337015,,,,,,,
2023-07-07,9351805.278789439185490069511080605484545,,,,,,,
2023-07-08,9134581.87532486856973620619840049310335,,,,,,,
2023-07-09,8978867.61577794674868242844367012501722,,,,,,,
2023-07-10,9167515.198209855511201677097618387990135,,,,,,,
2023-07-11,8974187.3350694412013790672825748373444,,,,,,,
2023-07-12,8893029.37177551764548982551133939688497,,,,,,,
2023-07-13,8976048.766085835980262493438995719262175,,,,,,,
2023-07-14,9503081.49816391405297346032826630737695,,,,,,,
2023-07-15,9324526.074670581860327630288957382077835,,,,,,,
2023-07-16,9213254.702977616924466521626542345377905,,,,,,,
2023-07-17,9359768.193539218792842944376023250816745,,,,,,,
2023-07-18,9164674.796794896469356313408748694634955,,,,,,,
2023-07-19,9129640.37596599485856127315,,,,,,,
2023-07-20,8995405.75477438606105524691513800483603,,,,,,,
2023-07-21,8982103.03694791137640158490699888443282,,,,,,,
2023-07-22,9316020.698448268377597302102909318282265,,,,,,,
2023-07-23,9148807.55426152150943230431456340510834,,,,,,,
2023-07-24,9048169.308656328333375078084101032210375,,,,,,,
2023-07-25,9061827.23919129572144345223355032805372,,,,,,,
2023-07-26,9321798.870341114758266131385941704085225,,,,,,,
2023-07-27,9285785.706184313683463285268381531844195,,,,,,,
2023-07-28,8917015.690960036390512837221112004481875,,,,,,,
2023-07-29,9031543.759028499492311253543943609429085,,,,,,,
2023-07-30,8879826.29495691849034974923719802879823,,,,,,,
2023-07-31,8192109.218791279604442276081949168317525,,,,,,,
2023-08-01,8809209.168203681703868223813668105268545,,,,,,,
2023-08-02,8787234.363376692571434784018954317616965,,,,,,,
2023-08-03,8837041.31045734845785724028742659828936,,,,,,,
2023-08-04,8805400.263981562106964187408541741971075,,,,,,,
2023-08-05,8807877.65570647240737097686927657730845,,,,,,,
2023-08-06,8879792.30019060244630295780146319806321,,,,,,,
2023-08-07,8986229.011923860912094037082097358546845,,,,,,,
2023-08-08,8802393.42433445503973687015610662563483,,,,,,,
2023-08-09,8972901.345921705361332762862485235884085,,,,,,,
2023-08-10,9139002.77734612435634142904955711324611,,,,,,,
2023-08-11,8906361.50113555580094850718192172270823,,,,,,,
2023-08-12,8886139.23712592339269170255589715262552,,,,,,,
2023-08-13,8761464.235085950036740879182094469276295,,,,,,,
2023-08-14,8680876.5057074518519509291145428024852,,,,,,,
2023-08-15,8528031.4721731318130503115586230167642,,,,,,,
2023-08-16,8384934.093397824322514345055584465792525,,,,,,,
2023-08-17,8617682.485869824668424761181654447512665,,,,,,,
2023-08-18,8114917.61240688417481933771165245828494,,,,,,,
2023-08-19,7854169.329784867272503979260267456000805,,,,,,,
2023-08-20,7983802.69151730409384076236247289354185,,,,,,,
2023-08-21,7996671.838438969837006586728578014667535,,,,,,,
2023-08-22,7828290.02984973325295537583105407735733,,,,,,,
2023-08-23,7818671.233335416759611880221368496213285,,,,,,,
2023-08-24,7908137.018618085010675783179185630498045,,,,,,,
2023-08-25,7866171.280870592871846362068742653050005,,,,,,,
2023-08-26,7651406.75740883817677035811864731394689,,,,,,,
2023-08-27,7552196.87796296137756467082963222417305,,,,,,,
2023-08-28,7336985.93240472383050532775477513865943,,,,,,,
2023-08-29,7710741.78981159903607388576540381603548,,,,,,,
2023-08-30,7675359.159389943095849795570174147469315,,,,,,,
2023-08-31,7417123.643858015264168856493904765187195,,,,,,,
2023-09-01,7367427.340889643452023093229668275359025,,,,,,,
2023-09-02,7119590.57214984566666892813489954859498,,,,,,,
2023-09-03,7382502.528706432408358424293676124212685,,,,,,,
2023-09-04,7540851.840068551248199986924784261135145,,,,,,,
2023-09-05,7644203.72943221201100727258844137123267,,,,,,,
2023-09-06,7432025.575026262795205389757933177075395,,,,,,,
2023-09-07,7541022.801242728016002808880881674695225,,,,,,,
2023-09-08,7437438.5353633833198213390193884049344,,,,,,,
2023-09-09,7463149.502406794222370109823871234650905,,,,,,,
2023-09-10,7497362.336931773086859704943686590234225,,,,,,,
2023-09-11,7435985.474672459818130850929691437704885,,,,,,,
2023-09-12,7489448.35691624990354978244291151248082,,,,,,,
2023-09-13,7293623.570088111755251218665854811388925,,,,,,,
2023-09-14,7337347.52648324016791293074979753573543,,,,,,,
2023-09-15,7496481.269486823686927329671828601758095,,,,,,,
2023-09-16,7417003.55601334900933375909047209934417,,,,,,,
2023-09-17,7345093.610945200836163157279270781230185,,,,,,,
2023-09-18,7511608.090528019581318497992246808876155,,,,,,,
2023-09-19,7570691.41585636623916216554624189863462,,,,,,,
2023-09-20,7430591.335049415709784245812516753899695,,,,,,,
2023-09-21,7113076.50296958175888848709147155295047,,,,,,,
2023-09-22,7519952.29185359599508768268933568897534,,,,,,,
2023-09-23,7138037.289814643120469965688866669335455,,,,,,,
2023-09-24,6993504.294100808660114155956752624719655,,,,,,,
2023-09-25,7061728.700240047915204902534548849309455,,,,,,,
2023-09-26,7251725.515025511596276587977325682745305,,,,,,,
2023-09-27,7247108.86723689437222079041297074204889,,,,,,,
2023-09-28,7202588.315431704354530553754751227835035,,,,,,,
2023-09-29,7164646.20505252087390659839934364853207,,,,,,,
2023-09-30,7176770.049249294070417740825303425050545,,,,,,,
2023-10-01,7091773.317013242936234121950956197083265,,,,,,,
2023-10-02,6973966.41256150947302270065566210012798,,,,,,,
2023-10-03,6971192.860083797848627951504663034253965,,,,,,,
2023-10-04,7034228.84093768825863356658883828436425,,,,,,,
2023-10-05,7069288.233060703751572039804655873550195,,,,,,,
2023-10-06,7172947.97610060783443763605620438849873,,,,,,,
2023-10-07,7062957.0939535997765613742607728270176,,,,,,,
2023-10-08,7091273.309280743676301453671369510742455,,,,,,,
2023-10-09,7088169.5532213088166148648076499951318,,,,,,,
2023-10-10,7077456.1239233307094884478290237278478,,,,,,,
2023-10-11,7032948.9163896910077229128577823384198,,,,,,,
2023-10-12,6828094.291210350816885424158316248944695,,,,,,,
2023-10-13,6478855.572336673579615185781974288633345,,,,,,,
2023-10-14,6599703.907165534592369393574069602531305,,,,,,,
2023-10-15,6736003.15064446855808472444974288628498,,,,,,,
2023-10-16,6735601.62260937202795854439314331725618,,,,,,,
2023-10-17,6549755.83300460655432668157113833634812,,,,,,,
2023-10-18,6618740.86063644173934971967447753652237,,,,,,,
2023-10-19,6695608.59988023840546520416210469057966,,,,,,,
2023-10-20,6657339.86873176730067118333303089512721,,,,,,,
2023-10-21,6718969.467127968948487158017133422920925,,,,,,,
2023-10-22,6707527.713278815301669094879558764997185,,,,,,,
2023-10-23,6587295.50119995800743815066449741717624,,,,,,,
2023-10-24,6355667.35185451647000125689385640567508,,,,,,,
2023-10-25,7465398.456225600852539459058569018399635,,,,,,,
2023-10-26,6829688.431356043312939323485674982381215,,,,,,,
2023-10-27,6724533.399684284659528662162742299847435,,,,,,,
2023-10-28,6925821.832062748014628862536600015497875,,,,,,,
2023-10-29,6982554.32226690245552124037374997500939,,,,,,,
2023-10-30,6940552.434381786108706542549378742072865,,,,,,,
2023-10-31,7021132.89149247914361043713595127659509,,,,,,,
2023-11-01,6766609.42233250601601162521804733779326,,,,,,,
2023-11-02,6766872.34748659421509036976322378601839,,,,,,,
2023-11-03,6573741.733248394791030648275052157460515,,,,,,,
2023-11-04,7392538.96922790654862769705856585834936,,,,,,,
2023-11-05,7195674.188226556140836656438299494045955,,,,,,,
2023-11-06,7568761.92400081028772445892886995340285,,,,,,,
2023-11-07,7266391.59056788810935986008196438278381,,,,,,,
2023-11-08,6802996.563073511769848583805489841427865,,,,,,,
2023-11-09,7133726.39885642656266012753692542489071,,,,,,,
2023-11-10,7178899.946310928742771224050207324036935,,,,,,,
2023-11-11,7043119.878478210407220659253320271253895,,,,,,,
2023-11-12,7724417.914232909079137167873093977091935,,,,,,,
2023-11-13,9728504.0063137583571748638989138389417,,,,,,,
2023-11-14,9686560.7911070148988393475870478418903,,,,,,,
2023-11-15,9275961.95801188925862225867169516083089,,,,,,,
2023-11-16,11648998.0887261253995972676819278112387,,,,,,,
2023-11-17,10473849.5408859066691816283383156086229,,,,,,,
2023-11-18,10226461.56099589890463143834710458641395,,,,,,,
2023-11-19,9746525.10331555474689339134448951924045,,,,,,,
2023-11-20,10401333.4155595438173630377674202800354,,,,,,,
2023-11-21,9701791.4313955446980335670986028899831,,,,,,,
2023-11-22,10315789.84224406749203830180123758312065,,,,,,,
2023-11-23,11377618.8779987166121750028820388412757,,,,,,,
2023-11-24,11094722.7706600859620516135339844482865,,,,,,,
2023-11-25,10278807.6718586152028715206964213823177,,,,,,,
2023-11-26,11406024.1712481952249993909393349912267,,,,,,,
2023-11-27,10376509.7652457090453557668014167043967,,,,,,,
2023-11-28,10190311.79150288559929587726741892706815,,,,,,,
2023-11-29,10008852.18901583664438755922287056449755,,,,,,,
2023-11-30,10046957.0352784216366694664887744136755,,,,,,,
2023-12-01,10013554.2826175985523255643856453834486,,,,,,,
2023-12-02,10457370.53233791953263110986863176230715,,,,,,,
2023-12-03,12128212.3848966976406869219103436262635,,,,,,,
2023-12-04,11162802.98687032939892768074491316411595,,,,,,,
2023-12-05,13117176.5378381147128519878682350432405,,,,,,,
2023-12-06,16766103.47127162444654943998730133069395,,,,,,,
2023-12-07,15191694.7413280668554515615199475267423,,,,,,,
2023-12-08,16422262.9088946395917403438763688572383,,,,,,,
2023-12-09,16219781.1308309570375145074209727577171,,,,,,,
2023-12-10,16666419.33040449148138844043133449461195,,,,,,,
2023-12-11,15039793.52642278303313548539209983748005,,,,,,,
2023-12-12,16165025.40210028424126187280599775525505,,,,,,,
2023-12-13,15277843.9745660271875769027394058507182,,,,,,,
2023-12-14,14510174.59870968438675896477338247837975,,,,,,,
2023-12-15,14614487.72749394882847587431406160490925,,,,,,,
2023-12-16,13757511.61505513958705750070909658708105,,,,,,,
2023-12-17,13764497.7287268312138249792703704824378,,,,,,,
2023-12-18,12747341.5816378163188374341415912849914,,,,,,,
2023-12-19,12448880.5033037706598666998091228237099,,,,,,,
2023-12-20,12375663.831673739703117093399121584619,,,,,,,
2023-12-21,12966072.9500843043435125227854042255187,,,,,,,
2023-12-22,14704773.620165850510938910464552666312,,,,,,,
2023-12-23,19860767.54844940421015636177217668873025,,,,,,,
2023-12-24,18725730.35968547041698102306753436262635,,,,,,,
2023-12-25,18217584.10497822857941271969337435238225,,,,,,,
2023-12-26,16655637.6116670961597638034269455154342,,,,,,,
2023-12-27,17842526.06615487884703920091059008628305,,,,,,,
2023-12-28,17873482.25094804988241648466712545456345,,,,,,,
2023-12-29,17569745.83166025764464703193259840533485,,,,,,,
2023-12-30,16408472.21048921812709137622035361089735,,,,,,,
2023-12-31,16765743.16383426749406825179023241238695,,,,,,,
2024-01-01,16383217.68460992602985669858411407816695,,,,,,,
2024-01-02,16299202.7916118529597687182584774402613,,,,,,,
2024-01-03,15620647.62164612478951756727324378878345,,,,,,,
2024-01-04,15975844.74439739965075757968893351949225,,,,,,,
2024-01-05,15426274.1361431981788026200008096901283,,,,,,,
2024-01-06,15582477.036789644228624767676884916179,,,,,,,
2024-01-07,18426254.3695620351874255477269361503458,,,,,,,
2024-01-08,17226584.62758127559551209399959639402675,,,,,,,
2024-01-09,16344948.08396909411866209782982006087075,,,,,,,
2024-01-10,17677040.4357281055365307519601293245079,,,,,,,
2024-01-11,16478426.8621133524944863815190353682804,,,,,,,
2024-01-12,15645313.55369644203552301943386479423955,,,,,,,
2024-01-13,15619464.93311123007648528672619704410655,,,,,,,
2024-01-14,15593621.8134028690080175076762476587279,,,,,,,
2024-01-15,15529800.63952978506868670175,,,,,,,
2024-01-16,15499699.84109553949729186010402662273745,,,,,,,
2024-01-17,15129562.3366654302818058251839503910327,,,,,,,
2024-01-18,14150032.187619198821060863128115083821,,,,,,,
2024-01-19,14253421.16908319576664184030106771959865,,,,,,,
2024-01-20,15419343.03124058017775793364526739455875,,,,,,,
2024-01-21,15584611.3770294373706582526326152768753,,,,,,,
2024-01-22,14494480.5968944660641075883,,,,,,,
2024-01-23,13112291.75914492264469052044019866930605,,,,,,,
2024-01-24,13070556.6060527346729716385390878415381,,,,,,,
2024-01-25,14130222.7709180641835628993760284813738,,,,,,,
2024-01-26,14518039.24815695819467777282135032522215,,,,,,,
2024-01-27,14603571.98284308279101612165210085419065,,,,,,,
2024-01-28,14139006.0292384844725522069324726743685,,,,,,,
2024-01-29,14565012.0945119601290771163160750738731,,,,,,,
2024-01-30,13843387.4425536317553243269671126711213,,,,,,,
2024-01-31,13131630.57623906524544677023575140898615,,,,,,,
2024-02-01,13772460.0668621973059033636822056549049,,,,,,,
2024-02-02,13875223.70830846691348909722930054471565,,,,,,,
2024-02-03,13714394.5443034032817571171195720510743,,,,,,,
2024-02-04,13536662.0779906874274731967670379743225,,,,,,,
2024-02-05,13399343.9974563908785978533155515717279,,,,,,,
2024-02-06,13190704.8502597989193201910584163409249,,,,,,,
2024-02-07,13363627.66602498882581501069820046172635,,,,,,,
2024-02-08,13633579.14518127285341797850518029286845,,,,,,,
2024-02-09,14321692.0134686240007455766434439065716,,,,,,,
2024-02-10,13611993.98232523031147375953096278644435,,,,,,,
2024-02-11,13738080.7554867425972382682861387120384,,,,,,,
2024-02-12,14297949.0584360405872514318950807355665,,,,,,,
2024-02-13,14128167.0736460511829084813715240806178,,,,,,,
2024-02-14,14403322.65630436005821020650348420646505,,,,,,,
2024-02-15,13823309.58680082403486114463395035348535,,,,,,,
2024-02-16,13783316.9851117952843955525080433521996,,,,,,,
2024-02-17,13406699.2634474826953515468629814770921,,,,,,,
2024-02-18,13686992.8526124522684460481651665831081,,,,,,,
2024-02-19,14574398.97313010162174478247052686928175,,,,,,,
2024-02-20,14767282.03795528899406908301334850134705,,,,,,,
2024-02-21,26956880.66058819713519296464288897917775,,,,,,,
2024-02-22,20930061.79986914648654486184954747054275,,,,,,,
2024-02-23,16969943.5781151150348753404574457854196,,,,,,,
2024-02-24,18628326.3948126440935937972350854569322,,,,,,,
2024-02-25,22812638.25430018548577963274049513572685,,,,,,,
2024-02-26,21368276.04737125691250103120129527485055,,,,,,,
2024-02-27,19966076.6621693668691743936466451196337,,,,,,,
2024-02-28,19758686.399262646593744101906092477906,,,,,,,
2024-02-29,19820684.71557959814549585426819326949205,,,,,,,
2024-03-01,20444409.4037240187361536065540407543597,,,,,,,
2024-03-02,20001240.0755487415583067508527201592616,,,,,,,
2024-03-03,20261766.62535888666864865470734707568585,,,,,,,
2024-03-04,19602676.0090354510582495104639515059791,,,,,,,
2024-03-05,19629151.5753391255557785878413820560989,,,,,,,
2024-03-06,21297379.92193535302101508679595309893915,,,,,,,
2024-03-07,20221330.2357174107141202545996971132052,,,,,,,
2024-03-08,21467898.5124073093924729275968737017731,,,,,,,
2024-03-09,58561415.8824236141551721909750996749601,,,,,,,
2024-03-10,61742555.09018883059611829223155440348025,,,,,,,
2024-03-11,55333329.6924714144165074455290170340604,,,,,,,
2024-03-12,47433741.8200511307978591829253596852308,,,,,,,
2024-03-13,62350955.76359841125332666521935900459005,,,,,,,
2024-03-14,60692910.24826979973671579710780322551645,,,,,,,
2024-03-15,57467587.21025955090114662643674275243605,,,,,,,
2024-03-16,48554312.26566659550691404537159462555255,,,,,,,
2024-03-17,56576825.6426571877240946569989363560349,,,,,,,
2024-03-18,56364314.86190095704457741103914575198675,,,,,,,
2024-03-19,47667057.1334015819126107979137565637828,,,,,,,
2024-03-20,52321491.5881518388571081261069046664431,,,,,,,
2024-03-21,46773060.24489494225730844877152788851595,,,,,,,
2024-03-22,47826566.19077187759123460404203815015035,,,,,,,
2024-03-23,65414569.7890207795972498074183030573447,,,,,,,
2024-03-24,59701973.50122023877954552875797341421545,,,,,,,
2024-03-25,56267210.24678729101943860572202203397815,,,,,,,
2024-03-26,54835628.14074140331931145809888151240475,,,,,,,
2024-03-27,52674005.71244718027849598191505597515435,,,,,,,
2024-03-28,53659032.67785132117256351903031413756755,,,,,,,
2024-03-29,46147009.27168399874525364641943842678835,,,,,,,
2024-03-30,44211998.2666476567867320753333663179878,,,,,,,
2024-03-31,43484969.3434592670182729624336791265295,,,,,,,
2024-04-01,44563214.3439752292870569392456143017556,,,,,,,
2024-04-02,41683880.55785932448973116756586341398035,,,,,,,
2024-04-03,40725426.95996270992388122062697927636275,,,,,,,
2024-04-04,40407781.4654542198814302068869601653385,,,,,,,
2024-04-05,38544017.83755179748600726438172524732015,,,,,,,
2024-04-06,39018750.53290155106248501772667327510415,,,,,,,
2024-04-07,38998474.5897915151291996339384544784996,,,,,,,
2024-04-08,41494920.519863165000015362117996721277,,,,,,,
2024-04-09,38073600.74457727975075538205004230080415,,,,,,,
2024-04-10,38159861.0178988539221539845724667750133,,,,,,,
2024-04-11,38111920.4589913186921603238258437855938,,,,,,,
2024-04-12,33833388.67858538926721841860883823665645,,,,,,,
2024-04-13,33135253.5038549565196170746450081259975,,,,,,,
2024-04-14,32234457.7796296531143257899824886846722,,,,,,,
2024-04-15,29914814.01717476930081106860620731879465,,,,,,,
2024-04-16,28929180.91629355651372183305798488206545,,,,,,,
2024-04-17,30737187.21410562250748186388389427582735,,,,,,,
2024-04-18,35033517.95635114951235116634061395016915,,,,,,,
2024-04-19,33440775.38647787392408609904663139535785,,,,,,,
2024-04-20,33880110.92707666019950261643512749966225,,,,,,,
2024-04-21,32571217.433883836538972408527674250931,,,,,,,
2024-04-22,37270410.3924704258470980107076505822239,,,,,,,
2024-04-23,36322071.36932598735368883906436684326435,,,,,,,
2024-04-24,33517066.2771350798952950489089055779782,,,,,,,
2024-04-25,35300115.72068441231213011205249840533485,,,,,,,
2024-04-26,34987167.40426289663930810412161228107335,,,,,,,
2024-04-27,33499368.00016833661965496953993618911745,,,,,,,
2024-04-28,33060038.9467969044950755734211490908731,,,,,,,
2024-04-29,31894162.9594202231042492806859611137429,,,,,,,
2024-04-30,29231445.24112714298995738214847571361055,,,,,,,
2024-05-01,28553582.77798131543463936291390517010405,,,,,,,
2024-05-02,28818477.10474526313165703126291850578095,,,,,,,
2024-05-03,29803552.01109928854152155326533592584925,,,,,,,
2024-05-04,30337899.08516795834083000188240757736895,,,,,,,
2024-05-05,34185860.98605095074210655645453325552105,,,,,,,
2024-05-06,33645882.8518369403434806874360794515694,,,,,,,
2024-05-07,32232695.06537215120466561751598949727195,,,,,,,
2024-05-08,30357708.95424509997559526118928656367125,,,,,,,
2024-05-09,31180462.82399696989306166687730268992375,,,,,,,
2024-05-10,30821686.9793333262101517638550137836614,,,,,,,
2024-05-11,30449781.07618240414816692055726388487795,,,,,,,
2024-05-12,30250926.2115922984431797197259859456954,,,,,,,
2024-05-13,29232782.4611671268534392485792975537105,,,,,,,
2024-05-14,28676333.64325860496521486012804831842715,,,,,,,
2024-05-15,29859588.88211420494778840300911034759925,,,,,,,
2024-05-16,29932072.1401777157885856714559110020382,,,,,,,
2024-05-17,30141712.2567873525892284231343712013471,,,,,,,
2024-05-18,30159111.4600884711303174771247267176531,,,,,,,
2024-05-19,29691866.30153773395294280184644946895075,,,,,,,
2024-05-20,31464304.41257571986334288942743648364885,,,,,,,
2024-05-21,31199704.00104983655293131831995004632,,,,,,,
2024-05-22,34077317.036575537568927028307891872447,,,,,,,
2024-05-23,31219938.554920528896745974685786084353,,,,,,,
2024-05-24,32048090.80390228557515705126064800759565,,,,,,,
2024-05-25,32066820.43067853147040072616757277511865,,,,,,,
2024-05-26,31160293.2866192047756545260515007820654,,,,,,,
2024-05-27,32083414.0170703617819691831582804266891,,,,,,,
2024-05-28,31559580.41146554275904537186187531605885,,,,,,,
2024-05-29,30204880.2137100815994062057759972902881,,,,,,,
2024-05-30,29928884.3925706642026939625847843980848,,,,,,,
2024-05-31,29100229.98318793969345550927562968008215,,,,,,,
2024-06-01,30533915.07676376613877840009171232098185,,,,,,,
2024-06-02,29575366.7682094546069183382297260741089,,,,,,,
2024-06-03,29310255.6269624284037763612475024683336,,,,,,,
2024-06-04,29378732.87350426249894063136341639616685,,,,,,,
2024-06-05,29621956.633993614334286146096654606917,,,,,,,
2024-06-06,29576061.7866838860455227437544499503758,,,,,,,
2024-06-07,28054147.0716897563006215902225413509842,,,,,,,
2024-06-08,27102043.72713007813686797037773358228555,,,,,,,
2024-06-09,27593588.0468122289844460741837952452107,,,,,,,
2024-06-10,26060611.7177612259737671147016177289,,,,,,,
2024-06-11,23517095.62352734270797671420945603845965,,,,,,,
2024-06-12,26298759.8568643591283650923621928491222,,,,,,,
2024-06-13,23752219.9107919654329931275925607923095,,,,,,,
2024-06-14,23269291.37680370478340607889626648814345,,,,,,,
2024-06-15,22907601.20149062792282491329545775075215,,,,,,,
2024-06-16,23708923.74953634638210259576015640427085,,,,,,,
2024-06-17,22609910.6716700735820340331995705435065,,,,,,,
2024-06-18,20088953.09780186066114370348832656166875,,,,,,,
2024-06-19,20660689.8733771513623174247156450584087,,,,,,,
2024-06-20,20113127.4647618206667861613128930421765,,,,,,,
2024-06-21,20008187.7508391708165578747969351752261,,,,,,,
2024-06-22,21057200.3963260495917791265095656068393,,,,,,,
2024-06-23,20660240.3947800319352486913821458404741,,,,,,,
2024-06-24,19676743.31638142044336945013651297106165,,,,,,,
2024-06-25,19486632.74189578724000462171668020974925,,,,,,,
2024-06-26,19098762.5790891192503594501431620314004,,,,,,,
2024-06-27,20068779.867705402610848863434997077872,,,,,,,
2024-06-28,21108297.7702673370873579228475718178351,,,,,,,
2024-06-29,19206503.9501881017727458563579290444419,,,,,,,
2024-06-30,19770375.6651131137863153071536904418573,,,,,,,
2024-07-01,20014036.3880069165262807732,,,,,,,
2024-07-02,19461161.4672975640430542576414894667376,,,,,,,
2024-07-03,21070221.73713138323371638855993195536145,,,,,,,
2024-07-04,18128416.45785200211864102156494270025165,,,,,,,
2024-07-05,18296383.71372294818739458319089547997575,,,,,,,
2024-07-06,18816749.9595082891299871301401134586215,,,,,,,
2024-07-07,19367718.65773336195745213602117259519715,,,,,,,
2024-07-08,18627681.93225150955071872891136062978955,,,,,,,
2024-07-09,19509959.67981469613898377702651297106165,,,,,,,
2024-07-10,18323931.877863993132543093952884916179,,,,,,,
2024-07-11,17579053.78050443581771083145046108681505,,,,,,,
2024-07-12,18858324.0220422972549340042339173591003,,,,,,,
2024-07-13,19357727.23590510653894821698200568819825,,,,,,,
2024-07-14,20352401.70977986045324738875809964442575,,,,,,,
2024-07-15,21051210.9586338447421419622221620924691,,,,,,,
2024-07-16,23440265.51815521156468848081767831392975,,,,,,,
2024-07-17,22419570.02428889516146657796810777042325,,,,,,,
2024-07-18,21422031.3259455707973453537763646927883,,,,,,,
2024-07-19,21821708.66911962852755779883075445403145,,,,,,,
2024-07-20,21390697.36805506608502917663000406299875,,,,,,,
2024-07-21,21916203.7775547692858303904626304316132,,,,,,,
2024-07-22,21336452.3843898675842454921754149518354,,,,,,,
2024-07-23,19834725.9745955442059127863737844591535,,,,,,,
2024-07-24,19436913.18701024582802181656181830574855,,,,,,,
2024-07-25,19354201.491498547953014486516766581959,,,,,,,
2024-07-26,20172851.95540931712145175568457779583555,,,,,,,
2024-07-27,20871733.09437514567796866984571557138085,,,,,,,
2024-07-28,20216365.01784578563061012640021472824675,,,,,,,
2024-07-29,19787956.54073282518710997982786758924255,,,,,,,
2024-07-30,19280191.79897326597604352262030612328185,,,,,,,
2024-07-31,19789646.4852727337325268037755234737897,,,,,,,
2024-08-01,19113540.86802557503711314409389385477625,,,,,,,
2024-08-02,17655240.79807188711177989609409320469645,,,,,,,
2024-08-03,17305309.7039065761227361909521263991488,,,,,,,
2024-08-04,16647155.6639874934156545937870405078501,,,,,,,
2024-08-05,15288564.8985406033961284966894295175622,,,,,,,
2024-08-06,16043842.82557961369928969335,,,,,,,
2024-08-07,14427189.71287547587588333539905704017135,,,,,,,
2024-08-08,15919470.1993844183565664304066142406869,,,,,,,
2024-08-09,15654294.2397593433355955007445349366505,,,,,,,
2024-08-10,16394022.9048513912357944684996506469163,,,,,,,
2024-08-11,17101948.806399976320502941329230167642,,,,,,,
2024-08-12,17974268.7336273410539917569913760081161,,,,,,,
2024-08-13,17331087.04267265799749960427012564761775,,,,,,,
2024-08-14,17002844.5356652600450971311603892686709,,,,,,,
2024-08-15,16377909.8331908208732658152,,,,,,,
2024-08-16,15539032.5257645820521735992754732758113,,,,,,,
2024-08-17,15347095.05700529333253529288732168607025,,,,,,,
2024-08-18,15095625.48280715465901537134019528692145,,,,,,,
2024-08-19,15324578.8029840291741341823422398577703,,,,,,,
2024-08-20,15625823.4392117506009885779174505230183,,,,,,,
2024-08-21,26820902.2192192938639173992500413509842,,,,,,,
2024-08-22,20843288.93705696030576662779583221933265,,,,,,,
2024-08-23,20656773.5780692697490070944785502731896,,,,,,,
2024-08-24,20906122.14221133760813183609076576935925,,,,,,,
2024-08-25,20372513.26944586292230809194458592183305,,,,,,,
2024-08-26,19866315.29614415307347746485913419351365,,,,,,,
2024-08-27,18097562.75213626106948288851592623662885,,,,,,,
2024-08-28,17603428.67183664809917290839476901975825,,,,,,,
2024-08-29,20071003.117867738756171184345437582491,,,,,,,
2024-08-30,18429480.8200102912567389910276773272157,,,,,,,
2024-08-31,18861561.85748317929821986369301056379675,,,,,,,
2024-09-01,18691246.2194729850118123602363484407933,,,,,,,
2024-09-02,19051628.49434268616224895780720822744875,,,,,,,
2024-09-03,18378124.8746319530737380513130178161258,,,,,,,
2024-09-04,18754570.1843340477685585406398087760773,,,,,,,
2024-09-05,17795604.63953915191796896892644652108825,,,,,,,
2024-09-06,17410641.70776524717784492865,,,,,,,
2024-09-07,17692013.72382528680363682606179008628305,,,,,,,
2024-09-08,18248587.0305988686997732942,,,,,,,
2024-09-09,19518504.89390800336900300379295542915115,,,,,,,
2024-09-10,19252173.34068524980130226323927311329135,,,,,,,
2024-09-11,18754276.340269942147589982759894667376,,,,,,,
2024-09-12,18900322.28169168543905091185,,,,,,,
2024-09-13,19877065.3923655299884534577125137836614,,,,,,,
2024-09-14,19645162.56865490456965390345,,,,,,,
2024-09-15,19134973.09155744165026817991718559679315,,,,,,,
2024-09-16,18717932.18278434683402728679127473849085,,,,,,,
2024-09-17,19271411.9645496487674450720033719756517,,,,,,,
2024-09-18,19188225.7985545372975109445504457084885,,,,,,,
2024-09-19,19839892.64039570935230465135,,,,,,,
2024-09-20,20207475.28867395315106892238667750133,,,,,,,
2024-09-21,20748756.28058271943087781079239626204115,,,,,,,
2024-09-22,20178568.2085762613354926071061377755453,,,,,,,
2024-09-23,20119327.7480069165262807732,,,,,,,
2024-09-24,19824856.6036292263259093910055202844594,,,,,,,
2024-09-25,19808976.76320641924006203002019209759115,,,,,,,
2024-09-26,19757918.4761563160179279584463014321452,,,,,,,
2024-09-27,21072338.65110400883500808190690920256845,,,,,,,
2024-09-28,20957633.07084053804820913875,,,,,,,
2024-09-29,20373922.36475451584812679097812721174855,,,,,,,
2024-09-30,20119327.7480069165262807732,,,,,,,
2024-10-01,18658404.2046883478122892820153241238695,,,,,,,
2024-10-02,18530717.65785367541672791234672044697935,,,,,,,
2024-10-03,18000852.5128310070596867933546953174558,,,,,,,
2024-10-04,19009568.06698262627841854581936713058755,,,,,,,
2024-10-05,21420423.99102635783848044275647727774135,,,,,,,
2024-10-06,19935933.8281704198265320180446288674824,,,,,,,
2024-10-07,19041224.31383168463144844530696999487795,,,,,,,
2024-10-08,19336147.30145757533496856083494892835315,,,,,,,
2024-10-09,18986643.82700306419094995142494573902285,,,,,,,
2024-10-10,18962712.4665304521334831974780810767689,,,,,,,
2024-10-11,19010504.4168465028698754428320323818526,,,,,,,
2024-10-12,19030886.35806790320225596838788897917775,,,,,,,
2024-10-13,18605342.56444114793681891744778364655375,,,,,,,
2024-10-14,19001587.3175620878303762858,,,,,,,
2024-10-15,18780706.73980603252834007266887441345095,,,,,,,
2024-10-16,18629007.17408047826507479,,,,,,,
2024-10-17,18583240.3525397170454106306669546165514,,,,,,,
2024-10-18,21227164.48877933177598270196066043673525,,,,,,,
2024-10-19,19947338.00518535331095452822111746055155,,,,,,,
2024-10-20,19759780.65478759806769778188544164548975,,,,,,,
2024-10-21,19662042.56865490456965390345,,,,,,,
2024-10-22,19519934.0273944852783091725129432401549,,,,,,,
2024-10-23,19009600.26928807125989200686004294564935,,,,,,,
2024-10-24,19548314.3442805220470978415461766581959,,,,,,,
2024-10-25,18322748.67380033542141426389383059413315,,,,,,,
2024-10-26,18448431.3782293317401239875982528593663,,,,,,,
2024-10-27,19506204.0755867615545765261144489588875,,,,,,,
2024-10-28,18736558.8555927715891153556298395327304,,,,,,,
2024-10-29,19662777.81002498742207529814978527175325,,,,,,,
2024-10-30,19475672.49691409978700315555,,,,,,,
2024-10-31,18622051.8199893141823184425693273742685,,,,,,,
2024-11-01,19196117.3893028926130270337,,,,,,,
2024-11-02,18819995.1355188087415512518785964245611,,,,,,,
2024-11-03,17705156.8153764543518210505,,,,,,,
2024-11-04,17643745.0991593809321903985206563737365,,,,,,,
2024-11-05,19089899.51936835945197270545478846108355,,,,,,,
2024-11-06,19651901.68397979741446105844140763843765,,,,,,,
2024-11-07,19908315.75024603398363894093087922798075,,,,,,,
2024-11-08,25152653.56428273408453180648088169631435,,,,,,,
2024-11-09,22163388.17207736290534710706286953785245,,,,,,,
2024-11-10,24249703.6376562604776455309631701573979,,,,,,,
2024-11-11,23096556.51901522018962934396686466225395,,,,,,,
2024-11-12,20927068.9157803489449588338858419399953,,,,,,,
2024-11-13,20133746.2005527411770588491200113153278,,,,,,,
2024-11-14,19586111.19693630783035385740184522092865,,,,,,,
2024-11-15,20021357.7493416414489230776474392076905,,,,,,,
2024-11-16,21107755.8440418333779833735642609242951,,,,,,,
2024-11-17,20431099.5955528282531779581747812087545,,,,,,,
2024-11-18,22244809.34602606691778668420673988830465,,,,,,,
2024-11-19,20951858.28671155740512988583481602840635,,,,,,,
2024-11-20,20202717.91444228673884796118394405275465,,,,,,,
2024-11-21,20401871.52992844958079964904233793806525,,,,,,,
2024-11-22,20513383.6060560955025202904182641746941,,,,,,,
2024-11-23,22735125.2342101005002415361434246419637,,,,,,,
2024-11-24,21989564.62515859926183764596643520576045,,,,,,,
2024-11-25,24106754.8278863786603693698867333569723,,,,,,,
2024-11-26,24028820.0589577788429795325172091011172,,,,,,,
2024-11-27,25981529.1320997388511315746493743829166,,,,,,,
2024-11-28,26462323.4792890654163203504921232098185,,,,,,,
2024-11-29,27235256.73997553885939584162768962925755,,,,,,,
2024-11-30,27217685.09530438716985552884482415440385,,,,,,,
2024-12-01,26130773.6611466628901241529232560486966,,,,,,,
2024-12-02,27164030.09196484599481356388595380395165,,,,,,,
2024-12-03,29605365.5370305046145258814697868664184,,,,,,,
2024-12-04,30033422.2788103030018402982944797155406,,,,,,,
2024-12-05,29259144.01629616915674352770166531233375,,,,,,,
2024-12-06,37774029.62725495453388978191498781100375,,,,,,,
2024-12-07,35121421.7994255040941814923311685321984,,,,,,,
2024-12-08,34395073.40874453795110868544838735397825,,,,,,,
2024-12-09,30162129.7936970166273957673227325749069,,,,,,,
2024-12-10,28938109.387808442300242147684230167642,,,,,,,
2024-12-11,31093123.5931265059254115170145737328368,,,,,,,
2024-12-12,29596623.59010290360890479055410452002425,,,,,,,
2024-12-13,30591564.37701383566977601746291973583085,,,,,,,
2024-12-14,29511235.22442280701451557441829899434595,,,,,,,
2024-12-15,30851354.6844961927214323055028711325176,,,,,,,
2024-12-16,29283545.70328093303730356558831843567125,,,,,,,
2024-12-17,27715098.2685259709083753117280291314536,,,,,,,
2024-12-18,26902409.93582579792761850653288085318025,,,,,,,
2024-12-19,23989001.206642857839667090492552666312,,,,,,,
2024-12-20,23744887.26268189658361489691299112247145,,,,,,,
2024-12-21,23124567.99564531599940231592868637885855,,,,,,,
2024-12-22,23040078.3971798293500246699462512341668,,,,,,,
2024-12-23,25153036.2765304032051784579605284104569,,,,,,,
2024-12-24,25213998.99906599543610465967305263577765,,,,,,,
2024-12-25,25692356.8884902552231524623,,,,,,,
2024-12-26,23586605.5877205452754206266914975927351,,,,,,,
2024-12-27,24299256.74519930649364524868313533774605,,,,,,,
2024-12-28,23620292.91740644987213132991548865413785,,,,,,,
2024-12-29,22855354.3331287757114710923078265922031,,,,,,,
2024-12-30,22132241.3060599798559845108289675570787,,,,,,,
2024-12-31,21121117.2289973863724721744823451903943,,,,,,,
2025-01-01,22273703.9774739334320510993959221736301,,,,,,,
2025-01-02,22189208.89872051451204756995547733881005,,,,,,,
2025-01-03,23399212.6234650418517841446758362823314,,,,,,,
2025-01-04,23608554.1407370103452703425367941492818,,,,,,,
2025-01-05,23623548.2084156206019713369969351752261,,,,,,,
2025-01-06,23843192.6669288068650051892939205484306,,,,,,,
2025-01-07,23307171.1882813024387006484927990248803,,,,,,,
2025-01-08,22471893.10888108957570754218000406299875,,,,,,,
2025-01-09,22196760.7354387672757534201560794515694,,,,,,,
2025-01-10,25201021.67733239561084821740177877095525,,,,,,,
2025-01-11,24068181.86614989543627666055497649567595,,,,,,,
2025-01-12,22818841.7890548416537109124898671000532,,,,,,,
2025-01-13,23530335.1126302746223871994754764651416,,,,,,,
2025-01-14,23755154.3753117271552989783501247739493,,,,,,,
2025-01-15,24031145.61722077141278686188214671414255,,,,,,,
2025-01-16,23243743.6733763143799204724991863483242,,,,,,,
2025-01-17,25660244.20515468280139152314650484506415,,,,,,,
2025-01-18,23630967.04747995819297186040296674447895,,,,,,,
2025-01-19,21319861.861881559030421064752447333688,,,,,,,
2025-01-20,23461565.72009783825023854104566043673525,,,,,,,
2025-01-21,21802204.9742632637265642132684797766093,,,,,,,
2025-01-22,21552461.449263002548981401507009751197,,,,,,,
2025-01-23,21619010.72746829511799303082887760278125,,,,,,,
2025-01-24,23247864.33866962544889868027682896893365,,,,,,,
2025-01-25,21621183.85788668629296201019277552055625,,,,,,,
2025-01-26,24679517.84062447391274376325253728798545,,,,,,,
2025-01-27,29691339.235853382051566175725384916179,,,,,,,
2025-01-28,25278075.49300742746579670718944242755515,,,,,,,
2025-01-29,24921028.92847406639728344665561023875685,,,,,,,
2025-01-30,24418004.2670563976676953170829043575043,,,,,,,
2025-01-31,28501185.849457474775249009236730167642,,,,,,,
2025-02-01,25857848.58392564924357280942032818686825,,,,,,,
2025-02-02,23358401.93699627164809273524076823769285,,,,,,,
2025-02-03,23213361.97095598525736713895176745562745,,,,,,,
2025-02-04,20791179.4511842046876850071924278923627,,,,,,,
2025-02-05,20072779.6980668862162185003523808837146,,,,,,,
2025-02-06,26440392.1782140805879166254558857593131,,,,,,,
2025-02-07,25738602.3383040525873106782612211985104,,,,,,,
2025-02-08,24406361.2504963972587668434502568886825,,,,,,,
2025-02-09,22491932.87619063923065647293631251247445,,,,,,,
2025-02-10,23018198.9297803172774542697088475352874,,,,,,,
2025-02-11,22156688.31987699855643218918890198077375,,,,,,,
2025-02-12,22609472.7555968541586418532700940172962,,,,,,,
2025-02-13,21864842.16617004260199026455860048755985,,,,,,,
2025-02-14,22830808.4107051387639253505331864093929,,,,,,,
2025-02-15,22473902.80477002830110382369032818686825,,,,,,,
2025-02-16,22513130.47652563246860496964264262060945,,,,,,,
2025-02-17,22712259.186652754212893915521766581959,,,,,,,
2025-02-18,21575372.81209138981798169196548052814035,,,,,,,
2025-02-19,22105200.91371075534712231372743514469175,,,,,,,
2025-02-20,22133892.67342991602758332235046921281255,,,,,,,
2025-02-21,21855821.86785837628622245265622772984275,,,,,,,
2025-02-22,23227834.13952899594495254698337402883085,,,,,,,
2025-02-23,23823343.0596369022251770934642107263167,,,,,,,
2025-02-24,22063100.5705913999738493796147617674292,,,,,,,
2025-02-25,22021789.5291471826238119145575607923095,,,,,,,
2025-02-26,22500688.32937598736087040298850647026365,,,,,,,
2025-02-27,21862537.6735263347513626292170875164982,,,,,,,
2025-02-28,21639640.30432214761351063455,,,,,,,
2025-03-01,21923129.0419333547874867564,,,,,,,
2025-03-02,23894770.29212335162277759536103156925285,,,,,,,
2025-03-03,21969863.5382837811368453570709691822782,,,,,,,
2025-03-04,20790274.83050169485727545863921478931545,,,,,,,
2025-03-05,20991724.24510038113168535759707532750195,,,,,,,
2025-03-06,20221845.4038196157628470299065089080629,,,,,,,
2025-03-07,20355293.87384027251720124347643026909325,,,,,,,
2025-03-08,20341705.68938764090885250792838169631435,,,,,,,
2025-03-09,19069913.56506847040367662364126661249335,,,,,,,
2025-03-10,17328684.785931175579547257048565667908,,,,,,,
2025-03-11,17580998.07013138941931646557318234639415,,,,,,,
2025-03-12,18283266.5762915586187212679125219096589,,,,,,,
2025-03-13,17361514.459292445405704844192098831826,,,,,,,
2025-03-14,17894652.499962686324364465455016251995,,,,,,,
2025-03-15,17997997.59753888637006439682788085318025,,,,,,,
2025-03-16,17930672.18177177037235239941650165573385,,,,,,,
2025-03-17,17967237.27903477149644796656967500246205,,,,,,,
2025-03-18,17432781.80317221092316620100523098024175,,,,,,,
2025-03-19,18508036.6858369241223046218721620924691,,,,,,,
2025-03-20,18249381.72442305051917527823281440320685,,,,,,,
2025-03-21,18230130.91045415692099235150396349407995,,,,,,,
2025-03-22,17633202.0518366272588479072960487805535,,,,,,,
2025-03-23,17920496.94167805085868266343414021334455,,,,,,,
2025-03-24,18493203.0869945446827170077749886846722,,,,,,,
2025-03-25,18703508.20313939578249349311247402734235,,,,,,,
2025-03-26,18966157.04002076147995298904889385477625,,,,,,,
2025-03-27,17875177.31712622888826717695867506353075,,,,,,,
2025-03-28,16894026.3844588979707398985220875164982,,,,,,,
2025-03-29,16488132.77557961369928969335,,,,,,,
2025-03-30,16593564.81983404076506095798426545041675,,,,,,,
2025-03-31,16554080.61031875297292918814231467852685,,,,,,,
2025-04-01,16401017.5604372122294933694625595829169,,,,,,,
2025-04-02,15976735.09573978213715210533441840523204,,,,,,,
2025-04-03,15532028.47248097692006999497046066170876,,,,,,,
2025-04-04,15061419.78643445821484442915126071405848,,,,,,,
2025-04-05,15078921.94162350346849558426459797358696,,,,,,,
2025-04-06,13437084.60869059289910258450317637237688,,,,,,,
2025-04-07,13355514.66404863580387394702010194717508,,,,,,,
2025-04-08,12223616.80870183391736659404858045045432,,,,,,,
2025-04-09,13474831.3978062671657482599124634477164,,,,,,,
2025-04-10,13115845.63664612194011666890577770297484,,,,,,,
2025-04-11,13608866.20981661633929188082662743656864,,,,,,,
2025-04-12,14077316.30910030602019804787972311999056,,,,,,,
2025-04-13,13678269.93130357476687682987788038983436,,,,,,,
2025-04-14,13856801.02996805748957559502529849317636,,,,,,,
2025-04-15,13420950.96400274822511902442690735905792,,,,,,,
2025-04-16,13383860.97809516411415334654789502991212,,,,,,,
2025-04-17,13599386.39521640770874067979993028952772,,,,,,,
2025-04-18,14093488.17066856746042018444766670060916,,,,,,,
2025-04-19,13993618.86009821337958457199494181841932,,,,,,,
2025-04-20,14848334.8927311442189401461348318853454,,,,,,,
2025-04-21,14587015.69120553944061662523477244637896,,,,,,,
2025-04-22,15923056.43651996103474498158717304841712,,,,,,,
2025-04-23,15191135.26345732917428456866587492473624,,,,,,,
2025-04-24,15656508.96804193296836800241669151192136,,,,,,,
2025-04-25,16095369.31130360568165401480460055773132,,,,,,,
2025-04-26,16248497.02892130377225426666696374405372,,,,,,,
2025-04-27,17066556.9013315332364349612606630961146,,,,,,,
2025-04-28,16466091.210565879295980916032805458056,,,,,,,
2025-04-29,16280960.726227965399275477244069243697,,,,,,,
2025-04-30,16468382.04279997608114315256334724319428,,,,,,,
2025-05-01,16815042.06393690845488115308611164795172,1.72476089620377,0.0000183024267733572,0.0009607182145706,1.52282988638936,1.72476089620377,1.734302475597782,gate.io-avt-usdt-spot
2025-05-02,16343767.99573682598644729236531923290168,1.76106717372273,0.0000182661067249256,0.000958035870532602,1.55820637436679,1.76106717372273,1.7615690187283581,gate.io-avt-usdt-spot
2025-05-03,16731127.5733459847880252365278398801008,1.71170986089662,0.0000176752654442261,0.000929614255775708,1.51559164290449,1.71170986089662,1.72,coinbase-avt-usd-spot
2025-05-04,16458480.32727149702598362990244106614876,1.7522786702972,0.0000182636305386709,0.000954692018525848,1.55274021916396,1.7522786702972,1.78,coinbase-avt-usd-spot
2025-05-05,16892512.88802656617987167437827945684288,1.72241152856559,0.000018250178670556,0.000951993130858367,1.52307794644181,1.72241152856559,1.7,coinbase-avt-usd-spot
2025-05-06,16321285.48189040685420622131104290851212,1.76783386838992,0.0000186374734131133,0.000970043022938738,1.56315514728432,1.76783386838992,1.78,coinbase-avt-usd-spot
2025-05-07,,1.70805382489883,0.0000176674647669666,0.000941477553168331,1.50615884298706,1.70805382489883,1.72,coinbase-avt-usd-spot
