time,AdrActCnt,CapMrktCurUSD,IssTotNtv,IssTotUSD,NVTAdj,NVTAdj90,PriceBTC,PriceUSD,ROI1yr,ROI30d,SplyCur,TxCnt,TxTfrCnt,TxTfrValAdjNtv,TxTfrValAdjUSD,TxTfrValMeanNtv,TxTfrValMeanUSD,TxTfrValMedNtv,TxTfrValMedUSD,TxTfrValNtv,TxTfrValUSD,VtyDayRet180d,VtyDayRet30d,VtyDayRet60d
2019-09-05,0.0,,0.0,,,,,,,,0.0,0.0,0.0,0.0,,,,,,0.0,,,,
2019-09-06,0.0,,0.0,,,,,,,,0.0,0.0,0.0,0.0,,,,,,0.0,,,,
2019-09-07,0.0,,0.0,,,,,,,,0.0,0.0,0.0,0.0,,,,,,0.0,,,,
2019-09-08,0.0,,0.0,,,,,,,,0.0,0.0,0.0,0.0,,,,,,0.0,,,,
2019-09-09,0.0,,0.0,,,,,,,,0.0,0.0,0.0,0.0,,,,,,0.0,,,,
2019-09-10,8.0,,31.0,,0.65853659,,,,,,27.0,8.0,8.0,41.0,,5.125,,2.5,,41.0,,,,
2019-09-11,5.0,,6000066.3,,1.00000433,,,,,,6000093.3,3.0,3.0,6000067.3,,2000022.43333333,,83.3,,6000067.3,,,,
2019-09-12,12.0,,51.55,,43748.77761575,,,,,,6000144.85,19.0,19.0,137.15,,7.27105263,,10.0,,138.15,,,,
2019-09-13,5.0,,3.75,,480011.888,,,,,,6000148.6,3.0,3.0,12.5,,4.16666667,,3.75,,12.5,,,,
2019-09-14,0.0,,0.0,,,,,,,,6000148.6,0.0,0.0,0.0,,,,,,0.0,,,,
2019-09-15,0.0,,0.0,,,,,,,,6000148.6,0.0,0.0,0.0,,,,,,0.0,,,,
2019-09-16,4.0,,25.0,,133337.19111111,,,,,,6000173.6,2.0,2.0,45.0,,22.5,,22.5,,45.0,,,,
2019-09-17,6.0,,14.0,,200006.25333333,,,,,,6000187.6,5.0,5.0,30.0,,6.0,,3.0,,30.0,,,,
2019-09-18,8.0,,2011097.87,,1.99176818,,,,,,8011285.47,9.0,9.0,4022197.74,,446910.86,,1085.0,,4022197.74,,,,
2019-09-19,7.0,,0.0,,2.56221914,,,,,,8011285.47,6.0,6.0,3126698.0,,521116.33333333,,375203.0,,3126698.0,,,,
2019-09-20,12.0,8091626.01116335204052268,81084.36,81076.90704424135984656,36.95313786,,0.00009831816939434064,0.999908083929396,,,8092369.83,11.0,11.0,218990.0587,218969.9299943029566955452,27635.45988182,27632.91973893832862338398072,10000.0,9999.08083929396,303990.0587,303962.1171283016166955452,,,
2019-09-21,3.0,8082282.44786756681088585,0.0,0.0,129.36368106,,0.00010001130127704432,0.998753469954495,,,8092369.83,2.0,2.0,62555.19141,62477.21448440511871488795,31277.595705,31238.607242202559357443975,31277.595705,31238.607242202559357443975,62555.19141,62477.21448440511871488795,,,
2019-09-22,2.0,8121637.8288690871843782,0.0,0.0,49788.16895949,,0.000099892046791813,1.00361674014954,,,8092369.83,1.0,1.0,162.536,163.12385047694563344,162.536,163.12385047694563344,162.536,163.12385047694563344,162.536,163.12385047694563344,,,
2019-09-23,22.0,8298709.09690723421969398,219620.6,219269.6787174025805116,2.2872444,,0.00010300513990371197,0.998402147691986,,,8311990.43,36.0,36.0,3634063.0836580405,3628256.387572349026021146313433,100946.36343495,100785.0660551498450855473107,60151.24,60055.12720233609596264,3634069.08365806,3628262.37798525464677902630716,,,
2019-09-24,26.0,8539042.7799871344490119,1657995.35,1664150.2487240622539405,0.51550061,,0.00011652548888286092,1.00371225330883,,,8507460.93,50.0,50.0,16503299.532013979,16564563.96030831048405656413457,330065.99064028,331291.2792061666312402776724,70121.145,70381.45245254519821035,16503299.53201398,16564563.9603083114877688174434,,,
2019-09-25,16.0,16691469.5451612988120513,8260306.56,8260159.1151169391729472,0.73604206,,0.0001187041116946617,0.99998215019237,,,16691767.49,37.0,36.0,22677735.99038403,22677331.1971591177175346758511,1082159.27195511,1082139.9556202805804325045107,429996.71,429989.0346414449671027,38957733.79038403,38957038.4023301708943206758511,,,
2019-09-26,13.0,18098186.44803434077224,1407829.78,1409273.07692874064796,8.02650798,,0.0001237101936940203,1.001025192782,,,18079651.32,15.0,15.0,2252492.7859199997,2254802.0252656319549218821654,150166.85239467,150320.80236784067509927194,35799.548,35836.249438208462536,2252502.78592,2254812.03551756007522944,,,
2019-09-27,19.0,17763246.0435894945579664,6071.6,6071.654171267169904,17.12047637,,0.00012214924135456074,1.00000892207444,,,17763087.56,22.0,22.0,1037534.655942,1037543.91290343439431232248,47160.66617918,47161.0869501542906343381592,17664.291,17664.44860211923182204,1037534.655942,1037543.91290343439431232248,,,
2019-09-28,6.0,17750839.2520451574656954,0.0,0.0,862.05407245,,0.00012183772492689509,0.999310462895965,,,17763087.56,8.0,8.0,20605.53755,20591.32926731068855098575,2575.69219375,2573.91615841383606887321875,126.587235,126.499948404570302006775,20605.53755,20591.32926731068855098575,,,
2019-09-29,5.0,17764206.7013948375560268,0.0,0.0,59.20872876,,0.0001240079365079367,1.00006300376503,,,17763087.56,3.0,3.0,300007.92,300026.8216284988190376,100002.64,100008.9405428329396792,149998.96,150008.4104992305843688,300007.92,300026.8216284988190376,,,
2019-09-30,16.0,19273541.6496396752351478,1494860.66,1496071.0695543584592834,3.29143202,,0.00012083621756494656,1.00080971396649,,,19257948.22,16.0,16.0,5850933.005233999,5855670.58740533427726089469351,365695.81282712,365991.9218342530319558432088,132579.14148,132686.4926625216096890052,5851133.005234,5855870.74934812857607060866,,,
2019-10-01,13.0,19754709.2220577324054005,452027.93,453053.8367697957422291,17.98005029,,0.00012054403394421448,1.00226956500187,,,19709976.15,21.0,21.0,1096213.62721089,1098701.5552937808030457343643,64110.12177195,64255.6238605892416294635465,1000.0,1002.26956500187,1346312.55721089,1349368.1010723139380448343643,,,
2019-10-02,9.0,20289583.7882087768819024,570641.93,570894.2008635354018179,25.36710458,,0.0001196338901004488,1.00044208259203,,,20280618.08,8.0,8.0,799484.94,799838.3783745641490282,99935.6175,99979.797296820518628525,62683.6,62711.311328365771708,799484.94,799838.3783745641490282,,,
2019-10-03,20.0,20674085.9225378201041824,351110.0,351830.8442276762508,9.49865354,,0.00012139711409334418,1.00205304385428,,,20631728.08,19.0,19.0,2172068.70378911,2176528.0560924981580346908908,114321.07946258,114555.7856521853053942328424,1215.0,1217.4944482829502,2172100.50978911,2176559.9273916109872643708908,,,
2019-10-04,7.0,20789319.8294440928706528,148710.8,148774.354629631123848,54.4973782,,0.00012251602034510093,1.00042737063906,,,20780438.88,9.0,9.0,381310.8,381473.761040276479848,42367.86666667,42385.9734489229436299021302,19400.0,19408.290990397764,381310.8,381473.761040276479848,,,
2019-10-05,14.0,20789883.6008204044987008,0.0,0.0,2038.70563567,,0.00012288129578357778,1.00045450054616,,,20780438.88,15.0,15.0,10192.957,10197.58970452348539512,1226.39426667,1226.9516635340090076844872,975.0,975.443138032506,18395.914,18404.27495296011239024,,,
2019-10-06,6.0,20797225.2668132716076208,0.0,0.0,138.28954052,,0.00012741661538147905,1.00080779751141,,,20780438.88,4.0,4.0,150267.611,150388.99680221132594151,37631.323,37661.72148907046589543,257.681,257.88915407053764021,150525.292,150646.88595628186358172,,,
2019-10-07,12.0,20936376.76206248280907363,180846.11,180631.21114567678958707,11.02440463,,0.00012142096503661721,0.998811703197137,,,20961284.99,17.0,17.0,1901353.0154300001,1899093.6437206507065739942297137,124694.29502529,124546.12119317619220727059473,15000.0,14982.175547957055,2119803.01543,2117284.06028406518434282391,,,
2019-10-08,20.0,21575665.384434005128116,604679.87,605012.6681455614612204,32.48004549,,0.00012216560525116622,1.00055037080292,,,21563797.3,22.0,22.0,663909.0855141799,664274.481690640222132608325308,32464.07756883,32481.9448492676141286649836,1875.0,1876.031945255475,714209.70651418,714602.7866838074668009654056,,,
2019-10-09,26.0,20904388.4730253020042,599000.0,599612.92453592229,4.73160472,,0.00011642063315655484,1.00102324630371,,,20883020.0,53.0,53.0,4413517.45419278,4418033.5696141423313767692138,91920.11496491,92014.1718827844424138528161,7050.79892,7058.0136239330924599932,4871766.09314016,4876751.1097875053763069579936,,,
2019-10-10,14.0,22287752.7927346935956737,1389804.03,1390859.8397913897919737,6.39836751,,0.00011666462327181134,1.00075968249379,,,22270834.03,17.0,17.0,3480705.66586148,3483349.8970218706315951002092,226512.73563891,226684.8133987953621577573689,61718.42,61765.3064032183786118,3850716.50586148,3853641.8277795311642787002092,,,
2019-10-11,21.0,22591001.7458078053835042,304581.91,304792.1898244979071963,4.18073523,,0.00012071266694572162,1.00069038842293,,,22575415.94,92.0,92.0,5399867.41322,5403595.4191674440544331346,60337.06963522,60378.7256495696771261835946,24556.57,24573.5235716348701501,5551010.40644,5554842.7597601701299156692,,,
2019-10-12,16.0,22581266.936728813342645,0.0,0.0,7.32117171,,0.00012016929368093998,1.00025917558925,,,22575415.94,108.0,108.0,3083579.6300000004,3084378.8185676049470811702357,30395.71462963,30403.5924568798092007594775,24509.88,24516.23236259144679,3282737.18,3283587.985342979383315,,,
2019-10-13,13.0,22584834.4095808309802388,0.0,0.0,8.52229821,,0.0001206593844916806,1.00041720026802,,,22575415.94,91.0,91.0,2648982.1632519998,2650087.319320488733711360986396,31249.69241385,31262.729793900600780760077,24253.13,24263.2484123363239026,2843722.00966,2844908.4112446045250290732,,,
2019-10-14,17.0,23048703.01982344204132776,475030.25,474994.326245729156046,5.67982379,,0.00011980352694190655,0.999924375859704,,,23050446.19,91.0,91.0,4058303.04861,4057996.14293088823285221144,47366.20591879,47362.62389018830819945743816,23975.81,23973.99684998084976024,4310324.73861,4309998.77400724603783197144,,,
2019-10-15,23.0,25794770.537248256074608,2747310.41,2746992.4117565876510408,2.58513777,,0.000122524134436013,0.99988425106888,,,25797756.6,121.0,121.0,9979257.936501,9978102.84806147923241718888,99010.39616943,98998.9358219036207350803384,23836.8,23834.040915878678784,11980257.936501,11978871.23445030811241718888,,,
2019-10-16,39.0,27842817.9231038455782566,2039522.47,2039928.2788915556609486,2.25523761,,0.00012496463980706516,1.00019897250338,,,27837279.07,152.0,152.0,12343390.748742638,12345846.74410011285527020511644,101285.18647525,101305.339442358290610911345,23404.0,23408.65675246910552,15395348.34423746,15398411.5952379200654133726148,,,
2019-10-17,25.0,30616577.4036492647771772,2769495.3,2770382.340734484973068,1.66813904,,0.00012391720103887684,1.00032028966956,,,30606774.37,139.0,139.0,18347855.723400004,18353732.35204678634204086267824,133411.01959281,133453.7497641910438006518636,23376.58,23384.0672770836429048,18544131.7234,18550071.217221964899319704,,,
2019-10-18,19.0,31793865.7386292237804023,1158146.9,1159202.213385799012581,5.19094608,,0.00012575316739934405,1.00091120857449,,,31764921.27,94.0,94.0,6119293.23969054,6124869.1921603647108421383246,66828.66972639,66889.5645832664468502337911,23144.63,23165.7195853093984887,6281894.95428108,6287619.0708274663866295776492,,,
2019-10-19,17.0,31800095.7120258446290344,0.0,0.0,27.51067082,,0.00012594957418418448,1.00110733603672,,,31764921.27,40.0,40.0,1154640.01143052,1155918.5859246158075144486944,34342.05953576,34380.0877358591307615131072,22986.0,23011.45322614004592,1373682.38143052,1375203.5094344853633408486944,,,
2019-10-20,16.0,31784075.3712000648713196,0.0,0.0,18.22946215,,0.00012182109088706729,1.00060299539348,,0.06949753434868092,31764921.27,20.0,20.0,1742504.5793887898,1743555.301623279045203352010504,104975.45396944,105038.7536846120441006952512,53154.995,53187.0472171254524326,2099509.07938879,2100775.0736922308759839510892,,0.0020095141215873296,
2019-10-21,26.0,32433003.0240616972959058,883555.0,883802.9638670409277,4.88298551,,0.00012181231397779575,1.00028064338614,,0.1529079475152733,32423903.47,52.0,52.0,6640180.153677,6642043.67631990753885183678,131165.34910917,131202.1597968882327013249038,79280.85,79303.099646200057419,6820598.153677,6822512.30943834814537183678,,0.0019983910228900405,
2019-10-22,26.0,33232002.93178527839613345,808491.4,808481.864765564644059,1.73441575,,0.00012454385704435897,0.999988206139935,,-0.3615457838082981,33232394.87,34.0,34.0,19160570.315121353,19160344.338036290865809224532055,573432.63701069,573425.87402641239198223090515,116424.48,116423.1069059747396088,19496709.65836349,19496479.71689805132704203497315,,0.0017805841594517818,
2019-10-23,39.0,32025600.8834457877373808,0.0,0.0,5.19153461,,0.00013416192634702157,1.00058445731464,,0.2185802211763016,32006894.22,67.0,67.0,6165208.67432986,6168811.9756358540642771671504,98607.31901985,98664.950788728191327855604,24975.0,24989.596821433134,6606690.37432986,6610551.7028446987663651671504,,0.0015021861758413055,
2019-10-24,32.0,33712393.176098503068488,2010096.54,2011674.5437511627761428,2.50056569,,0.00013425479094594716,1.00078503878782,,-0.29163881494523314,33685948.4,48.0,48.0,13471331.118171668,13481906.63562299933142138748376,286050.90579524,286275.4668515803082227259768,30137.03,30160.6887374996949746,13730443.47817167,13741222.4088760049124466650594,,0.0011328520094515233,
2019-10-25,38.0,34399441.4338354611001908,700032.76,700306.7854116801132988,6.90812387,,0.00011556327773661561,1.00039144655413,,0.040930366775163485,34385981.16,64.0,64.0,4977615.02714831,4979563.4973984729123499530203,91414.6887178,91450.472682695449397994514,18498.03,18505.2709901016933639,5850540.07793931,5852830.2516926188045307698503,,0.0009056966523791235,
2019-10-26,24.0,34442271.910003309625226,0.0,0.0,6.23454534,,0.00010828921925620147,1.00163702613985,,0.06112067530983918,34385981.16,34.0,34.0,5515395.157130001,5524424.00317382490974165663985,181260.53579794,181557.264033164444457781909,33465.31,33520.0935872481836035,6162858.21713,6172946.9771276311770456305,,0.0009143101256842654,
2019-10-27,22.0,35426399.3670881331289994,1029793.27,1030102.2139348321739666,5.78450628,,0.00010465407775054331,1.00030000578158,,0.029108111009281724,35415774.43,35.0,35.0,6122523.295627339,6124360.08801388543723311061562,197232.21401447,197291.3848189881649017794626,25210.92,25218.4834217589508536,6903127.4905063,6905198.468664435726561413954,,0.0009285690838883427,
2019-10-28,36.0,34805275.78206591637017744,360910.79,360553.55849949773088048,4.41435813,,0.00010719938810802944,0.999010194456912,,-0.030047562814753005,34839760.37,60.0,60.0,7892372.869990691,7884560.955575856866877240606192,139079.81449984,138942.15252851640757171089408,51813.63,51762.34458181848931056,8344788.86999069,8336529.15171127416725904614928,,0.0009501610243087162,
2019-10-29,39.0,35131643.8387711075375429,1009624.45,1010470.2447410154692165,3.68660609,,0.00010611979133554034,1.00083773203097,,0.0774679458217491,35102237.57,87.0,87.0,9521559.040101979,9529535.55509464439454358628963,115135.96827703,115232.4213655724138334996191,20145.81,20162.6867903268357357,10016829.24010198,10025220.6588051703134753183206,,0.0009989326276195261,
2019-10-30,37.0,32599654.9861812997416204,0.0,0.0,2.42437652,,0.00010897357829914616,1.00068857545364,,-0.012104050466275787,32577223.11,59.0,59.0,13437361.27571365,13446613.912849799095663490186,236009.15357527,236171.6636852562839681354828,50080.0,50114.4838587182912,13924540.06094092,13934128.1574301107472342389488,,0.0009899973822619413,
2019-10-31,45.0,32078516.78808132903077,238187.34,238334.020554919794228,3.90609916,,0.00010929388454988053,1.0006158201142,,-0.1650000105178322,32058774.35,90.0,90.0,8207363.166647075,8212417.425969640475357595965,101197.79307386,101260.112710347532434234812,5051.86010438,5054.971141446401715520196,9107801.376647074493162144,9113410.1439309522117896190186371968448,,0.000950734853783722,
2019-11-01,43.0,31865704.794569981258192,405000.0,405742.0974641442,4.95916715,,0.00010829002801197845,1.00183233941764,,0.13896424888566455,31807422.8,79.0,79.0,6413863.826261881,6425616.20177011595716967098084,86324.87362357,86483.0500922332588503777748,20001.11,20037.7588222495535804,6819665.01626188,6832160.9572862771743289315632,,0.0009169904340390802,
2019-11-02,17.0,31809412.207294318639064,0.0,0.0,14.33858051,,0.00010753140046799852,1.00006254537838,,-0.19864202679768617,31807422.8,28.0,28.0,2218310.43654111,2218449.1816067277667033752018,95836.08701933,95842.0811236550826012240854,75000.0,75004.6909033785,2683410.43654111,2683578.2714622123047033752018,,0.0009257853019046264,
2019-11-03,16.0,31817863.01086586808306,0.0,0.0,14.42921966,,0.00010861753266463959,1.00032823190145,,-0.009909638672401548,31807422.8,20.0,20.0,2204375.8111201,2205099.357584094336477314145,110368.735556,110404.9620959321781029562,100000.0,100032.823190145,2207374.7111201,2208099.241918743594882314145,,0.0008792831690487386,
2019-11-04,49.0,32490145.8235944612638224,1662343.92,1663441.8329447763277104,3.03146116,,0.00010624572079334761,1.00066046076962,,0.0205866656951846,32468701.52,94.0,94.0,10710578.115374831,10717652.03203998659003703743422,125286.6798976,125369.426834628303478790912,18201.41,18213.4313172567691642,11776947.910374832187399181,11784726.12245549299984834901114941768122,,0.0008814070725631797,
2019-11-05,65.0,29534523.25854275605226,28200.03,28207.4757176687598168,2.08709078,,0.00010720039031629315,1.00026403226056,,-0.05433263531740038,29526727.25,120.0,120.0,14147313.38118251,14151048.7283153943550812348056,119215.29964319,119246.7763282481292171095864,11475.83,11478.8599893367022648,14305835.95718251,14309613.1593894854294837948056,,0.0008818747738183194,
2019-11-06,56.0,26611719.181698047829672,0.0,0.0,1.17780547,,0.00010692720311826778,1.0002968619261,,0.14869256379445966,26603821.52,118.0,118.0,22587619.217649333,22594324.6217962977561087602913,195203.09607838,195261.044445462511243367718,29580.82,29589.601419200817402,23033965.3372493305,23040803.24456506697232816547605,,0.0007988097299608626,
2019-11-07,38.0,26108390.530994972111028,2110234.85,2110799.912337104878866,2.17796742,,0.00010859788456931686,1.00026777225156,,-0.02824431029225902,26101401.3,74.0,74.0,11984293.749728879,11987502.81104960033706938480124,166155.66941526,166200.1612929687831988228056,29874.0219705,29882.02140462619369289898,12295519.53672888,12298811.9356793298603148770528,,0.0007323013160417189,
2019-11-08,35.0,27283548.9050736961792374,1178737.68,1178885.0182218942956184,2.35058999,,0.0001137625989431013,1.00012499661663,,-0.0897331495943761,27280138.98,60.0,59.0,11605656.050247971,11607106.71798802348564752235773,206081.88220759,206107.6417456146909453062217,40002.0,40007.00011465843326,12158831.05024797,12160350.8629914267857725257411,,0.0007269350883456948,
2019-11-09,30.0,27302867.6687844803520996,0.0,0.0,14.67612127,,0.00011359183189610072,1.00083315883402,,0.007342056391282778,27280138.98,42.0,41.0,1858811.2260161801,1860359.911009911027301770327002,49822.09917113,49863.6088931838474792458426,960.67,961.4703906970779934,2042706.06601618,2044407.9646203876216752544436,,0.0007377262370644326,
2019-11-10,13.0,27271682.80404744297269034,0.0,0.0,16.31940899,,0.00011054982914808052,0.999690024454833,,-0.09996738048752925,27280138.98,21.0,19.0,1671637.6799999997,1671119.5131988200010004326635501,98904.14105263,98873.48318758793715051086079,7496.0,7493.676423313428168,1879178.68,1878596.18056420079656044,,0.0007667907404824146,
2019-11-11,26.0,25850102.46846172844805,144389.67,144455.9530493343612636,3.37107245,,0.00011482097808448241,1.00045905672708,,0.01998293469411286,25838241.25,37.0,37.0,7664694.721109768,7668213.25078250800348349811744,207830.30299945,207925.708898132972224040106,84998.95,85037.969339792236566,7689721.21097977,7693251.2292310400273762911716,,0.0007765671972249716,
2019-11-12,53.0,24240985.616346282258552,277472.11,277723.933227919044027,1.96903407,,0.00011388239038409062,1.0009075623057,,0.049015754382128233,24219005.36,99.0,98.0,12299942.247239903,12311105.2111857848858277243471,127230.49344122,127345.963041202862350620954,16501.605,16516.5812346815506485,12468588.3572399,12479904.37803822081893203743,,0.000780315932876746,
2019-11-13,44.0,22883844.8296076695274253,191869.05,191905.6272023401403145,3.40559468,,0.00011408936983972572,1.00019063628209,,0.026628055962448785,22879483.17,88.0,88.0,6718204.986671,6719485.72029197745744602239,84012.82632581,84028.8422186686252934077429,40000.0,40007.6254512836,7393128.716671,7394538.11524255897244172239,,0.0007863964820290656,
2019-11-14,30.0,21624077.6939084587069072,983.52,983.6410516398690048,3.26562733,,0.00011568220535268479,1.00012307999824,,0.023885657675334127,21621416.53,75.0,75.0,6620907.513154879,6621722.41443994530528416741296,93545.0861754,93556.599704441828880331296,49904.88,49911.0222925425674112,7015881.46315488,7016744.9778330171512552474112,,0.0007864713222715402,
2019-11-15,35.0,22793275.0954435613633872,1533984.55,1534521.462126925156612,2.02566342,,0.00011816258450694484,1.00035001143064,,0.01510088806450797,22785299.98,68.0,68.0,11248314.894899439,11252251.93368809197388332341096,169420.07124852,169479.3702100368252161826528,30022.5,30033.0082181763894,11520564.84489944,11524597.1742825841427013348416,,0.0007854528794505307,
2019-11-16,11.0,22791085.9203153308233544,0.0,0.0,15.61738589,,0.0001179866100766081,1.00025393303228,,-0.006633539073967155,22785299.98,15.0,15.0,1458970.15910755,1459340.639824058214230141714,130600.4419405,130633.60570673905925233934,11433.95,11436.853457594437906,1959006.62910755,1959504.085601135901481741714,,0.0007853459404392842,
2019-11-17,40.0,22796879.253119362399886,0.0,0.0,6.08694049,,0.00011763541739448198,1.0005081905057,,-0.04026511695916906,22785299.98,69.0,69.0,3743309.14296059,3745211.457126942575827270363,61418.49192697,61449.704221441698251768729,9050.9,9055.49958144804013,4237875.94296059,4240029.591279137006587270363,,0.0007789661906691859,
2019-11-18,39.0,22898879.3821044764256104,578259.66,578584.7005888347338622,2.84441011,,0.00012226529188375781,1.00056210144217,,-0.05446315044584061,22886015.12,64.0,64.0,8045961.797968941,8050484.44469922406791296764197,136849.62468736,136926.5480587571882913699712,33035.91,33054.4795326543983247,8758375.97999116,8763299.0757605801180998512172,,0.0007780809702677743,
2019-11-19,26.0,22564822.28933851598161,79951.06,80006.4543642654912734,13.95070944,,0.00012328630799812726,1.00069285340639,,0.008980386159497958,22549199.0,37.0,37.0,1616347.834639344,1617467.72674248496992751500816,45991.87800439,46023.7436337316149268740521,33965.0,33988.53276594803635,1701699.486162296488933036,1702878.51444793614872377839092920450004,,0.000773029498413027,0.0015095291991739305
2019-11-20,39.0,24816647.2921886809871406,2261122.06,2261698.6096997767856506,2.30370401,,0.00012384674232866232,1.00025498389051,,-0.0025652296482701043,24810321.06,64.0,64.0,10769752.08182,10772498.1951056506354415282,172833.17237219,172877.2420468906464519289169,45006.732715,45018.20870680681439503465,11061323.03182,11064143.4910008413321260282,,0.0007749891986370793,0.0015029423077441966
2019-11-21,39.0,24652269.3299244597800858,31085.18,31095.3052886074588948,5.8787835,,0.00013140951952596535,1.00032572719886,,0.03375250396480139,24644242.03,65.0,65.0,4192064.90806735,4193430.377627294081331723221,74950.23459906,74974.6479290298516689890716,9998.95,10002.206929975041197,4871765.24893915,4873352.115387190439916089369,,0.0007731121704325786,0.0013625659988087508
2019-11-22,43.0,24346283.1827819216879565,97955.92,97977.810066274925124,4.4523674,,0.00013744007316024236,1.00022346853845,,-0.036077791689768275,24340843.77,107.0,106.0,5466944.11975715,5468165.8097693799520794374175,58694.40432052,58707.520673268699969743994,4507.92,4508.927378293849524,6221606.85797497,6222997.1913663321632725825965,,0.0007653704405604699,0.0011827588329767125
2019-11-23,19.0,24364683.6455958631392594,0.0,0.0,13.74940673,,0.00013665553661806182,1.00097941861922,,0.0194227355392277,24340843.77,28.0,28.0,1770319.5668217498,1772053.450767464506712980311156,81868.51845792,81948.7020092256430900732224,4261.975,4266.1492576696501595,2292318.51682175,2294563.656258307996727864035,,0.0007772995775070123,0.0009646340008228782
2019-11-24,16.0,24346670.268578996775312,0.0,0.0,12.64595175,,0.00014405653683903806,1.0002393712656,,-0.015201578247578344,24340843.77,27.0,27.0,1924793.3445299997,1925254.08474889830286535662032,82844.12016778,82863.950669672079982942368,6295.0,6296.506842116952,2236791.24453,2237326.668081086145177168,,0.0007859630963925478,0.0008407821017068389
2019-11-25,47.0,25444556.4557281739071672,1097286.11,1097563.3234710630844534,2.42256604,,0.00014011015192372285,1.00025263554194,,-0.13821280182154083,25438129.88,85.0,85.0,10500489.767537616,10503142.56446067329023749561504,135016.32398511,135050.4339072907248853405134,40000.0,40010.1054216776,11476387.538734035727952931,11479286.88211939726381058571112999642614,,0.0007497874944997957,0.0008296666542879433
2019-11-26,41.0,25502822.55679421512374,142337.37,142523.4210363262759698,7.17466268,,0.00013974123434733337,1.00130711306754,,0.10068052385673787,25469531.0,64.0,64.0,3549927.3098690896,3554567.466244636605822883111584,56998.16428545,57072.667330813303421689293,9165.4827815,9177.46310381401151656251,3647882.51426909,3652650.7091723417980509043386,,0.0007348302935937567,0.0008302827130165732
2019-11-27,27.0,25321724.6793713357997725,873069.81,874247.2887347227519215,3.47279733,,0.0001330366390906022,1.00134866504515,,0.23407875126932504,25287620.15,54.0,54.0,7281628.54734,7291449.025233563830012401,151709.73809889,151914.3437196728341570148835,38774.03,38826.3231789205974545,8192325.85734,8203374.560862272963558901,,0.0006910209759063021,0.0008248800357273485
2019-11-28,30.0,27995709.647748510738207,2684877.75,2687105.6777771824974075,2.17014562,,0.00013458640850397423,1.00082980604133,,-0.0007919355342310397,27972497.9,37.0,37.0,12889687.063230049,12900383.00342597044036379192517,352012.91794129,352305.0203872238839882535157,69520.07,69577.7581740796844931,13024477.96382765,13035285.7543272036411808967745,,0.0006147113031733317,0.0008224246387895346
2019-11-29,40.0,26552569.802112998184188,57520.07,57568.3815712623884437,2.42771289,,0.00012917833600452163,1.00083990807491,,0.015122848904442583,26530286.8,74.0,74.0,10928098.995125387,10937277.59371480866926923874017,175897.12628548,176044.8637022006386658853068,69000.07,69058.0237159623552437,13016387.34512539,13027319.9139627171520874629649,,0.000614069455413553,0.0008167664930422122
2019-11-30,21.0,26562147.1510318361614,0.0,0.0,10.82542354,,0.0001325006930505777,1.0012009048855,,0.05847246860770819,26530286.8,22.0,22.0,2450738.91973304,2453682.02407483240009176692,154039.49362423,154224.480404683283908175665,2490.51,2493.500865626386605,3388868.85973304,3392938.56890301222196176692,,0.0006172658402899162,0.0007956004508770679
2019-12-01,20.0,26553236.658557335970804,0.0,0.0,17.36247332,,0.00013492880176683717,1.00086504374153,,-0.09655265038382216,26530286.8,35.0,35.0,1528024.6260696999,1529346.434209385212380060266847,52746.16386849,52791.7916074341530884713897,1005.95,1006.8201907517921035,1846115.7353973,1847712.706260345487853059869,,0.0005773318132349088,0.0007607281167372518
2019-12-02,32.0,27722579.5520440249556286,1170524.42,1171444.2618067194685446,4.44140606,,0.00013675090184621713,1.00078583734863,,0.07232467345093342,27700811.22,59.0,59.0,6236946.321780941,6241847.54714199696549510646083,112377.16291154,112465.4730832889661648301902,2505.76999762,2507.7391252712063022102606,6630252.61178094,6635462.9119141290665919691122,,0.0004756029648041285,0.0007311188084979002
2019-12-03,30.0,27265980.3795461141264763,0.0,0.0,10.23756727,,0.00013697928155869578,1.00083175578657,,0.050335866674779614,27243320.59,46.0,46.0,2661112.7303397497,2663326.126251924878815060421529,63054.98543303,63107.4317820360097597084071,29687.399930005,29712.09259668499947171903285,2900529.32991918,2902941.8619734562825954294126,,0.00047344200912245434,0.0007002099848607374
2019-12-04,36.0,26592293.4517759238932026,0.0,0.0,7.55887325,,0.00013864721996218905,1.00034251278098,,-0.031773813506670905,26583188.37,61.0,61.0,3516818.9098753505,3518023.46530037495828490723349,58626.20819468,58646.2884202870723120411864,7980.0,7982.7332519922204,3576198.69987535,3577423.593637381366507850843,,0.000478292897118883,0.0007031189961816929
2019-12-05,31.0,26875965.1780799249493644,355093.05,355257.854222124299862,4.82842178,,0.00013512322900833764,1.00046411559484,,0.020003051976958335,26863497.41,53.0,53.0,5563618.63672689,5566200.7988999374104229732476,112274.36656064,112326.4748450615756385310976,50010.73,50033.9407597023326332,5950541.42771378,5953303.1667881234438659648952,,0.0004732119361812842,0.0007017720882220842
2019-12-06,34.0,26987594.25301876609024,456809.78,457509.267956891220224,9.38916355,,0.00013293118510483264,1.0015312455808,,0.12340173219411565,26946332.8,60.0,60.0,2869939.65649,2874334.238906162982539392,60545.00110817,60637.710373556416415275136,1475.0,1477.25858723168,3632700.06649,3638262.622413184678667392,,0.0005112531334727751,0.000664931357903646
2019-12-07,21.0,26965018.352508886513472,0.0,0.0,8.30272655,,0.00013321156233818697,1.00069343582474,,0.042554962279921,26946332.8,26.0,26.0,3245479.97863275,3247730.510718410358573824235,124932.40485544,125019.0374606376836168755856,72674.555,72724.9501399840374907,3248242.52624146,3250494.9739765997879074817204,,0.0005357623427558683,0.000636252823775405
2019-12-08,16.0,26951804.824448256040512,0.0,0.0,25.49030202,,0.0001328477893857503,1.00020307121154,,0.007806483706953774,26946332.8,19.0,19.0,1057120.97,1057335.6408361222399938,74106.36421053,74121.4130796930568227255162,42998.95,43007.681848871447883,1408020.92,1408306.8485140980654168,,0.0005429768914594736,0.0006363344037085596
2019-12-09,48.0,26814700.30180338218525088,506195.06,505996.60411746887882672,3.46818405,,0.00013618214849670014,0.999607945833112,,-0.12241930536508591,26825217.24,84.0,84.0,7734657.914800331,7731625.509935380280944928360072,100472.70679575,100433.316052392209937770874,21845.211,21836.646494000902426632,8439707.37084279,8436398.54840073571710412846248,,0.0005366983277136667,0.0006399730325474212
2019-12-10,30.0,28422306.71020921202518694,2093416.12,2092847.72234492491729412,2.4250367,,0.0001382350380897637,0.999728483195651,,0.0038470665783580708,28430025.94,52.0,52.0,11723544.620853418,11720361.481482320971119486085118,263918.20886894,263846.55064025839350143697994,16765.435,16760.882902665279123185,13723746.86118484,13720020.63329339647293539513084,,0.0004952094789793441,0.0006401905601537812
2019-12-11,48.0,30214020.2924066736768462,2818493.25,2820803.751529964790885,1.30117443,,0.00013899377912315682,1.00081976479098,,0.0360542554415092,30189272.19,82.0,80.0,23201556.542344224,23220576.36149356946430657029952,313206.9785043,313463.734557567054842531214,31064.44,31089.9055341635107512,25056558.28034422,25077098.7646055845677507511356,,0.0005154970436671731,0.0006534841540882328
2019-12-12,37.0,29790904.426290148106544,58936.74,58962.139058080418592,16.85009044,,0.00013908688354326258,1.0004309545808,,-0.04761755659055909,29778071.43,55.0,55.0,1767235.1098748196,1767996.70794077074482119362368,38166.28076134,38182.728694866198384546272,4149.99,4151.778457200774192,2099145.44187394,2100050.078217881014579144352,,0.0005137170316684379,0.0006551841412902905
2019-12-13,37.0,29442166.6695658248079454,4030.5,4031.220665895718845,10.25898721,,0.00013805273910442453,1.00017880310029,,-0.0011830926396158763,29436903.26,56.0,56.0,2869377.1275232094,2869890.181049511764529650870726,52451.67773349,52461.0562560841599723617121,1896.785,1897.12415103858356765,2937293.953075557469792622,2937819.15034083044924884098883696806038,,0.0004986509439445199,0.0006528475086896526
2019-12-14,27.0,29458194.010923284006057,0.0,0.0,13.48342995,,0.0001415228555539761,1.00072326734695,,0.0600113486743143,29436903.26,36.0,36.0,2183191.02528592,2184770.056066663597723589944,68871.14400523,68920.9562548360740990245485,1083.95,1084.7339856407264525,2479361.18418835,2481154.4251741687181935980325,,0.0005082271132041041,0.0006565226773521682
2019-12-15,25.0,29436160.68220516293880458,0.0,0.0,16.7171283,,0.0001406179810104232,0.999974773915983,,-0.03751062231912463,29436903.26,35.0,35.0,1760882.7738892501,1760838.3537124518817631242743483,58226.16229966,58224.69348159784129890946578,3068.57659875,3068.49919057890733240282125,2037915.680488,2037864.271855824447984439704,,0.0005254302887929818,0.0006625835096913689
2019-12-16,33.0,28780590.3058295154532332,199999.99,199968.6879398771030844,4.64602468,,0.00014527549990234716,0.99984348969156,,-0.04103391420573291,28785095.47,57.0,57.0,6195639.804992991,6194670.12349612840552655185596,121201.27812707,121182.3088776470100487865292,8878.2,8876.810470179607992,6908472.85324299,6907391.6060258795727808321644,,0.0005256628938841065,0.0006625781086179953
2019-12-17,28.0,29850886.3237552291856679,1071783.39,1071568.27371670613620335,5.24122617,,0.00015127932258047607,0.999799291269765,,-0.07085391630595063,29856878.86,42.0,42.0,5696544.64803498,5695401.3017919459141763363797,147222.42355857,147192.87473287544006514763605,8470.0746875,8468.3746695644762605734375,6183341.78945996,6182100.7387807884787220261094,,0.0005232375416965435,0.0006579110608869904
2019-12-18,52.0,29591816.7346693492411386,119154.02,119258.1070936395843558,3.1100775,4.844327514778286,0.00013739533392392284,1.00087355083479,,0.031127442481685558,29565989.34,119.0,118.0,9506512.09779712,9514816.5193760919082960578048,81305.8806593,81376.905479223267630577047,4429.244847,4433.11401753358615582713,9594093.91779712,9602474.8465480653358138578048,,0.0005602776433499782,0.0006723664559968274
2019-12-19,37.0,30077684.5186669952096547,861448.58,861308.96643633769326948,7.5326233,4.890295923226404,0.0001399124653006973,0.999837931634106,,-0.0854329846939335,30082559.95,71.0,71.0,3993636.5794629394,3992989.3373085313377313080511764,57950.33489455,57940.9429784706302346935223,13800.0,13797.7634565506628,4114473.77751294,4113806.95147130476449076033164,,0.0005912280821892378,0.0006824867305868893
2019-12-20,35.0,29472728.8552321202213985,0.0,0.0,19.44514971,4.779389633565137,0.00013926086459936022,1.00048057337281,,0.02255319752795126,29458571.85,54.0,54.0,1514957.3182177404,1515685.366365819491962004998524,28286.52012955,28300.1138779337158016475355,5497.57,5500.2119857571590717,1527472.08699548,1528206.1494082005475628248988,,0.0005983002511897403,0.0006864255654535819
2019-12-21,22.0,29481127.1263528779609585,0.0,0.0,11.92380616,4.759549566119634,0.00014015740789942403,1.00076566089041,,0.04397904398420988,29458571.85,42.0,42.0,2470567.82491007,2472459.4420707089411743754287,75907.02892643,75965.1479697861880201825363,9660.35,9667.7465521826722435,3188095.21491007,3190536.2147310299045042754287,,0.0006003549315161701,0.0006862561148165223
2019-12-22,22.0,29483624.482971002242362,0.0,0.0,16.936215,4.776123019189699,0.00013381422492319837,1.00085043610052,,0.06268274858479128,29458571.85,42.0,42.0,1739383.43630984,1740862.6707767244181081051168,56495.26933244,56543.3149489889074171368688,5482.95,5487.612898617346134,2372801.31196264,2374819.2278576942475895245728,,0.0006000699637669218,0.0006820538780436848
2019-12-23,43.0,29123208.930943545423561,796582.78,796590.901239547041579,2.95299414,4.775346177278296,0.0001365807859318069,1.00001019509805,,-0.09682751744356444,29122912.02,89.0,89.0,9862163.853395116,9862264.3991225865290330111238,119519.58982084,119520.808334777119245733362,14484.786474,14484.9341478183357437757,10637243.49405512,10637351.941795523616540504516,,0.0006034060106268446,0.0006901615009199702
2019-12-24,39.0,27414469.2649109853523164,0.0,0.0,1.28117876,4.505666411734541,0.0001382614467848752,1.00040854552638,,0.0169133775014333,27403273.78,87.0,87.0,21389110.280687448,21397848.70600587132299141887824,246001.66946223,246102.1723437708055268786274,60002.23,60026.7436426393238274,21402145.24321418,21410888.9939082301502911800684,,0.0005930868340439659,0.0006903318826975181
2019-12-25,13.0,27408240.1883160582068176,0.0,0.0,46.46127748,4.518380023620555,0.00013908455157372662,1.00018123412392,,-0.007138338404017697,27403273.78,27.0,27.0,589808.8745429999,589915.768037657941777245147608,22094.53498307,22098.5392667610764834820344,5550.95,5551.956021560173724,596552.444543,596660.56020265908498976856,,0.0005946037644001486,0.000671262264644814
2019-12-26,38.0,26189428.654058069583906,80554.53,80583.1909003337219262,6.28351243,4.292837760095268,0.00013904181843969824,1.00035579501654,,-0.09500761939915803,26180113.9,102.0,102.0,4166477.6168500013,4167960.028822601985995232521502,42784.37520441,42799.5976718935066218309414,4284.425,4285.9493770637393895,4364006.27085,4365558.962533317739469859,,0.0005615057632073584,0.0006492039936260302
2019-12-27,35.0,26653870.62393049614389,452625.05,452990.98762972420091,5.85012014,4.333172724562081,0.00013828764315574314,1.0008084785182,,-0.05394589774836461,26632338.95,56.0,56.0,4552443.077702001,4556123.6301356513612296549182,88524.98263754,88596.553184326479066893228,8596.197032,8603.1468726385865979824,4957399.027702,4961406.9783220426337111764,,0.0005683231819298024,0.0006291311031476512
2019-12-28,12.0,26657467.423611693133199,0.0,0.0,49.29296181,4.331873463048366,0.00013699088488727785,1.00094353235962,,0.011363202574853142,26632338.95,10.0,10.0,540286.84768281,540796.6258070758132486121322,54032.2210398,54083.202188813191903932876,20075.0,20093.9414121193715,540322.21039796,540832.0218880918812980343752,,0.0005609597628906485,0.0005834449944694955
2019-12-29,22.0,26644526.8693578370263105,0.0,0.0,9.57847085,4.353936046983722,0.00013535101239751381,1.00045763608599,,-0.038195118503540286,26632338.95,32.0,32.0,2780437.4372506617,2781709.865756785159046925599583,97681.9063604,97726.609125698815142330796,3971.95,3973.7677076517479805,3125821.003532764,3127251.49202232606807968637636,,0.0005680222275239532,0.0005865284966700581
2019-12-30,43.0,25991590.79432599413284096,0.0,0.0,4.17250693,4.2080418545653595,0.00013827813147814676,0.999667522790432,,-0.15315428577676796,26000235.28,73.0,73.0,6231322.246268851,6229250.473636492530720002433632,93594.82751669,93563.70936960725264585231008,3837.87,3836.59399569171525984,6832422.40871851,6830150.78398146939660040929632,,0.0005806516394971033,0.0005952031955457387
2019-12-31,32.0,30910228.176683149262445,5051006.68,5050284.83063269103938224,1.54090492,4.836791776335206,0.0001395007642799723,0.999857088019668,,-0.10070845496751868,30914646.25,49.0,49.0,20062656.645105775,20059789.4511139019743791403827,409660.4135593,409601.8681783346143322843124,8170.95,8169.7822733543062446,20073360.264405777,20070491.540738473091277708822036,,0.0005796961595687251,0.0005735919972781043
2020-01-01,21.0,30915103.16292054111935,0.0,0.0,38.41638115,4.849120081137183,0.00013945978515128557,1.00001477982044,,-0.07704520781717097,30914646.25,25.0,25.0,804725.6229707999,804737.516671010875561885169956,40284.7931412,40285.388543209089479566128,794.95,794.961749218258778,1007119.82853,1007134.7135802272369891532,,0.0005806663132553216,0.0005268222973891063
2020-01-02,34.0,30685620.0927925447140006,0.0,0.0,12.87153118,4.7963856108611465,0.0001439944681359652,1.00030440986342,,-0.05269076646510073,30676281.93,64.0,64.0,2383265.9458546075,2383991.43551567863818425270765,37619.87009148,37631.3219509964255697056616,5625.25,5626.962381584203355,2407671.685854608,2408404.60486365920236725763936,,0.0005834003736945632,0.000527036612443007
2020-01-03,45.0,30748382.3669604986343201,144613.99,144610.98318883432574047,11.46605652,4.7839994709124785,0.0001366967764131593,0.999979208020153,,-0.03631803669094427,30749021.7,94.0,94.0,2681743.427095231,2681687.668339940011243298190343,34091.43880946,34090.72998095131847400704738,6723.0,6722.860215519488619,3204595.24808946,3204528.61820964393198242688738,,0.0005795906176631427,0.0005268394160199481
2020-01-04,19.0,30754883.833646009065128,0.0,0.0,8.14022278,4.755189374626007,0.00013620703801258638,1.00019064455784,,-0.02733441737062636,30749021.7,28.0,28.0,3777417.71,3778137.8541290999353464,153589.22928571,153618.5102364161605619804664,31438.58,31444.5735941832174672,4300498.42,4301318.2866197725186128,,0.0005805366942125649,0.0005251529931542602
2020-01-05,17.0,30754902.16706633944752,0.0,0.0,69.54222324,4.767123328170151,0.0001361632375860515,1.0001912407856,,-0.13379560559022288,30749021.7,19.0,19.0,442163.3400000001,442247.89966450521992312407856,35133.19315789,35139.912057350151428438384,5716.0,5717.0931323304896,667530.67,667658.329089742894352,,0.000543929057478693,0.0005251340645883964
2020-01-06,34.0,30267990.3424790487743844,245332.09,245519.2159067611422388,4.17119787,4.638981885042302,0.00012886799006713766,1.00076274533332,,0.006926148018855809,30244921.17,80.0,80.0,7250895.811617371,7256426.39856007168357169710172,96317.98802022,96391.4541160971944707997304,34999.19,35025.8854688424800108,7705439.04161737,7711316.3292875453822325517684,,0.0005338680089392627,0.000530298100824514
2020-01-07,45.0,30526844.9464196333778806,537132.9,537804.604863159151089,3.17866866,4.637700505565465,0.00012306291181620867,1.00125053755441,,0.10472536757973841,30488717.66,117.0,117.0,9591662.71359044,9603657.4480230189731079558404,84963.41729582,85069.6672398994310383155662,10000.0,10012.5053755441,9940719.82361044,9953151.0670677328062141440404,,0.0005326025080319758,0.0005334859552172229
2020-01-08,51.0,28444502.2922942262521259,0.0,0.0,2.46149261,4.263253671195671,0.00012410360287517041,1.00023774962433,,0.06300508052615739,28437741.23,133.0,132.0,11553047.589292087,11555794.32201630780581489167671,89187.96037342,89209.1647774935395315173086,13777.21,13780.4855265018155193,11772810.76929209,11775609.7506297973726975405497,,0.0005545910878750927,0.0005419708618093263
2020-01-09,50.0,28280413.65637167679203128,3400.0,3399.8351292069044,3.65583125,4.222262014824022,0.0001279178840774572,0.999951508590266,,0.02230859662036894,28281785.08,78.0,78.0,7736075.10018928,7735699.96700186372652256554848,107194.61295151,107189.41493361209078551600166,3204.537344295,3204.38195176162988692763247,8361179.81021792,8360774.36482188307448145076672,,0.0005570399525198563,0.0005225559748580391
2020-01-10,39.0,27532966.07515614622928,361550.29,361662.7056622931350414,4.52496007,4.090310006794176,0.00012304223004963547,1.00031092676566,,-0.05084212394888604,27524408.0,92.0,92.0,6082795.780000001,6084687.08401804669722572676566,77845.2851087,77869.489291420728652527242,10294.45,10297.650820042748587,7161766.23,7163993.0148103069116618,,0.0005229377862297655,0.0005150188347609955
2020-01-11,32.0,27525385.53099800630696,0.0,0.0,11.85784265,4.091404452382502,0.00012450632854750895,1.00003551505987,,-0.03952691778669459,27524408.0,69.0,69.0,2321198.62041516,2321281.0579231342058116556292,39449.7762379,39451.177299064947121863073,6650.0,6650.2361751481355,2722034.56041516,2722131.2336355413535394556292,,0.0005205668520656779,0.0005127537030468406
2020-01-12,20.0,27543884.06839096667016,0.0,0.0,9.42848339,4.101854307346675,0.00012256739115730804,1.00070759263527,,0.052869500267433714,27524408.0,32.0,32.0,2919282.65272,2921348.3156253361410334344,99399.3480225,99469.682269111360638253575,23885.4,23902.301133130478058,3180779.13672,3183029.8326115635404241144,,0.0005331239882885239,0.0005118628578323203
2020-01-13,48.0,26850953.5606439885841363,1247694.6,1248684.634126782170634,1.73516287,3.962622897277092,0.0001232212078401599,1.00079349075229,,0.007017265175235832,26829664.47,105.0,105.0,15462332.039306909,15474601.25678893640907260457161,175214.18008864,175353.2109202104104924829856,34999.13,35026.9014859931955077,18397488.90930691,18412087.1466218028715983953239,,0.000524001710010233,0.0005118590678637989
2020-01-14,64.0,30974076.1607829793264842,5799980.11,5801420.5217408961765894,0.8352584,4.392915529277389,0.00011327625499728421,1.00024834770354,,0.02735806889264353,30966385.73,195.0,195.0,37074018.7262277,37083225.973639357605262136058,192493.19465396,192540.9998967993891709670184,13086.0,13089.24987804852444,37536172.957521384,37545494.97987506468568684249936,,0.0005151981837147994,0.0005160260883461281
2020-01-15,65.0,28387254.8779890470202403,468079.11,468220.7917091964615633,0.92995912,3.950270428788289,0.00011352307413482037,1.00030268752903,,0.045926971791515704,28378665.01,160.0,160.0,30516034.947005376,30525271.77021927818425956606528,208507.47508816,208570.5877005787194318092848,19298.98,19304.8215605689993894,33361196.01410603,33371294.0320930252392451230509,,0.0005145679428265061,0.000515925214202501
2020-01-16,58.0,27024970.5750762175138298,1000.0,1000.30731232549,4.31918019,3.759931782326049,0.00011473141684676573,1.00030731232549,,0.05081230404552583,27016668.02,112.0,112.0,6255045.36646106,6256967.6189986725976001304194,62889.58377751,62908.9105217497647768617299,6878.15,6880.2637402715690435,7043633.38308106,7045797.9784359136365697742194,,0.0005144504212302607,0.0005148529843476156
2020-01-17,58.0,30246219.1386261438560724,7549612.48,7550495.8158628593720896,0.72879924,3.9610517044984954,0.0001122145640254855,1.00011700413302,,-0.07558863965770972,30242680.62,149.0,149.0,41496586.221576504,41501441.49367064923646812256208,298440.43885678,298475.3576215865458638488756,43441.95,43447.032887696448189,44467625.389659937,44472828.28561611230060131281974,,0.0004751625490178347,0.0005153575863311376
2020-01-18,41.0,30243431.7264096084546708,0.0,0.0,3.62513179,3.9230158135026887,0.00011200768255468821,1.00002483597334,,0.01869346354248543,30242680.62,95.0,95.0,8342505.145650845,8342712.3398862311972033684723,111389.28089479,111392.0473560006647757848986,7499.0,7499.18624496407666,10581981.685005522441239407,10582244.49882053560667251039362880940938,,0.00043558317545508516,0.0005151484842314175
2020-01-19,31.0,30263159.8914584065876344,0.0,0.0,4.497755,3.9250857319260666,0.00011518778539320577,1.00067716455812,,0.019649675420221117,30242680.62,66.0,66.0,6723950.192729681,6728503.41349076168327097355972,108549.04727211,108622.5528397403653595500332,8293.0,8298.61572568048916,7164237.11995936,7169088.4874229641814467580032,,0.00043606798430736803,0.0005190514473152415
2020-01-20,46.0,39145625.17733239813796586,10069836.81,10069057.45947927299703438,1.59538443,5.038092925174716,0.00011578191786515124,0.999922605446798,,-0.0842410442882285,39148655.07,87.0,90.0,24538696.92775575,24536797.7662708670536561635885,290103.25601724,290080.80360535810029219079752,47223.0,47219.345197014141954,26109293.041551758665834792,26107272.324482387679852092384650813396016,,0.00045409855583853866,0.0005281840719642405
2020-01-21,56.0,39047195.5388005112067552,44446.0,44450.82263886289712,1.01307618,4.803063062643616,0.00011454858279329552,1.00010850557672,,-0.07413000954374152,39042959.16,117.0,117.0,38539016.187860586,38543197.88603827122874688715792,362237.64140135,362276.946205539946030736572,24856.95,24859.647117695250204,42381804.043958510830859116,42386402.70604873457730857073475464937952,,0.0004553394341021969,0.0005286105978817282
2020-01-22,55.0,49572449.1426881443170204,12199550.0,12203986.626103242861,1.54478335,5.946502952140513,0.00011567705644855298,1.00036367129142,,0.03534725896821851,49554427.62,113.0,113.0,32078561.376361333,32090227.42820397005863266266286,391529.45418441,391671.8422066422121075307622,9964.0,9967.62362074770888,44242828.32283866,44258918.1693509000881625022972,,0.00043097863117200067,0.000520341076242608
2020-01-23,46.0,49079339.43709331076410837,0.0,0.0,10.80813852,5.890795266389512,0.00011952572146160304,0.999998157009833,,-0.0410220922624301,49079429.89,121.0,121.0,4540969.731980469,4540961.363017904315370196951677,45643.80085645,45643.71673537383705647147285,14000.000003,13999.974201137656471029499,5522899.90362985,5522889.72497963428493884231505,,0.0004299166789529473,0.0005136513608585075
2020-01-24,46.0,47524812.9661045346939232,0.0,0.0,8.55634405,5.703984178477227,0.00011873695364077126,1.00016778169632,,-0.001344999000293644,47516840.51,78.0,78.0,5553404.611721862,5554336.37136796800496238894784,77002.83004037,77015.7497058156139326804384,5675.28,5676.2322081054909696,6006220.743148864,6007228.47705362188742020098048,,0.00042922366032206326,0.0005141368770474906
2020-01-25,25.0,47525404.3768116317604336,0.0,0.0,102.00363338,5.747424768635569,0.00011985706980690189,1.00018022803536,,-0.017550453754020503,47516840.51,29.0,29.0,465834.78388115996,465918.7403690612116553086961856,20829.11608349,20832.8700741600127804322064,478.57,478.6562517308822352,604044.36642116,604153.2321505903616211322176,,0.00042796367869725823,0.0004951428138332172
2020-01-26,27.0,47487728.99129436274856897,0.0,0.0,83.49336801,5.799883140601326,0.00011656192390566471,0.999387343131547,,-0.14199873573785599,47516840.51,33.0,32.0,569109.1596899999,568760.4910544163063610061168453,20131.83192956,20119.49802445381365391782932,898.9602365,898.4094823366421417308655,644218.621746,643823.936782601987912821062,,0.00044215023587476117,0.0005050440753644466
2020-01-27,50.0,45711182.2679053241369298,211528.4,211582.359270923781496,5.93171468,5.596753846880359,0.0001123634764342076,1.00025509232294,,-0.06877910835360304,45699524.67,100.0,100.0,7704268.852382169,7706234.15222027745544284565686,81414.6763516,81435.444610511937928185704,5864.62,5866.1160195389603828,8141467.63516017,8143544.4610513638361842652998,,0.0004718264891378295,0.0005140780368705436
2020-01-28,48.0,44737888.6787838693481376,271946.39,272225.8057302026628256,9.08539615,5.5418389178259035,0.00010766759782665558,1.00102746622304,,0.05695694815018175,44691969.19,84.0,84.0,4919099.6711446,4924153.879904468248235691584,63324.04637022,63389.1096889716197649338688,10069.985,10080.3315694540194544,5319219.89509876,5324685.2138738963479449874304,,0.0004849810209179507,0.0005238855231068135
2020-01-29,63.0,42630798.7069141010693319,0.0,0.0,4.77321436,5.27560667652063,0.00010738923632212815,1.00000293537267,,0.03355241363666168,42630673.57,111.0,111.0,8931229.64689793,8931255.8633853449979340015731,86069.91935551,86070.1720027989852680679117,7995.0,7995.02346830449665,9553761.04846186,9553789.0923109373654893813662,,0.0005000837612206644,0.0005381722255307838
2020-01-30,45.0,41854880.59760643140551186,0.0,0.0,3.6582367,5.144109194894428,0.00010515072202714572,0.999869905161746,,0.0012818974062983486,41860326.41,71.0,71.0,11442760.507515557,11441271.863438152504660696282522,173603.25743897,173580.67255127310967557364162,13550.53,13548.76714599139402538,12325831.278166557,12324227.751140077827685412928522,,0.0004995833544410704,0.0005367930158694407
2020-01-31,60.0,40560096.71456295104413125,0.0,0.0,6.31294616,4.956504073465041,0.00010686151260930287,0.999933605764125,,-0.00811728565946693,40562789.85,113.0,113.0,6425334.35212634,6424907.7469617891834742395525,64082.70954744,64078.45482490679815413759,4965.8082948,4965.47859375276501726405,7241346.17886049,7240865.39521423820668822192125,,0.0004988572047681701,0.0005368276187684923
2020-02-01,33.0,40564771.9499403190106055,0.0,0.0,1.93522582,4.833968675295845,0.00010659358490691312,1.00004886498063,,-0.025546711607997895,40562789.85,74.0,74.0,20960235.982883744,20961260.20440904784316210187872,287926.1707807,287940.240287458068977477841,5987.14,5987.4325614801290982,21306536.637771624,21307577.78127172109573312364312,,0.000496344102890969,0.0005370339040429447
2020-02-02,35.0,40542269.974463392565265,0.0,0.0,1.58342842,4.737899548024171,0.00010701924162150477,0.9994941207049,,-0.048509740138849004,40562789.85,105.0,105.0,25617065.760400407,25604106.6172310052966130868943,255617.68393294,255488.372239176909717129406,49724.09,49698.935612401311041,26839856.812958344,26826279.0851132197003916166856,,0.0005031230213930904,0.000538090340267978
2020-02-03,63.0,30518197.27889066359985096,1083750.82,1083702.94885170813663944,0.59944396,3.4039761905266874,0.0001077560377496582,0.999955828270292,,-0.02347715296334961,30519545.38,185.0,185.0,50913091.42653894,50910842.50722584822980438317048,309751.13768089,309737.45543735961423296311988,71097.04,71093.89952076608113568,57303960.47096423,57301429.25591110865165030365516,,0.0005090712956847608,0.0005413282705795633
2020-02-04,59.0,36995648.56601780579625108,9945812.99,9941960.23044502974053332,0.77032291,4.000380911886551,0.00010910863358681161,0.999612624975068,,-0.057850517674750454,37009985.31,147.0,147.0,48044767.47728009,48026156.13428072648239270279612,342762.54011755,342629.7624700262084185392434,51980.05,51959.9142268352833934,50386093.397280113,50366575.083094115535645637222684,,0.0005127333298044849,0.000524218636224743
2020-02-05,62.0,35396366.6289049378683264,361690.43,361880.1146080076700546,1.62298037,3.7828090138605006,0.0001039167247416504,1.00052443911222,,-0.023812459267817908,35377813.12,170.0,170.0,21798053.591747925,21809485.3436217052641050271435,135759.10964075,135830.307027685772573134965,34999.05,35017.404870710543391,23079048.638927921,23091152.19470700255822181029462,,0.0005297437621671613,0.0005273090732814599
2020-02-06,66.0,30280181.8149713300738917,549300.32,549339.2830329679135088,0.61818151,3.098525543643709,0.00010268427309775419,1.00007093211409,,-0.11781321418327223,30278034.13,165.0,165.0,48979197.59030654,48982671.7883380522765733531486,308963.56293664,308985.4783753358746439212576,49898.0,49901.53937062886282,50978987.884546083500623906,50982603.93193090285116663492148657343554,,0.0005272530605448008,0.0005267541369493338
2020-02-07,59.0,46368741.70370439205234,16717351.67,16717545.12349443757006,0.69807245,4.420355399949859,0.00010203908799129661,1.000011572018,,-0.022612384547061208,46368205.13,134.0,134.0,66423199.104604416,66423967.755060072066184831488,623263.03122879,623270.24363980611411999822,73070.98,73071.82557869583764,83517246.184658187833541302,83518212.647734347129414759120950487436,,0.000494305603349168,0.0005210416903516335
2020-02-08,43.0,43398488.6750162553273728,4826474.62,4828419.2428978645361024,0.95707772,3.954273547796287,0.00010093565655780431,1.00040290751552,,0.04514208152857482,43381010.14,88.0,88.0,45326527.87541363,45344790.2741470609297556445376,520745.19217129,520955.0043228867194081734208,19363.91699696,19371.7188646479806529928192,45825576.91107339,45844040.3804139012555412840128,,0.0004966050122779187,0.0005232113958757146
2020-02-09,48.0,43398058.6520471076523762,0.0,0.0,3.60374779,3.936800320017635,0.00009855036894485086,1.00039299481483,,0.008204253994839941,43381010.14,96.0,96.0,12037748.65622126,12042479.4290253817554012092858,155178.28337887,155239.2676396121162823846421,34998.87,35012.6243744349092421,14897115.20437126,14902969.6934025030609302737858,,0.0004923341848811834,0.0005036420360512141
2020-02-10,88.0,44176534.474549288177504,5850984.15,5851859.35303217386314,0.61293706,3.779740924744996,0.00010130803500236086,1.0001495821916,,0.011406308077275763,44169927.44,230.0,230.0,72062745.77928585,72073525.08273222922732586886,318819.80945829,318867.499224114265426988364,51955.925,51963.69668112810523,73328556.17540739,73339524.821546971151419035924,,0.0004917449047791264,0.0005021244517663592
2020-02-11,78.0,41939121.2281373784067084,0.0,0.0,1.6343588,3.5248364387887365,0.00009744292765230245,1.00095543934036,,0.02476714545926905,41899089.19,195.0,195.0,25636408.166508406,25660902.19941621450847303506616,144326.94770203,144464.8433457385997610329308,9312.52,9321.4175479658893072,28143754.8018965,28170644.45241967757443699274,,0.0004985601297860847,0.0005117605624438997
2020-02-12,90.0,46984874.710837938490172,8458392.13,8464150.3095733022079367,0.53416356,3.6701397751502043,0.00009658954673233084,1.00068076526659,,-0.011263610998819985,46952910.8,272.0,272.0,87899876.59283511,87959715.7757570594945430619749,336051.23144764,336280.0034538043504362263476,9537.0,9543.49245834746883,91405934.95375865,91468160.9394353537066897685035,,0.0005009604662264436,0.0005082571291630679
2020-02-13,73.0,44533097.1134979880655802,0.0,0.0,1.33171856,3.4128993787122406,0.00009770673620329225,1.00007703681058,,-0.017126835885635277,44529666.69,215.0,215.0,33437745.78356281,33440321.7208509605218715025298,166739.3103284,166752.155393066008788394472,35000.0,35002.6962883703,35848951.72060576,35851713.4095089518710159769408,,0.0005032537482990163,0.0005049821182827281
2020-02-14,67.0,41249056.3258211672314734,219661.77,219781.4715130854445182,2.08958938,3.1127637017881966,0.00009656263709179923,1.00054493557566,,0.024217474335531845,41226590.49,167.0,167.0,19729517.66345627,19740268.9795216996806376863882,127266.52929084,127335.8813502413541469649544,10000.0,10005.4493557566,21253510.39157039,21265092.1854904162024860607074,,0.0005105619330456567,0.0005082195734537442
2020-02-15,42.0,41234941.9765131899079978,0.0,0.0,3.88745007,3.093897560760455,0.00010091105666815661,1.00020257524122,,-0.010470490716143577,41226590.49,92.0,92.0,10605046.932893848,10607195.25283442839241125401456,124297.08416085,124322.263672656826830030237,34242.975,34249.9117789207154295,11435331.74279823,11437648.2578844580744400390406,,0.0005145544373051489,0.0005102275401076477
2020-02-16,37.0,41237444.5832245937469462,0.0,0.0,9.66736834,3.1038791439702207,0.00010050829924583351,1.00026327894438,,0.014625769860464722,41226590.49,72.0,72.0,4264510.157265698,4265632.91299820070075662387724,65298.5727553,65315.764494604536012050214,4750.0,4751.250574985805,4701497.238381486,4702735.04361141256285381574868,,0.0005134519993482209,0.0004907022359814908
2020-02-17,55.0,42903939.4945901911457684,2035249.4,2037113.998873293753538,1.54150159,3.1600327502631105,0.00010336754328237356,1.00091615252327,,0.0891294413765723,42864668.92,173.0,173.0,27807087.074604124,27832562.60759231117093894796548,178517.89954491,178681.4491690269296811850557,49998.72,50044.5264534882702144,30883596.6212693,30911890.706241528715745186611,,0.0005264343276485054,0.0004791830640216599
2020-02-18,72.0,54672703.3576205635218396,12854043.79,12860029.3184293611591813,0.78719174,3.8423273666622473,0.00009813004829491357,1.00046565334047,,-0.021136808667293863,54647256.68,214.0,214.0,69420515.72852255,69452841.6235686867010652225985,351787.33261832,351951.1435648887516995194104,50000.0,50023.2826670235,75282489.180319458,75317544.72288517038779943986526,,0.000519922485769343,0.0004757961796516791
2020-02-19,68.0,53500535.3518342128440752,529925.22,530110.6055705830380912,2.79596544,3.7165859396660808,0.00010381378111486241,1.00034983345496,,0.042726107584214926,53481825.62,154.0,154.0,19128214.156137273,19134905.84538272928310162272408,130541.98416832,130587.6521216589370077788672,36622.5,36635.3117757042726,20103465.56192148,20110498.4267356763691646365408,,0.0005010008791031528,0.0004745362218786626
2020-02-20,85.0,60529559.196140934200448,9546016.09,9556617.510436722619504,1.11644138,4.052398625180573,0.00010413016673711106,1.0011105596656,,0.10019453722195343,60462412.08,213.0,213.0,54156369.88106121,54216513.761086431249150731376,358256.96463567,358654.830370514660701031952,34998.95,35037.81842220835112,76308733.46739787,76393478.868919782907009352272,,0.0005184529303586656,0.0004846513867800013
2020-02-21,85.0,59619244.802416714906048,0.0,0.0,2.73321046,3.9328235371600564,0.00010312919167281507,1.0005385342256,,0.01747993646693203,59587155.08,199.0,199.0,21801158.76411384,21812899.434266054699894642304,125676.4601085,125744.1411836206803394776,9250.0,9254.9814415868,25009615.56159151,25023084.095540525392941384656,,0.0005281397574792632,0.0004779206927060883
2020-02-22,52.0,59590972.8137663010555628,0.0,0.0,32.32077921,3.931193441679878,0.00010336313450883081,1.00006406974391,,0.006591285555382287,59587155.08,113.0,113.0,1843617.5282007395,1843735.648303639308582837621445,20445.84478041,20447.1547404491044788848031,998.67,998.7339845311505997,2310380.46018659,2310528.4856710088227721161669,,0.0005311444572804693,0.0004791433115272521
2020-02-23,56.0,59619797.9622683650243996,0.0,0.0,5.83083989,3.9338973249739864,0.00010032724623380435,1.00054781743187,,0.03799719832062252,59587155.08,127.0,127.0,10219309.087936651,10224907.40359669020814806846737,84240.73770623,84286.8862508190611930995501,8505.0,8509.65918725805435,10698573.68869149,10704434.5538543009249125237863,,0.0005376113698010699,0.00048235101969246446
2020-02-24,98.0,66351480.642734686293816,10016457.25,10020644.94986097744195,1.40535203,4.242286126475338,0.00010369167335462338,1.0004180819382,,0.02378110426230362,66323751.88,240.0,240.0,47193692.78874685,47213423.61929878464619714467,326878.40131829,327015.063273868868118309678,12251.0,12256.1219218248882,78450816.31638977,78483615.185728698419468252214,,0.0005382391426571682,0.0004821495170325052
2020-02-25,118.0,64893183.37509700339726032,136477.71,136451.54643159997597842,6.24674653,4.139939589672598,0.00010699674348741137,0.999808294201302,,0.04212091264193937,64905626.16,262.0,262.0,10390308.908646302,10388317.026178251015957105885204,42730.05991727,42721.86831700514635884628554,4267.17,4266.35195876696985534,11195275.6983255153696,11193129.4990561235669748783573312192,,0.0005298058072028736,0.00048478715036997735
2020-02-26,162.0,64818574.6614391884337824,1254332.5,1254589.3728825655891,3.03233848,4.110485059051103,0.00011367398706308832,1.00020478850908,,-0.005029098501598456,64805303.28,395.0,396.0,21371394.965746976,21375771.58185897114088355854208,62617.07445591,62629.8977132307771610946628,2078.21,2078.6355935274551468,24796361.484538391847810764,24801439.49443741920054929799262153573712,,0.0005102368052819822,0.00048734270140854413
2020-02-27,126.0,69891693.2523383644094334,5681207.34,5681345.0995131926360814,2.51311566,4.380121493310694,0.00011391056953904171,1.00002424828121,,-0.10021882272773477,69889998.54,308.0,314.0,27810100.284014042,27810774.63114620707335800475082,114099.9667612,114102.733489280077230517052,9995.0,9995.24236157069395,35827389.563017056452770763,35828258.31563420070937165623054489026323,,0.000489660962137308,0.0004839010009840282
2020-02-28,147.0,70397127.9893908950907896,4763332.28,4767270.5317997273733296,1.90153423,4.308098707181926,0.00011437244698909093,1.00082678502532,,0.08238472343513767,70338972.78,367.0,381.0,36990642.43044822,37021225.7396866811979116489304,117799.5360354,117896.930927783712441416328,5022.10441325974,5026.2566139842166378796366168,44881623.229485864498762269,44918730.68348405766941246025168382565108,,0.000475579861476506,0.0004839020235273351
2020-02-29,124.0,68257468.55414812577590548,0.0,0.0,3.45763863,4.126063197259004,0.00011648894453219202,0.999718640886114,,-0.015128395689395956,68276678.82,251.0,268.0,19746620.765613083,19741064.873892227216067591429462,79525.74269824,79503.36740574329715890823936,2300.0,2299.3528740380622,21312899.04312700921370523,21306902.46473789322109430853888039617622,,0.0005183051736739537,0.0005047056289771115
2020-03-01,77.0,68252846.862415808387466,0.0,0.0,8.51611995,4.120877364830843,0.00011703083723190679,0.9996509502513,,-0.028267428076789832,68276678.82,152.0,165.0,8017345.839925032,8014547.3873743651771535605416,54061.81353184,54042.943269412444988551392,800.0,799.72076020104,8920199.232753642830890968,8917085.6394530962390518359510225002584,,0.0005182594361523421,0.0005043331933240258
2020-03-02,131.0,73483868.509157899042528,9104570.67,9104948.769293264455581,1.57794759,4.309767378575115,0.00011228580893910454,1.0000415285143,,-0.0007336107851231019,73480816.96,292.0,295.0,46567336.72522949,46569270.597538596608046246707,180982.49397708,180990.009911169176830652244,9411.19,9411.580832738495017,53389835.723239498590532387,53392052.9237958057928919287540781426341,,0.000522961338637019,0.0005055046361842006
2020-03-03,111.0,78113961.09986161939479,4678015.93,4675330.23292248109623,2.44794564,4.498095370677082,0.00011397507982351686,0.999425889711,,-0.006826552801715775,78158832.89,239.0,254.0,31928336.857497614,31910006.470797066693009649554,143572.68026779,143490.25371482895448570869,7115.82175465,7111.73648816596540140615,36467460.788017480826428227,36446524.443565375942773914331759272397,,0.0005253027340978809,0.000510003220208881
2020-03-04,92.0,86121265.3269982891949304,7945851.53,7947381.6375211947673836,2.99355658,4.8866412724103325,0.00011422457202101729,1.00019256684012,,0.02367490274420255,86104684.42,194.0,200.0,28763339.53049355,28768878.395898235827307541226,148963.11762466,148991.8029815154046563893592,3800.0,3800.731753992456,29792623.52493154560926792,29798360.5963026264530452043835408849504,,0.0005374062994247015,0.0005190362622103135
2020-03-05,100.0,83891784.6452122439033187,594527.01,594438.26205856397979366,4.69037065,4.715508754287474,0.00011032694609299289,0.999850725131166,,0.023819242589496192,83904309.45,205.0,210.0,17888630.914753616,17885960.591720196316536172796256,92136.41359988,92122.65994882504273924186008,15351.045,15348.75347477116016847,19348646.855974266879188022,19345758.589252725934010351897491526093652,,0.0005373738470067971,0.0005209092086781997
2020-03-06,113.0,90721756.3936174827511065,10871574.79,10873676.8572885968707095,0.98828168,4.83218025508586,0.00010934558364711733,1.00019335444305,,-0.03309111264328306,90704218.33,239.0,254.0,91779722.49882248,91797468.515949523374901219764,445194.27879053,445280.3590823545893557643165,11957.23,11959.5419835470707515,113079346.812794061391579474,113101211.2069175069799341903571550819557,,0.0005138994544734214,0.0005174424647248215
2020-03-07,90.0,90724388.4810626252502811,0.0,0.0,9.83363214,4.809071802726252,0.00011240591920038008,1.00022237280067,,0.01514299453339697,90704218.33,182.0,211.0,9223877.505322844,9225928.64479673965365280950548,54746.92120786,54759.0954340570516474172662,6129.55,6130.9130452003467985,11551600.374859078648136789,11554169.13658665668331235097524719084863,,0.0005070832538581664,0.0005133512328263637
2020-03-08,130.0,90552691.314416451689657,0.0,0.0,9.54243779,4.795006191158796,0.00012310442536913476,0.9983294380529,,-0.16821144996408174,90704218.33,276.0,303.0,9505350.767585158,9489471.4902989924588864588582,40559.3977841,40491.64079756459047857889,5040.96,5032.538764047146784,12289497.528583066894964916,12268967.1616628365288287738587408520564,,0.0006144252519499382,0.0005534060255241302
2020-03-09,200.0,97578127.51228380914965419,10275929.43,10265360.58109612769633811,1.64023843,5.025767491179644,0.00012650997312486058,0.998971494600477,,-0.14308364202959006,97678590.47,525.0,553.0,59551458.277756505,59490209.281368363780320862852885,136247.25413977,136107.12310321706414046667029,10000.0,9989.71494600477,75344731.539291643432211329,75267239.076077871101710667228099488203933,,0.000622410216417464,0.0005591371314027496
2020-03-10,126.0,114274361.41644925968454746,16611691.35,16609377.37521805959280905,2.37193658,5.8028296966549044,0.00012640579254066177,0.999860702036103,,-0.05320836726026286,114290281.82,255.0,266.0,48184375.155557536,48177663.170206717642591365722208,240929.36301961,240895.80204989836715931697983,11778.625,11776.984261519993698375,64087210.56321693771817805,64078283.34527364328815160433643048213915,,0.0006455378552726828,0.0005692775495058482
2020-03-11,113.0,113372789.44488810231069552,640896.33,640612.32532416258944481,4.59014356,5.683513420723434,0.00012589921772675436,0.999556863313857,,-0.05926302308143033,113423051.36,227.0,235.0,24710131.56411334,24699181.59829786126917034055238,119251.04759494,119198.20308088969711822508358,4961.12,4958.92154572364223984,28023996.1848101481513,28011577.7240083273072546360402225641,,0.000646362151893581,0.0005695172349984526
2020-03-12,246.0,106812876.29263153078031856,0.0,0.0,1.54780255,5.1643977890703185,0.00020088500987689863,0.996251724229872,,-0.4699225285780701,107214746.73,520.0,521.0,69269007.7865778,69009368.4430705626680434120416,140583.30737575,140056.362371029019326078404,3000.0,2988.755172689616,73243903.142767464753641092,72969364.795307827395158415840091593100224,,0.0008652106172788504,0.000705031353410343
2020-03-13,307.0,126261957.387063715293762,18815079.15,18849734.2219094954235225,1.37564255,5.824404350242122,0.00017802001396196302,1.00184187755115,,0.11603223773872673,126029825.88,711.0,729.0,91615242.47218491,91783986.5306375914140207831465,135029.6957346,135278.40389991217464832479,2804.83502651,2810.0011891800079841309865,98436648.190525832709500551,98617956.44303841250888234044421545568365,,0.0013599967824010903,0.001016332766628007
2020-03-14,138.0,132925317.65194001849800956,7095238.89,7084592.85934699570546092,3.40728917,6.016900619031593,0.00019406532077344033,0.998499552894828,,-0.15773624007835907,133125064.77,306.0,327.0,39070668.2695605,39012044.798458302433210283094,127776.39913549,127584.67740729785198609224572,4068.49098357,4062.38642805128401048597596,41782882.517306735890452395,41720189.51218790123039558934820877571306,,0.0014902329762865772,0.001103005988935203
2020-03-15,114.0,126003587.82484184255332476,0.0,0.0,3.80652847,5.627430853595468,0.0001864030491117428,0.998861366652026,,-0.16826519867049608,126147223.26,274.0,282.0,33139703.116379052,33101969.145268784918665199759352,121298.33055371,121160.21622948797224547331646,5830.54205724,5823.90320761686160525396824,34206129.216147426252,34167180.976716813051744721981386552,,0.0014890870615623152,0.0011041170837964667
2020-03-16,212.0,136947263.7087394324006412,13196521.55,13214754.7585686518077585,1.58479427,5.880637331820346,0.00019975985892298234,1.00138166777507,,0.11788537272717917,136758309.16,594.0,643.0,86294045.58343104,86413275.2853940883250935761728,156586.98810965,156803.3393051163726606964255,3972.696591079497,3978.18553793952198222948473979,100685433.354502480711012097,100824547.17318735492010287667570984502179,,0.0015601232673154249,0.0011519416528026202
2020-03-17,161.0,156900976.999754302014609,20151453.89,20150325.5237150736260482,1.9634647,6.518528763017471,0.0001846020466348548,0.99994400571338,,-0.03191891952055235,156909763.05,417.0,435.0,79914735.92683704,79910261.1582083910754322075952,193697.28776851,193686.4418270611734308496638,29975.0,29973.3215712585655,84258320.179300410803658434,84253602.19477017132666481020510202364692,,0.0015831970883221059,0.0011669011882983681
2020-03-18,134.0,156724398.64999028190548,5828041.61,5833465.94942699198914,1.3135144,6.182086806585648,0.00018561576057756637,1.000930731074,,0.0014565206779228264,156578666.02,314.0,336.0,119205900.27830254,119316848.91389570142195112796,364600.00290446,364939.34745674367117519004,21786.19,21806.46708401706806,122505600.975898079405129474,122619620.745465392472688747436445075076,0.001137020108741898,0.001589180031376853,0.0011737883131163421
2020-03-19,137.0,161804489.0350100361512356,5646821.36,5647120.9892183906507744,2.26465327,6.1926677775497385,0.0001612065347210921,1.00005306157204,,-0.04123997331167802,161795903.89,328.0,331.0,71444007.04103881,71447797.9723652443480532508724,237141.07143878,237153.6545168257916114197112,26558.0,26559.40920923023832,78493694.64623592,78497859.6450690770095839156768,0.0011356214895039344,0.0015952571387706906,0.0011763232804861679
2020-03-20,131.0,171028533.05825549218747467,9527686.42,9521569.40071556238610794,2.75807711,6.384061176611884,0.00016186164235345796,0.999357974327157,,-0.099151226364226,171138408.31,326.0,344.0,62049899.90121133,62010062.27247741399662601508881,229085.37753873,228938.29884507720419245829061,25563.0,25546.587897725114391,78805369.873322052122614958,78754774.802705491050425306615253433814406,0.0010770373855523772,0.0016000367620788304,0.0011757149551068996
2020-03-21,82.0,171135538.34657119835279292,0.0,0.0,14.56867021,6.361654758942664,0.00016191881328450183,0.999983230161732,,-0.11260789260325348,171138408.31,187.0,196.0,11747016.42559005,11746819.4300244613154050299666,75545.21996483,75543.95308370926931625188556,5001.9743284098695,5001.890446109361378570870013974,14806863.113107249681866353,14806614.804407586458298249806807799003396,0.00100552156670537,0.0015979214970800472,0.0011783192153322416
2020-03-22,86.0,173006685.35026266841207608,2093463.92,2090742.59278740959690432,14.71919117,6.4261906267582996,0.00017128713472156683,0.998700084015496,,-0.18374606746423813,173231872.23,192.0,202.0,11769116.265143748,11753817.402787201625319499519008,61245.25973607,61165.64604396398337475014072,6088.30563145,6080.3913456411324258649492,12371542.466685961839700854,12355460.500880546712993803089339740433584,0.0009286491208490868,0.0016113687418247528,0.0011893267062800508
2020-03-23,135.0,179423045.4910791825402238,8856814.02,8879835.4554490820350836,2.75074547,6.546109191258005,0.0001545692452932998,1.00259929082818,,0.25350586637105754,178957881.91,337.0,360.0,65057957.6153478,65227062.167877496720940741004,225507.24680412,226093.4057224260727330361016,30100.0,30178.238653928218,81182608.849484251992760045,81393626.0600744409110881740727320640681,0.0009329194166573239,0.0017631963142903451,0.0012916921126502603
2020-03-24,114.0,183543720.36977837684922267,4987115.4,4986078.9631331636087862,6.74638758,6.6249672223850355,0.00014756954601968008,0.999792177083603,,-0.0755226621958507,183581872.89,247.0,250.0,27211877.567951407,27206222.316194597235056480479421,119197.49479471,119172.72282371454714099214013,15000.0,14996.882656254045,29799373.69867636,29793180.70592749702216615972508,0.0009530731691655373,0.0018380916214715915,0.0013427904352052156
2020-03-25,115.0,182962804.11931711568810684,849903.72,849654.84046896102291312,5.74223258,6.531454062338168,0.00014943375155564696,0.999707167382396,,-0.07106174594792984,183016397.29,257.0,259.0,31871993.126165237,31862659.966989845338626660967852,128994.36867438,128956.59491574490588506821448,20799.36,20793.26926896671206656,33409541.486665652417028301,33399758.083179162680369064173195221189196,0.0009500890869309434,0.0018380221823653072,0.0013428263870889552
2020-03-26,109.0,192421764.7780393737917563,9133582.6,9146501.517429814218542,3.13757053,6.717846549842227,0.0001482597264005399,1.00141444140767,,0.16064551731400198,192149979.89,236.0,260.0,61241644.75555404,61328267.4737701119293883554868,273447.44515498,273834.2205442287750325106966,5824.35977385,5832.5979894873009168554295,71096335.740294964495430311,71196897.34149964623655224012037322588537,0.0009571170422160458,0.0018610542300175586,0.0013567512308646306
2020-03-27,109.0,184997740.7904145971050264,58546.89,58436.8087500902108088,3.7038409,6.337202827189738,0.00015377464740209715,0.99811977630392,,-0.2084585306043012,185346233.17,246.0,254.0,50041629.19722707,49947539.7402199948751575711144,209763.006852,209368.60547595587819445984,20075.7924535,20038.04547281134525846772,53279803.740407725338384545,53179625.7908925189162026221421037509164,0.0009867101649675735,0.001957175879924549,0.0014184296146928501
2020-03-28,116.0,185421455.0928952421170465,0.0,0.0,27.17574661,6.341962168897999,0.00016053189326015353,1.00040584543645,,0.03815879023891243,185346233.17,205.0,216.0,6820281.181617469,6823049.16161033426342324934505,33776.35277807,33790.0607567049049891386515,1000.0,1000.40584543645,7295692.200063671235919593,7298653.12344881093729012409813819136485,0.0009999181703314033,0.0020036787636855302,0.0014462829662856978
2020-03-29,108.0,181413046.63444554911962129,0.0,0.0,8.24143022,6.1678673377181505,0.00016928126635461186,0.999581769935677,,-0.12439865801668502,181488950.77,179.0,204.0,22021535.817278877,22012325.748937525206897460794729,124884.62783713,124832.39733119672320373228701,4359.423889075,4357.600646941460939933028775,25476464.078774858844637347,25465809.055564470236483719076900581928919,0.00099576208473488,0.0020035823484046314,0.001444136772984631
2020-03-30,137.0,180491747.7483754838638048,6153711.56,6153788.6106053354418632,2.39543724,6.010997684860512,0.0001553560930634699,1.00001252099722,,0.029396282022459575,180489487.84,349.0,354.0,75347199.48760223,75348142.9096775490529462958006,233063.7401266,233066.658317042207961048052,20000.0,20000.2504199444,82504564.004816354256513789,82505597.04423289587415204534431896066658,0.000987010730745509,0.0019950196629884205,0.0014451372063251323
2020-03-31,147.0,187726386.38475589965229314,9085377.04,9082271.61521336747890384,3.93143472,6.145184527490615,0.00015541023562273132,0.999658195276546,,0.0007247555003213606,187790574.09,303.0,324.0,47766423.01702194,47750096.22801222003546364941924,175369.4571371,175309.5150283009754279364566,2500.0,2499.145488191365,56819704.112419513906597151,56800282.869168630248119473453616260720446,0.0009799273516776566,0.0019960899817947192,0.001445844278578613
2020-04-01,153.0,206844655.3057526960867864,24172708.71,24191163.3542018842900824,1.49606179,6.45214804782983,0.00015064682780558403,1.00076344957544,,0.07218910820758712,206686860.31,380.0,388.0,138153960.01967892,138259433.6018012986055191177248,403541.10998135,403849.193270437848003818044,3517.2249,3519.910123856631996456,156573950.672763591580447068,156693486.98892967644681064987266999280992,0.0009759742176176845,0.0020051485346323193,0.0014528640537643301
2020-04-02,163.0,203637835.6117181284242274,0.0,0.0,6.14740388,6.285791460629435,0.000147174186855622,0.999716313056291,,0.029059017610103953,203695621.4,349.0,364.0,33135226.71861342,33125826.68741651176193792802522,104683.34291655,104653.64561894076273626551605,1428.8767,1428.4713463360399983197,38104736.821624720543291255,38093927.005294958031620567477845223035205,0.0009790969768232027,0.002011426833431193,0.0014574983850644306
2020-04-03,146.0,198072869.0817842557992738,0.0,0.0,5.05809398,6.040711679230834,0.00014808969155345706,0.999887166292482,,-0.030534174894219574,198095220.9,275.0,305.0,39164005.580260694,39159586.560309817544979012302508,138646.23730664,138630.59333765127136216068048,2016.28966359,2016.06215815182691932613038,42287102.378526404309585005,42282330.96798484193915729707082187143241,0.0009788198109584813,0.002006628573080451,0.0014564319478885626
2020-04-04,123.0,198163274.93041880857527,0.0,0.0,15.66125964,6.018565399181442,0.00014582290400376314,1.0003435420103,,0.049289045529200264,198095220.9,203.0,220.0,12648741.251896847,12653086.6258942881815066115241,60958.72463601,60979.666518816779011170903,618.329999995,618.5424223262270812899485,13410919.419921106865639872,13415526.6341385978725598950536227146816,0.00096795519371152,0.002007370757918019,0.0014569064783877584
2020-04-05,78.0,198090779.7775974336975069,0.0,0.0,68.445197,6.0252334020292695,0.00014725448315622137,0.999977580870541,,-0.021573185979530497,198095220.9,124.0,147.0,2894216.5348995966,2894151.6490844183075522577237606,21257.22165052,21256.74508211587833446533132,199.28,199.27553231588141048,3124811.582626485036496689,3124741.527071079150653413654389484138749,0.0009596088099723732,0.002007568615989135,0.0014528670004830952
2020-04-06,173.0,187840960.04705489713992615,1137541.58,1137257.6931182018463051,3.92780724,5.640610926617827,0.0001369863849703301,0.999750438237345,,-0.04718296412462974,187887849.67,401.0,531.0,47835303.10198927,47823365.23943000136854190328815,92605.21503332,92582.1043126252393562433354,398.11077,398.01141677450686070565,49173369.182693644806493426,49161097.39000472672377465101421777019397,0.000959088136863889,0.002007954132814678,0.0014519878824311523
2020-04-07,175.0,178238942.91902093200466397,0.0,0.0,1.30956193,5.1387286760902295,0.00013909771906842278,0.999777838718747,,0.14508243578111457,178278549.51,385.0,526.0,136136019.836666,136105775.684074402457652177502,270269.28257844,270209.23920833904465812601468,283.37276139,283.30980693425739695077833,142161642.636256858710576807,142130059.823583756774213656263054214300829,0.0009588989529524717,0.001976362291549305,0.0014519763805752861
2020-04-08,150.0,175849530.12672721725524163,1825831.21,1825720.20069007160816133,6.21182222,5.036647080524592,0.0001356365685773261,0.999939200672373,,0.09687023875321094,175860222.31,293.0,329.0,28310569.139509704,28308847.875941284114036358207592,91303.31061399,91297.75943409455027546029827,2190.24,2190.10683488065823952,30038789.192001849539812755,30036962.853816246632754593965128521517615,0.0009589673197157428,0.0019733197566486854,0.0014512191391979072
2020-04-09,146.0,181532329.283789370003225,6544432.56,6545585.046083509543272,3.13027389,5.114918069034336,0.00013701832338724044,1.0001761017587,,0.031544366325710324,181500366.75,278.0,321.0,57982263.82103599,57992474.599668281819894995613,216168.67366052,216206.741344127463938756524,2079.74774446,2080.113991695451764181802,69390144.245027524644129254,69402363.9714655206749489927532595190098,0.0009585986091260125,0.0019671278724504517,0.0014515625642082589
2020-04-10,177.0,186656723.549477469703189,5110274.15,5111536.1089711093716715,5.28974584,5.205580873776215,0.00014581236175910747,1.00024694545421,,0.0690388076637477,186610640.9,367.0,397.0,35277808.522726335,35286520.21717551306390410362035,109551.73187999,109578.7851821785962677602579,1000.0,1000.24694545421,43492037.556355144787724607,43502777.71732401728742628196710800874547,0.000958540151382531,0.001966251937384908,0.0014512497454283188
2020-04-11,109.0,186643828.811644963823481,0.0,0.0,15.50435592,5.1905576862447464,0.00014530747734006421,1.00017784576209,,0.39408930862860436,186610640.9,223.0,240.0,12036013.74277364,12038154.2968102492912361633076,83033.57036477,83048.3375333705761599375693,1348.2,1348.439771656449738,19928056.887543686091388768,19931601.00800782417166985876883142620512,0.000957845710495256,0.0018630097334647931,0.0014474267016510711
2020-04-12,124.0,188480662.7855061767383929,1845043.81,1845288.3536637759252019,9.88434122,5.235825334841185,0.00014331284800966736,1.00013254084399,,-0.17061941065371566,188455684.71,227.0,242.0,19066084.48412942,19068611.5190585311570871891858,85840.14747571,85851.5248013046566714244829,7248.605,7249.56573622445013395,20773315.68912202668449941,20776069.0019159336263782728532520570459,0.000957847040296539,0.0015510199083561675,0.0014470272841932796
2020-04-13,164.0,188672678.66195093284197,1899171.4,1900282.09555973272547,4.92745997,5.239207792819168,0.00014578186352274194,1.00058483165855,,0.208841231593585,188562401.4,319.0,330.0,38267667.81983825,38290047.9634781664663402295375,141207.02529264,141289.607631440806450308072,10000.0,10005.8483165855,46598318.3465725124666129,46625570.518376779362786589773807825295,0.0009581528886018582,0.0014233692642576646,0.001446095317404659
2020-04-14,135.0,197654891.6944804769706994,12999430.97,13003642.2980982911344223,2.85665577,5.423925360282736,0.00014549027134294992,1.00032396249559,,0.14642631023625655,197590879.66,287.0,303.0,69168599.7254256,69191007.757609114666150873104,257066.82082261,257150.1008314170801122972899,25545.0,25553.27562194984655,77891246.709251503727858736,77916480.55192004922014737330432154297424,0.0009583106137408912,0.001423495844441558,0.0014452317141783648
2020-04-15,145.0,198473025.71072106974506611,3840136.11,3838443.39910656784625211,3.64631135,5.367534915659925,0.00015086602674661058,0.999559205495601,,-0.18199477163570255,198560550.11,332.0,347.0,54455182.5712562,54431179.0260427460608181439762,178134.67617262,178056.15538632021361292664462,4185.12827,4183.28348845837910574027,61812732.631899606841941473,61785485.919053580759845656458882000960273,0.0009589691814769555,0.001351361623796211,0.0014479365745068578
2020-04-16,200.0,199402254.56350259238802666,3346107.67,3345977.58817681952832203,7.65146502,5.417802690288102,0.00014029044125324808,0.999961124435909,,0.0017119681133295958,199410006.74,402.0,416.0,26061676.57312652,26060663.41074858250672348820668,69814.993992,69812.279894726551224058728,1037.7888,1037.7484553749926780192,29043037.500672549587121246,29041908.436206794874964167492412939222614,0.0009593363790543305,0.0013283026259255563,0.001448892103569907
2020-04-17,196.0,205365574.05708014588666338,6448500.45,6447249.88941744266480505,4.931084,5.524284461618113,0.00014118772382236023,0.999806069551789,,-0.11236157381284229,205405408.42,350.0,406.0,41655223.97178677,41647145.75553159180007538003153,115136.89346645,115114.56491709442919400897905,1850.16169364,1849.80289095348957193192196,46745578.747380315672517267,46736513.356341953611956817058516053240663,0.0009586777802320097,0.0013153785142227907,0.0014464293577310231
2020-04-18,151.0,206212869.0605641723279104,601433.42,602034.9129153335759552,41.88624834,5.550071261926107,0.00013782579090322104,1.00100009892256,,0.09469871018957132,206006841.84,227.0,273.0,4918245.247372676,4923163.97914545925393838397056,21039.76233265,21060.804176289801737309584,1100.0,1101.100108814816,5743855.116813407616073257,5749599.54012707344797065396246372997792,0.0009625202198402797,0.0013240959986667864,0.0014536626648616491
2020-04-19,164.0,204446026.9759595669107657,0.0,0.0,18.3281405,5.5246267903680595,0.00013981978192947872,0.999745586947966,,0.03878616379380641,204498053.95,313.0,374.0,11157599.647791836,11154761.008812067795554531605576,37260.96829956,37251.48862289316681722069496,1009.33433376,1009.07754593162541439713216,13935602.144037278871087434,13932056.744963882792895168263875594459244,0.0009668336912117644,0.001338523696865663,0.001462716690320561
2020-04-20,150.0,197306639.245657610166679,600083.05,600106.8221463838703215,6.40481515,5.344118118381844,0.0001459214530392057,1.00003961476063,,0.005638554447457969,197298823.3,245.0,256.0,30804764.659475025,30805984.98285327358657683826575,163636.18520742,163642.6676157273982901998746,6960.301745,6960.57747568754074629935,41890863.41309934867195544,41892522.9096260426274594884231496263272,0.0009660528458574328,0.0013346560958124617,0.0014597914222945717
2020-04-21,173.0,197119531.74876685164932,476216.56,476568.5904607786274008,8.6421796,5.354004878752373,0.00014565902590137647,1.00073922347593,,0.2041793620598466,196973924.0,268.0,340.0,22792158.118811868,22809006.61716040227898469633724,68550.87591918,68601.5503359550223733553374,657.0,657.48566982368601,23307297.812522266377581035,23324527.11422577477281319182251794698755,0.0009673546550211848,0.0013177797677841076,0.0014608407669472912
2020-04-22,165.0,193280885.490455723425921,0.0,0.0,2.90736915,5.153412176911508,0.0001404187977018407,1.00029533993695,,-0.2297977778666473,193223818.78,252.0,265.0,66460022.48533205,66479650.7841825635499468142475,266773.78066275,266852.5696143108497142136125,9553.44,9556.261512367255608,70695051.875629877058246208,70715930.9477935025653781266865482965856,0.0009674760882087403,0.0011038291816047733,0.001460676162774792
2020-04-23,176.0,186566770.9811299089418245,0.0,0.0,6.02476427,4.937225161324779,0.000133536927659104,1.00000532622405,,0.021319344693090884,186565777.29,326.0,425.0,30966485.790366996,30966650.7248083566359524214538,81749.62183004,81750.057246841869564060462,3732.163781784615,3732.18366012510808016833299075,34743589.277767660811290333,34743774.32990845537953565833708315710865,0.0009631965720548508,0.0009779048077067402,0.0014597835870254182
2020-04-24,161.0,180301081.4303771306774776,75932.94,75967.0675771287033384,5.01627471,4.722152304169247,0.0001332787581897427,1.00044944364236,,0.07424936863338712,180220082.66,271.0,346.0,35927076.008248456,35943223.20414894775546848619616,107133.45760004,107181.6080514423826016816944,2000.2493890939036,2001.148388464966328894054716496,37068176.329612545571119549,37084836.38579776936952858445652556049564,0.0009586258040432144,0.0009809514860894476,0.0014608584692150542
2020-04-25,114.0,190726241.41349336276667672,10528564.93,10527328.19837876077291144,9.27839311,4.966305315247813,0.00013265020724452493,0.999882535594408,,-0.1529742082717163,190748647.59,159.0,179.0,20558370.9629935,20555956.086168392135893540348,127125.05194379,127110.11927512757058345432632,1067.37,1067.24462201740326696,22755384.297937740698930014,22752711.350247165911987390759275081761712,0.0009546910413131048,0.0009332129711951986,0.001460565169137542
2020-04-26,106.0,195413043.7655863672659105,4506480.82,4510125.500305856679021,13.28248851,5.078051675588688,0.00013024464336372415,1.00080876418905,,0.2694053307998146,195255128.41,156.0,170.0,14700191.782915011,14712080.77160119973251648682955,93620.05925413,93695.7758054314793973132765,2195.6814883672237,2197.457276925575114684330440485,15915410.073202575238044856,15928281.8869238271199436249586703640268,0.0009474104466929063,0.0007213483744828046,0.0014645870913818956
2020-04-27,163.0,192804181.8045840036595116,608493.4,608700.944033814718204,3.9670601,4.947858898479937,0.00012862001535309648,1.00034107852906,,-0.006474063269954534,192738442.86,299.0,338.0,48584704.52731703,48601275.7268720220151806878918,155563.78131427,155616.8407799756827251876862,8006.161628726645,8008.8923585583876979174288037,52580558.084223674876341833,52598492.18363219577896068334979338416698,0.0009479869662195143,0.0005964189075666143,0.0014656877719173723
2020-04-28,155.0,193844212.9908858628761245,4120583.74,4122130.2184883476662734,4.61191557,4.928037434876517,0.0001287500926021711,1.00037530568141,,0.07938677650993932,193771489.45,268.0,297.0,42015402.58141304,42031171.2007085726939778595864,155262.94448718,155321.2155523584840929093238,9359.53,9363.0426847843273373,46113094.512691232925886044,46130401.01904924224095222668977142924204,0.0009479758674486088,0.0005758639829262757,0.0014619590434669857
2020-04-29,193.0,190211577.4889998841497599,6112039.04,6113140.4753430833129536,1.03766476,4.611794066780558,0.00011415188255118666,1.00018020751109,,0.01676844142939171,190177306.11,443.0,450.0,183274322.4221546,183307349.831645002660741194514,418500.0543216,418575.471174780325334426544,29253.0,29258.27161032191577,188325024.444722171860385103,188358962.02865331865226260223438054329227,0.000943684542533459,0.0005720331137204928,0.0014550479080943813
2020-04-30,260.0,176409451.4504299712783244,0.0,0.0,1.44243057,4.147678170399532,0.00011557750302492851,1.00002405751218,,0.03659873318326961,176405207.58,504.0,521.0,122297191.11496376,122300133.2811285880284364585968,248906.87420114,248912.8622812977796533198852,20000.0,20000.4811502436,129680481.458796492228293758,129683601.24855869548907368145242370297244,0.000934503153319854,0.0005688675453266732,0.001455170347010951
2020-05-01,153.0,169014881.2611200266555482,2345753.36,2346104.2524507288506248,3.84103894,3.950043178761507,0.00011294061364804672,1.00014958625093,,-0.06133950283361175,168989602.74,294.0,324.0,43995805.692351304,44002386.85998146758454185671272,153835.07092895,153858.0825404718122629014235,6405.0,6405.95809993720665,49842562.980980546373037866,49850018.74311361365786507174360986771538,0.0009343388116762537,0.0005308189621052987,0.0014543855732549722
2020-05-02,103.0,178228767.7907214316527951,11053926.39,11057748.5471393742173307,7.41081576,4.1670626084877425,0.00011143081018733876,1.00034577371013,,0.06296392742803134,178167162.27,183.0,184.0,24041504.760417324,24049817.68071544155488660629212,194495.79818715,194563.0497208938665835908295,2574.93,2575.8203430994250409,35787226.866435349271245058,35799601.14864422063593035879542908703754,0.0009341230308626785,0.0004952581536925644,0.0014523175631474395
2020-05-03,104.0,180799216.791681820617761,2598320.83,2598805.7176691861768573,7.4636146,4.256671212317535,0.00011242099475270639,1.00018661578031,,0.029948327963689948,180765483.1,178.0,184.0,24219562.893188007,24224082.64581608640110983874217,173063.02371943,173095.3200106442094679584233,4517.72534322,4518.5684220601512628679982,31843596.364374291416094061,31849538.88195770580357157872808587173891,0.0009337306936930032,0.0004954785789312228,0.0014491128627290026
2020-05-04,154.0,178816187.695935987321541,3514094.66,3515851.8093037910321566,3.54850228,4.20737954821513,0.00011264413154113827,1.00050002901851,,0.015643326681106864,178726819.1,300.0,315.0,50366832.291494936,50392017.16921110998706871526536,177748.67488579,177837.5543812345946600459729,8623.73039,8628.0425054428065595189,55990832.589023874092651905,56018829.63008892142261341154886023176155,0.0009340204916387946,0.0004917097028628897,0.0014489624777686957
2020-05-05,134.0,182616087.15878962661049342,8213487.89,8211848.91961400846442121,2.38605158,4.236180303097546,0.00011126350433859811,0.999800453789189,,-0.01771310524759765,182652534.78,277.0,298.0,76550119.89240067,76534844.60603901369126730235663,300947.35207706,300887.29917329941874652290434,20664.3628,20660.2393047044362137692,89682310.918964878527092695,89664415.153644225114304222753908591874355,0.0009354770678116227,0.0005040086901202165,0.0014511617996934368
2020-05-06,147.0,188674400.04808782109176318,11208347.48,11195439.49199605874499192,2.86526853,4.357772134056331,0.0001077876883375699,0.998848359401154,,-0.09023040167718545,188891935.67,377.0,380.0,65924688.514085986,65848766.966326887997176623627844,200496.30110307,200265.40142280125253483094278,25781.0,25751.309553721151274,76188594.419165070596699681,76100852.540662948321258371912821942831874,0.0009380994906023559,0.0005316436212135498,0.0014562798562457238
2020-05-07,197.0,192377953.6883328233477925,5756092.38,5757390.248020173595215,2.98190546,4.445490040696418,0.0001000850691000309,1.00022547727425,,0.044773802555642825,192334586.61,436.0,441.0,64500564.936215766,64515108.3477851690560275558255,153685.48819761,153720.1407825805776481645425,7812.72,7814.48159081007846,67775300.295146528472919836,67790582.085118553332664259979560037023,0.0009422714140934507,0.0005905767959908354,0.0014462436137949721
2020-05-08,162.0,193997108.972367079709055,2253256.41,2253408.5954318001399438,2.87514185,4.457578561703397,0.00010143368656150432,1.00006754021918,,0.012834735023972973,193984007.25,318.0,328.0,67469369.33300164,67473926.2289943273011728994552,218177.60908925,218192.344852788056305181815,12490.819591666666,12491.66322435962500472313985388,71562255.78127364020074536,71567089.1117141226445440748008137680048,0.0009384696353705421,0.00059072339209907,0.0014442003340865662
2020-05-09,144.0,193811936.1196164056435142,0.0,0.0,13.50296124,4.450697989435642,0.00010442957916611041,1.00015747319583,,-0.0018625282924969505,193781420.74,198.0,215.0,14351031.399099547,14353291.30187741988185039528901,69743.16986046,69754.1525403052411713538818,1124.6598604,1124.836964182438909662132,14994781.519999168667495891,14997142.79616589556164490478059916333453,0.0009367329159105044,0.0005893356161819311,0.0014397045777443203
2020-05-10,181.0,183768619.7381691897245136,6136707.34,6136446.70979620346414784,1.5734957,4.172456888679813,0.00011473938144177487,0.999957529308576,,-0.02893446932773425,183776424.85,371.0,384.0,116794996.42377383,116790036.05952084871812850336608,335013.19113425,334998.962892386367735692328,40183.0,40181.293400206509408,128645065.395552932050433021,128639601.750677297221354048619559528888096,0.0009362395269652341,0.0005902762041551026,0.0014393889899699036
2020-05-11,167.0,187635518.2519668201934206,6346895.27,6347641.4987495158879191,2.94337795,4.219709131755029,0.00011640572393789716,1.00011757382433,,-0.006026122055734243,187613459.82,326.0,341.0,63740866.17684766,63748360.4342501787254900115678,213791.92081477,213817.0571485110490384493541,13646.58,13648.1844805996252914,72903044.997837994053023417,72911616.48764369194256600675993573433561,0.000934797891353192,0.0005909625092806915,0.0013719156812593805
2020-05-12,170.0,187432490.2948187153674518,1946723.03,1947550.0248842722912366,3.99878952,4.258868070548504,0.00011346221742125838,1.00042481383922,,0.02922342622541744,187352900.19,287.0,290.0,46852403.46721508,46872307.0166086720775362794376,169187.15595344,169259.0289987072937259659168,7143.319360445,7146.3539413672851954576529,49064275.226496706145028497,49085118.40962422094583665072192687625234,0.000935064713925396,0.0005935699266091756,0.0011647965458157874
2020-05-13,186.0,187947740.1487655345244988,1162378.92,1162777.1222136960443076,6.06954774,4.2732454292881386,0.00010729838844100925,1.00034257521953,,-0.02421148425949179,187883375.96,330.0,367.0,30955086.603754118,30965691.04934296922909599152454,91688.22331503,91719.6334282604620665985359,5309.23449,5311.0533021709479975897,33649577.956614372034606241,33661105.46816995105192154932576768308673,0.0009349326362275504,0.0005878265509769278,0.001080367476501078
2020-05-14,179.0,188184829.111228529359678,4457953.45,4458142.6883311865200825,5.40059177,4.262371159655548,0.0001020319307463326,1.00004244959785,,-0.028142172765482844,188176841.08,293.0,303.0,34843744.73687825,34845223.8398299185357769117625,135561.41314373,135567.1676712019290427489805,4000.0,4000.1697983914,41075108.182549262802684102,41076851.8043732572632778899040304883807,0.0009351733155071091,0.0005884528266242524,0.0010803061992313379
2020-05-15,167.0,179915645.6686892282329728,807463.04,807849.0240366880276992,3.47665619,4.033313330312657,0.00010726828959885925,1.00047802068648,,0.09192203781701366,179829683.36,307.0,325.0,51724896.966892295,51749622.5376485161246881226716,164537.55985461,164616.2122119234447611926728,8543.127789227914,8547.21158103840709219945840272,53474706.952746726331795683,53500268.96887359515083838066463876046584,0.0009355474108567956,0.0005759917375964404,0.0010309248805286325
2020-05-16,119.0,179871910.1351655118485936,0.0,0.0,23.36415076,4.028887719770671,0.00010645920232169884,1.00023481537851,,0.027370158290430734,179829683.36,152.0,164.0,7696820.8761153,7698628.208022648683987902203,51462.66110131,51474.7453255556359611068481,1519.2894156099726,1519.646168129165292418599728826,8439876.42061492319700641,8441858.2333912075141638696394630462491,0.0009357134442686762,0.0005736862523307322,0.0010144106296003101
2020-05-17,99.0,179870762.6716674519733328,0.0,0.0,24.8170733,4.049608135442179,0.0001033023577754909,1.00022843454373,,0.042244691726104754,179829683.36,142.0,166.0,7246208.334910145,7247863.61920490272200362314085,47014.41244749,47025.1521633461764107337377,764.2515470887786,764.426128542232771749293988178,7804392.46628340159244986,7806175.2591155268907015036391820023778,0.0009356607942988404,0.0005728604827711857,0.001006194119351778
2020-05-18,150.0,176506610.4149643747473416,7010393.5,7013054.96176063195868,2.6777283,3.9773861386603278,0.00010284723655234149,1.00037964513128,,-0.061983389606832716,176439625.97,296.0,306.0,65891534.22263212,65916549.6227923117839445447136,240969.420136,241060.90300314199719545408,27201.0,27211.32672721594728,73736642.561615953055258534,73764636.31896140417924513994323477034352,0.0009351603522947439,0.0005287698662473105,0.0009999398954028376
2020-05-19,161.0,170954020.7718054426604404,0.0,0.0,5.5353682,3.840965593258347,0.00010253143427726973,1.00011226612938,,0.03667724931233535,170934830.58,264.0,277.0,30880480.66215015,30883947.494187483536808886407,113480.89065808,113493.6307184327776426223904,9260.0,9261.0395843580588,31434206.712286949561073122,31437735.70900466883218823096932609252436,0.0009353583313657063,0.0004776194609005092,0.0009963766769982279
2020-05-20,147.0,165987337.1311982359227497,0.0,0.0,5.40089134,3.7513670244427564,0.00010510489937993778,1.00014695907481,,0.010734006192905418,165962947.37,250.0,251.0,30728806.962488048,30733322.83952927032990976287088,126974.82610661,126993.4862095787880400254941,13948.54428,13950.5941451623351175868,31870681.352760241884944847,31875365.03860540784933201030518299700407,0.0009353313724634943,0.00047468032423433204,0.0009931311901532958
