time,AssetCompletionTime,AssetEODCompletionTime,BlkCnt,CapMrktEstUSD,FeeTotNtv,PriceBTC,PriceUSD,ROI1yr,ROI30d,TxCnt
2024-07-31,,,0,1022150681.03123506484609801054,0,0.000010383231629510344,0.671697837482399,14.029331755704636,8.65241500309381,0
2024-08-01,,,0,1059549396.59287743186986372954,0,0.000010672627616950397,0.695621115033029,21.022163102303253,11.615865923029649,0
2024-08-02,,,0,924460206.79555415752221142886,0,0.00000986772072020882,0.606931627654811,7.437613579275202,1.420744283509841,0
2024-08-03,,,0,854474533.46094855420292521156,0,0.00000924370541954496,0.560984253914706,0.9362182316903974,4.254153349391516,0
2024-08-04,,,0,807876995.38916685503966347778,0,0.000009096651797142781,0.530391785554553,-4.5798488062597595,3.9876064696461118,0
2024-08-05,,,0,776992764.18985251233407436836,0,0.000009386850389391681,0.510115502624386,-7.667773819450599,-6.208950867860496,0
2024-08-06,,,0,793108648.76893622840055101112,0,0.000009290267314468662,0.520695990553212,-4.461553556609136,2.6168701336434035,0
2024-08-07,,,0,776911092.9142922389035490646,0,0.000009252027558172885,0.51006188335571,-9.059288525028796,-2.619364742382823,0
2024-08-08,,,0,858538864.89332774844945036954,0,0.000009096026488252134,0.563123990715906,1.4517422005941116,3.360845747244582,0
2024-08-09,,,0,844059053.57057795335925348861,0,0.000009117555405587748,0.553626541654129,-0.3648979200970536,0.29596889827567346,0
2024-08-10,,,0,860577991.16137319834207767938,0,0.000009272992496918098,0.564461473465482,1.4765489053931458,3.6527419587488192,0
2024-08-11,,,0,805718737.28306734111189051221,0,0.000008982218673080679,0.528478755344169,-5.3832074425071985,-4.971948621863726,0
2024-08-12,,,0,844607079.4890350694589944004,0,0.000009327280150647418,0.55398599718356,-0.6565057684029333,-3.306574498010457,0
2024-08-13,,,0,852859421.09175387898417411323,0,0.000009240724809470877,0.559398788294247,1.269009080224997,-3.9832414675495653,0
2024-08-14,,,0,832843382.15754340418276764266,0,0.000009283889700875023,0.546270073702674,4.829998090626091,-12.361564722456512,0
2024-08-15,,,0,804269279.45431870676440408638,0,0.000009142870138165573,0.527033322250529,8.500611835268135,-14.481203077605091,0
2024-08-16,,,0,805734894.9660378169617436248,0,0.000008960090529795461,0.52799373219284,18.14065969236759,-14.190461501542522,0
2024-08-17,,,0,812534469.30777942821260156122,0,0.000008961581672437878,0.532449456596051,17.24129830003105,-12.091844974117935,0
2024-08-18,,,0,807848437.07661961427793512622,0,0.000009004079886863379,0.529378724941801,14.148193229260633,-17.468981828060333,0
2024-08-19,,,0,819861400.8721049680428738228,0,0.000009042871891399891,0.53725075534374,15.015363842743104,-16.94379535301528,0
2024-08-20,,,0,835631937.35122837984063935102,0,0.000009261747913242182,0.547585102864641,19.072164006552637,-16.090693677007778,0
2024-08-21,,,0,874911612.85512589875347817714,0,0.000009378316488328272,0.573324862428487,25.807878833286853,-8.585592491865786,0
2024-08-22,,,0,884498489.42166401540569993072,0,0.000009588022160336588,0.579063552916427,24.591315398700473,-3.462615398538583,0
2024-08-23,,,0,932689122.67536697157465670832,0,0.00000952493297727363,0.610613001155087,34.495215856772276,-8.513697526075958,0
2024-08-24,,,0,935296137.61423374113693086528,0,0.000009564025330534196,0.612319761936548,36.0328439360622,-3.245379274515905,0
2024-08-25,,,0,918559922.79506770898292095856,0,0.000009323742197587886,0.601362895269771,33.77915105226449,-10.82254255677797,0
2024-08-26,,,0,877077567.61532204550837178752,0,0.00000911676462672081,0.574205223141432,26.500266244845303,-15.28957925823322,0
2024-08-27,,,0,833798463.08484355624882104368,0,0.000009166910477524803,0.545871254981863,19.852738007902126,-16.769836938880147,0
2024-08-28,,,0,820219560.80174447341855985168,0,0.000009085860891097772,0.536981417978413,12.812399230245605,-19.286213276539083,0
2024-08-29,,,0,844181186.95206132948227282188,0,0.000009304891497192594,0.552150316672141,19.55750281228094,-18.88742267749459,0
2024-08-30,,,0,849690332.03517307092268204928,0,0.000009396787886761346,0.555753661841696,27.06496298430188,-17.261359077062863,0
2024-08-31,,,0,846059406.91662510945538759824,0,0.000009385676538321993,0.553378796723868,29.024398431798666,-20.44824621265373,0
2024-09-01,,,1,807897495.79325724964234647908,0,0.000009214068941048722,0.528418383441431,23.38625454277574,-12.936093727188986,0
2024-09-02,,,0,867889986.69486595954036455484,0,0.000009595449723695025,0.567657439418113,32.01363543770765,1.1895495206576019,0
2024-09-03,,,0,839984187.8935976091659442892,0,0.000009532033419574599,0.54940520176669,25.930992735173742,3.5847870819223737,0
2024-09-04,1727672987,1727672987,21563,853172326.95173306305833063472,0.00022999,0.000009615689011140123,0.558031116759604,27.50295061633741,9.393091150672168,138
2024-09-05,1727672993,1727672993,103134,813909796.3713537058853184824,0.00190226,0.000009478231936857711,0.531851582628188,21.814061163351674,2.1424386354739804,174
2024-09-06,1727672997,1727672997,107993,788559520.2822474501545378784,0.014920252863,0.000009570883946342002,0.515286375380208,17.405227453249758,1.0242859141181018,457
2024-09-07,1727673001,1727673001,107998,786066265.0945104923018500338,0,0.000009500480365857062,0.513657150958281,18.46654894826355,-8.784360207196507,92
2024-09-08,1727673006,1727673006,107995,800425841.4435306963219314268,0.0000190509,0.000009534223950081621,0.523040455399566,20.942838733097435,-5.5246784525860395,92
2024-09-09,1727673009,1727673009,107990,828149786.343125762805118466,0.0403247967197,0.000009471415799558946,0.54115674302417,29.629480878221887,-4.128666266314651,926
2024-09-10,1727673013,1727673013,107992,829061455.762508368748324081,0.0000669200191,0.000009394904622034542,0.541752475899845,35.93850668256322,2.511684797439313,260
2024-09-11,1727673017,1727673017,84434,837439064.577049281643666506,0.0002372362,0.000009532041803785215,0.54722684729397,34.102795549488484,-1.220093995868713,72
2024-09-12,1727673021,1727673021,107989,856153984.66132294061626830912,0.000273963,0.000009616084996282559,0.558931495990224,33.71682195111672,-0.08353473654242062,257
2024-09-13,1727673025,1727673025,107986,862931956.9468836729798038136,0.0000201858771,0.000009306003437169591,0.56335642685222,32.58330992960782,3.127821561546096,143
2024-09-14,1727673030,1727673030,107988,857186624.30172220322231716836,0.0877367267,0.000009325646285748388,0.559605644366997,29.35377629065631,6.180315502135272,201
2024-09-15,1727673034,1727673034,107987,829234661.3746868724003760362,0.0002599161,0.000009155390189514374,0.541357487219365,15.475684827913803,2.531044255207982,72
2024-09-16,1727673038,1727673038,107955,805814995.72526610908087480316,0.034158946931580773,0.000009034708993892145,0.526068194648707,21.04608916248663,-1.1984728068161457,244
2024-09-17,1727673042,1727673042,107975,819640645.1351145584450987838,0.000348155604,0.000008882967502369167,0.535094130457135,19.815722106566625,1.0796439762407049,183
2024-09-18,1727673045,1727673045,107987,832915454.95764655343551086132,0.005783482222425,0.000008869578558269936,0.543760456195289,20.5030624269046,1.2116689994012226,364
2024-09-19,1727673049,1727673049,107905,868657350.85632875895310699729,0.0036987607,0.000008993822889861386,0.566562362233547,26.380268916418338,3.4656274010428967,384
2024-09-20,1727673053,1727673053,107976,885579158.90547397906564074353,0.010460692525614,0.000009145892173078921,0.577599233713579,30.99045858847585,0.7455408905496687,376
2024-09-21,1727673057,1727673057,107994,911155371.076436111968057519,0.0111966822021,0.00000937828687771468,0.5942807470517,33.79032707335046,2.627897069092383,659
2024-09-22,1727673062,1727673062,107985,883512125.61828405609985834258,0.0105209698,0.000009064548715372818,0.576251057403494,27.98575427243876,-5.6274503960104045,116
2024-09-23,1727673066,1727673066,107984,901722020.27081344614905175185,0.0234909874042,0.000009285839606021916,0.588128054610955,33.04749068420256,-3.9508290977059692,476
2024-09-24,1727673071,1727673071,107967,926997668.39963006664892030507,0.2506174923162,0.000009396756654691813,0.604613531763401,35.738434867161544,0.540544905447112,788
2024-09-25,1727673074,1727673074,90336,919954209.99107446638598954971,0.1450420568,0.000009515114862176644,0.600019593278553,35.60257034278695,4.4956696833742935,296
2024-09-26,1727673078,1727673078,106308,954747620.6032785949041127661,0.08603969711,0.000009562711320514808,0.62212882806707,40.839742761540606,13.969882529854189,515
2024-09-27,1727673083,1727673083,107992,964811512.56122389879585153546,0.06532004329745,0.000009559198427431971,0.628686621115702,40.30463937559458,17.07790997359531,998
2024-09-28,1727673087,1727673087,107989,944596858.74362015318848058482,0.0612890938,0.000009358514386501178,0.615514429200334,34.80626798759028,11.475880863402216,338
2024-09-29,1727673091,1727673091,107979,944081722.84318138949454732502,0.0677557388,0.00000937518666260968,0.615178758404074,34.5982073360928,10.692704455684726,499
2024-09-30,1727743220,1727743220,107985,890106820.2998768331892820685,0.0834448253185,0.000009168628802673702,0.58000784816595,,4.812083802222304,1613
2024-10-01,1727860815,1727860815,107976,827400351.20037945345245892877,0.32511874520688,0.000008859067108762677,0.539147309431699,,2.0303846963827583,3209
2024-10-02,1727914082,1727914082,107984,814034833.10113559268552354072,0.062989536332022,0.000008740685757605555,0.530438123954664,,-6.556650697928177,2240
2024-10-03,1728000498,1728000498,107968,807721789.9133723848740868482,0.0673430261358,0.000008653481465551079,0.525830849964684,,-4.290886166748951,1969
2024-10-04,1728087500,1728087500,107977,835721320.88029605893549280765,0.0794260766577,0.000008767714337828978,0.544058682060843,,-2.5038809269090114,2381
2024-10-05,1728174200,1728174200,107972,844825066.27473010427433008835,0.0789948825867,0.000008866374989058188,0.549985264998677,,3.409538104762213,1203
2024-10-06,1728260383,1728260383,107963,846454617.4670789921134310313,0.096349658759,0.000008776033622764909,0.551046110823606,,6.939778956315767,1515
2024-10-07,1728346072,1728346072,107972,828601001.72455003056864456615,0.0876507928879,0.000008642318025347491,0.539423319340113,,5.016219151969852,2017
2024-10-08,1728433102,1728433102,107952,822219005.40521897642224386915,0.1706889083876,0.000008615809609379447,0.535268608409973,,2.337898127032178,2437
2024-10-09,1728519656,1728519656,107958,806886628.17268121904169982415,0.222218893984782,0.000008665922925063003,0.525287155572073,,-2.932530668178019,2398
2024-10-10,1728606970,1728606970,107943,800995691.86205776163876279695,0.1502526292580479,0.000008650837546682084,0.520963102529237,,-3.837430246364266,1942
2024-10-11,1728693126,1728693126,107934,835457652.21466373707143932755,0.0859446990216874,0.000008699245475061186,0.543376968130433,,-0.7035252715714821,2465
2024-10-12,1728779708,1728779708,107951,848136879.56287738462711380055,1.1455915181934564,0.000008727821585571078,0.551623466437613,,-1.3075000433933013,8881
2024-10-13,1728865845,1728865845,107938,830237528.7403837757550164369,1.2313559621262672,0.00000860399496203684,0.539981829119854,,-4.14916678291443,9610
2024-10-14,1728953075,1728953075,107920,868429198.1970531114168727378,1.6545805722271636,0.000008546278384865796,0.564821476589948,,0.93205497039811,12547
2024-10-15,1729039453,1729039453,107948,856994787.90192362837670900835,1.4806219473905624,0.000008327379356932152,0.557384600307761,,2.960541502938815,11218
2024-10-16,1729124239,1729124239,107934,850180251.19585777007704250055,1.5409588880836862,0.000008172159742706261,0.552952463879613,,5.110415247372741,12063
2024-10-17,1729212897,1729212897,107944,824417301.05060020454846868412,1.6977253057348648,0.000007955304131102886,0.535693534098158,,0.11201835469786972,12533
2024-10-18,1729299553,1729299553,107943,855581563.06667757732427477184,1.5361325874494564,0.000008128954771333674,0.555943586633056,,2.240532627733316,11221
2024-10-19,1729385678,1729385678,107916,864057700.65345790605643330092,1.4620999663688624,0.000008213407125428264,0.561451248946278,,-0.9021272198738285,10425
2024-10-20,1729472104,1729472104,107913,913186782.55215972256497599046,1.5312260555713612,0.000008598091998220021,0.593374561904139,,2.7311892519550387,11649
2024-10-21,1729556407,1729556407,107904,878983620.95292486525318436432,1.3693761270981557,0.000008468949625850968,0.571149879706088,,-3.89224578793223,10188
2024-10-22,1729643538,1729643538,107979,873991614.93891741160794063612,1.3523771098081624,0.000008422688765887025,0.567906151874958,,-1.4481371307389923,10480
2024-10-23,1729729990,1729729990,107899,831276423.08522718951679421392,1.38199002435106,0.00000810461328437873,0.540150484866728,,-8.157674058919698,11067
2024-10-24,1729816931,1729816931,107938,842951514.8977651043260110912,1.3379437085829564,0.00000803192593633172,0.54722310449888,,-9.492084488605062,14811
2024-10-25,1729903234,1729903234,106227,787288769.577374391269490666,1.3828871935579576,0.000007713196162254763,0.5110882381859,,-14.821408515466189,14070
2024-10-26,1729989341,1729989341,107874,788882682.903059490099414585,1.3744704157940648,0.000007640964584422759,0.51212296697275,,-17.682167443695544,14250
2024-10-27,1730075525,1730075525,107913,793887173.39639016078215339112,1.3886969442134588,0.000007578979992764625,0.515371757414188,,-18.0240615746553,14398
2024-10-28,1730161627,1730161627,107929,803598985.94799647606698901262,1.516668718391791,0.000007467185836897957,0.521676423958913,,-15.245459860840908,27035
2024-10-29,1730248107,1730248107,107946,836038077.5205930283050475026,1.4697964864034624,0.000007467585778184315,0.54273507333999,,-11.776038114843367,16918
2024-10-30,1730333245,1730333245,107919,837090430.43647241950462580712,1.5114173733793922,0.000007500567309685333,0.543418234612588,,-6.308468699011998,13690
2024-10-31,1730421752,1730421752,107894,787885241.7190904990974500813,0.6897601726097118,0.000007261858425466442,0.510995786989482,,-5.221489924876144,8008
2024-11-01,1730508654,1730508654,107909,783006315.2667096984354821223,0.5753007766675636,0.000007308654184832413,0.507831479892222,,-4.261881460159569,9659
2024-11-02,1730594090,1730594090,107896,778165360.9485893368929523363,0.6035426470613588,0.0000072888440023781,0.504691800240182,,-4.020123529443304,10911
2024-11-03,1730680803,1730680803,107895,746737052.2746716221446342296,0.5390705488663612,0.000007045229161753278,0.484308459527344,,-10.982312111474947,9656
2024-11-04,1730767268,1730767268,107921,736114590.06505186656276518045,0.558447127864662,0.000007043751100003578,0.477419088906913,,-13.194203683245684,7910
2024-11-05,1730851940,1730851940,107961,770584514.87277658816666987465,0.5711825656334612,0.000007187076785301661,0.499775119229501,,-9.304301507086983,8497
2024-11-06,1730938473,1730938473,107900,835127768.80351563621701425245,0.594562504585337987,0.000007155403643727963,0.541635696240993,,0.4101374229772613,7610
2024-11-07,1731024795,1731024795,107885,831520539.16921953371673828825,0.6243852123639253,0.0000070919327304908985,0.538790409454525,,0.6579502308221672,7969
2024-11-08,1731111289,1731111289,107911,839302413.54790750601264446722,0.680464209300260097,0.000007108232674201989,0.543832737437194,,3.5305606977813166,7875
2024-11-09,1731197651,1731197651,107894,869886599.80108278601452265026,0.947420434474787758,0.0000073392642026236625,0.563650006473802,,8.193844004944543,7435
2024-11-10,1731284148,1731284148,107955,930763210.57073811385664509242,0.961991081284639205,0.000007500321429758052,0.603095495187234,,10.990257327665406,9220
2024-11-11,1731370521,1731370521,107907,972526414.46421157214074455465,0.980375034830903266,0.000007091563239476515,0.630156298457805,,14.23667352793336,10059
2024-11-12,1731456974,1731456974,107874,943962340.07991760997792136279,1.919250842883600249,0.000006946696970166008,0.611647977125683,,13.271955488324767,14605
2024-11-13,1731543263,1731543263,107863,914519371.33465454571409744521,2.223188864808842015,0.000006557200638343603,0.592570169135917,,4.912825325534523,15389
2024-11-14,1731629825,1731629825,107954,879744468.30747625678013342868,2.199603526928065204,0.0000065306777795810595,0.569502903362178,,2.1741366818756425,14183
2024-11-15,1731717905,1731717905,107920,963958040.5965020263345660019,2.08470015846326103,0.000006846882366700532,0.624018590188115,,12.852122189652496,17273
2024-11-16,1731804888,1731804888,107898,1067984087.55415027772484414756,1.746389286777415253,0.00000763362569799733,0.691359889738026,,29.058845353049264,14549
2024-11-17,1731891021,1731891021,107909,989006931.73731215043178296588,1.534433807805489588,0.000007134880256029961,0.640233999030798,,15.161684463027528,14826
2024-11-18,1731977699,1731977699,107870,1108132629.3841428235784075408,1.035824865895838235,0.00000791884649097132,0.71735006297768,,27.76711501203181,12737
2024-11-19,1732064067,1732064067,107914,1086502833.63343521381602752442,0.879033114730169194,0.000007624026603164264,0.703348006786457,,18.533562431360945,8284
2024-11-20,1732149915,1732149915,107887,1046157686.3394644045373186468,0.388869169784240948,0.000007192335049930654,0.67723056092778,,18.573177547770964,9888
2024-11-21,1732235533,1732235533,107936,1101054115.064148501725692321,0.120361691552282357,0.0000072260919723368915,0.71209934419238,,25.390320538237553,18659
2024-11-22,1732322271,1732322271,107927,1164596738.61974205279070186185,0.108934685700450176,0.000007612772116259592,0.753195108644943,,39.441716659900756,13189
2024-11-23,1732408846,1732408846,107890,1315445479.2897877160237957449,0.177927019659421383,0.000008707207213950881,0.850755517196822,,55.46776263694166,11186
2024-11-24,1732495899,1732495899,107907,1467793458.6689375044420307616,0.329230356520709694,0.000009688543890099624,0.949285548301248,,85.73807893953342,17540
2024-11-25,1732582263,1732582263,107307,1376474986.89182859012942331095,0.156296059003404735,0.00000953714433347512,0.890225940807441,,73.83050521434824,15512
2024-11-26,1732668392,1732668392,107941,1339532620.1017377049453656748,0.130174007599103558,0.000009429424099474566,0.866333713527944,,68.09879491159215,11453
2024-11-27,1732754430,1732754430,107866,1405027065.1228808666270975745,0.101412808707224764,0.000009466616444650288,0.90869180538711,,74.18686443431804,5572
2024-11-28,1732840676,1732840676,107925,1371493280.77058246250033771558,0.092109873995031401,0.000009256228133862459,0.886172216318987,,63.27896608293357,4927
2024-11-29,1732927344,1732927344,107947,1537524331.46706391292940372696,0.137016125666732079,0.000010199812879914339,0.993450980448844,,82.8151720298992,5875
2024-11-30,1733013009,1733013009,107911,1530542382.24152362711237715892,0.105698768191202003,0.00001025194406167614,0.988939686440938,,93.53186691953952,5890
2024-12-01,1733100080,1733100080,107925,1583374880.3791364724870640308,0.108280924530231251,0.000010496366647075687,1.02307670528362,,101.45988301094478,7866
2024-12-02,1733185932,1733185932,107903,1635856386.239631125350874355,0.191402904778338012,0.000011041744747416687,1.05698693511575,,109.43215931242227,12367
2024-12-03,1733272660,1733272660,107878,1763249709.937028817557773167,0.296703112622425541,0.000011866368419172248,1.13930044374755,,135.24273039943157,15964
2024-12-04,1733357144,1733357144,107935,1878230534.01806182649048768128,0.388620139098362904,0.000012268405564134763,1.21359378017048,,154.19883879153105,17200
2024-12-05,1733447490,1733447490,107833,1791944440.5354932390922205632,0.223441482644813975,0.000011931504263787681,1.15675533430155,,131.4551664926637,15369
2024-12-06,1733532840,1733532840,107935,1796396383.76931943370817328384,0.351295763464734496,0.000011601732564074134,1.15962920079386,,114.09763219850632,10572
2024-12-07,1733616382,1733616382,107899,1779986455.98707754908826889088,0.332684294885163394,0.00001149292376506211,1.14903608692927,,113.26216405606804,9479
2024-12-08,1733706696,1733706696,107929,1801671830.31109157650895353472,0.313535301175085586,0.000011538158649152863,1.16303466403813,,113.85889152589793,8535
2024-12-09,1733791693,1733791693,107898,1478025990.151577501559535771008,0.445789977282665145,0.000009796789779691198,0.954111304831107,,69.27371487140277,14008
2024-12-10,1733875733,1733875733,107876,1414580751.706402126015148752256,0.488190666838545054,0.000009429965587939887,0.913155449087299,,51.411419314913836,14394
2024-12-11,1733962839,1733962839,107950,1516717926.45595314691185237376,0.388728584889851723,0.00000966426009619917,0.97908814155779,,55.37226938045901,10756
2024-12-12,1734048943,1734048943,107818,1534092181.34461917538158027934,0.359074504349201101,0.000009884766347657349,0.989375065919254,,61.75563443675947,11492
2024-12-13,1734135195,1734135195,107892,1526226822.10435959867563817247,0.132491630330371614,0.000009717683939520414,0.984302495697307,,66.10733158110409,9482
2024-12-14,1734221705,1734221705,107879,1444086577.26512433392154182012,0.107588912617662508,0.00000918769759110069,0.931328162641772,,63.53352320830742,6422
2024-12-15,1734308303,1734308303,107920,1480452186.57093731302923090387,0.083045551858741178,0.000009132173926704156,0.954781269007647,,53.005260423382765,7092
2024-12-16,1734397585,1734397585,107893,1429509693.36392598201488924223,0.105093649632188688,0.00000870928444402851,0.921927159464763,,33.34981869053828,8756
2024-12-17,1734484062,1734484062,107825,1350992878.76929583681056725923,0.099769792254802425,0.000008210735449054434,0.871289668732463,,36.089253312295625,8016
2024-12-18,1734570491,1734570491,107833,1228032943.3709084447373543287,0.162174443234879435,0.00000788286540167267,0.79198967902547,,10.40490827281246,13350
2024-12-19,1734656649,1734656649,107871,1126592207.000675016118405805983,0.252463358116882811,0.000007429976641614943,0.725886768097667,,3.204496365062265,19706
2024-12-20,1734742871,1734742871,107829,1155157044.936757528353616854474,0.181294547464442334,0.00000762457681646786,0.744291686720226,,9.90225923953799,20845
2024-12-21,1734829579,1734829579,107874,1089010135.603782413088818430426,0.148053791075965124,0.0000072268002912546455,0.701671858589874,,-1.4643301791454635,12314
2024-12-22,1734916008,1734916008,107873,1118831713.052918453225743493237,0.082055464260973136,0.000007576387758368416,0.720886520594113,,-4.289537688176934,9948
2024-12-23,1735002247,1735002247,107892,1199962328.66724119102538834895,0.087745191893127796,0.000008155638129545362,0.77316066202355,,-9.120699614025586,12636
2024-12-24,1735088261,1735088261,107872,1238789097.431750704969190444602,0.083066649102692722,0.000008092010341201407,0.798177555908498,,-15.918075721594898,7725
2024-12-25,1735175071,1735175071,107828,1186955193.873488065878629967582,0.07793739810588669,0.000007706727057998974,0.764779894804518,,-14.091483998898365,7522
2024-12-26,1735261560,1735261560,107884,1095641445.24983604076121371871,0.112402641685400601,0.000007375250167822846,0.705282658415335,,-18.58995587933035,7399
2024-12-27,1735347710,1735347710,107826,1116300558.185515753017646045418,0.078561428876446968,0.000007626633516075599,0.718581273719593,,-20.92134324756328,7822
2024-12-28,1735433924,1735433924,107805,1154120925.803466992890401915938,0.112075739768606318,0.000007810123063138864,0.742926874674613,,-16.16450380710326,7060
2024-12-29,1735565376,1735565376,107875,1094109864.657814289730594574772,0.072596736211338946,0.00000753600475339823,0.704296754462722,,-29.106038614555622,5994
2024-12-30,1735606401,1735606401,107858,1101144493.63867207946610362215,0.086456849946330386,0.000007661055229232642,0.708825062377775,,-28.324742944765234,8983
2024-12-31,1735690440,1735690440,106857,1079072381.209162993324126150574,0.075966430704155211,0.000007437829153153531,0.694616875750099,,-32.10510295437374,6938
2025-01-01,1735776841,1735776841,107866,1128574108.891200859708092534818,0.0901266479437799,0.00000769123748068322,0.726481962861493,,-31.268595786197064,6276
2025-01-02,1735863434,1735863434,107859,1154109580.49594837672273838752,0.07875781894120415,0.00000766352586848643,0.742223160888128,,-34.85272783299361,6236
2025-01-03,1735949969,1735949969,107771,1229797900.86478495849776237414,0.086761444478565581,0.000008060474965602112,0.790899322437996,,-34.8299789137932,6668
2025-01-04,1736036017,1736036017,107765,1232335323.80314063654389231578,0.072142959679215412,0.000008068113474793543,0.792531172745492,,-31.486706890872206,6449
2025-01-05,1736122303,1736122303,107771,1254042010.45605422316719287413,0.072224120623927025,0.00000819481349730584,0.806491030502682,,-30.452680050608105,6432
2025-01-06,1736211328,1736211328,107773,1298782644.56814365336131736768,0.08608574158240985,0.000008174475619460525,0.835264325025152,,-27.30738968718155,8488
2025-01-07,1736296516,1736296516,107831,1170460709.292676160686452767355,0.106593715713984051,0.000007762194598080996,0.752738788437447,,-35.27804357748975,10244
2025-01-08,1736381790,1736381790,107787,1130688621.5243634599901776972,0.083487348379564865,0.000007651160918355072,0.72716083189208,,-23.786582528670575,9873
2025-01-09,1736470136,1736470136,107796,1129505799.02643286294100236325,0.08335799525972664,0.000007858682008079235,0.72571917808465,,-20.52621721635587,10745
2025-01-10,1736556749,1736556749,107794,1169089182.439064685908563610475,0.085148414664213742,0.000007926961699475654,0.751151912029695,,-23.28046065040011,9285
2025-01-11,1736685367,1736685367,107845,1164399287.471554772325206278985,0.069307791606543341,0.000007907897899000632,0.748138605923557,,-24.382710693396945,6165
2025-01-12,1736728785,1736728785,107868,1125967605.494334036553624614255,0.075479142797021474,0.000007667375789680792,0.723445852082931,,-26.50167451110423,6613
2025-01-13,1736816024,1736816024,107798,1091708757.28347723170660648455,0.103793618280240558,0.0000074323577453281,0.70143418716971,,-24.68452954541319,10604
2025-01-14,1736902317,1736902317,107820,1139228988.36568461415266297802,0.090258166174721871,0.0000075796872921101605,0.731966427971924,,-23.336741960523156,7321
2025-01-15,1736987392,1736987392,107852,1216968968.595719828255901513605,0.084445170120874892,0.000007805694222905428,0.781915170692401,,-15.186881884860384,8588
2025-01-16,1737073725,1737073725,107829,1183836609.941407303226543562952,0.076592803746959865,0.000007600833833632704,0.759914111452211,,-12.782839195405503,9707
2025-01-17,1737160072,1737160072,107797,1263706767.287934316975999319984,0.086567938523460703,0.000007777659982581944,0.811183399073362,,2.423481082671373,8345
2025-01-18,1737246943,1737246943,107835,1164078447.725421505557430850224,0.067600580604780338,0.00000715751328511755,0.747231190381682,,2.940461683845317,10139
2025-01-19,1737333127,1737333127,107729,1067447027.273495987659668050392,0.077099247030681408,0.000006787238056834975,0.685202715003881,,-7.938953607922832,15095
2025-01-20,1737467279,1737467279,107775,1099649847.66283025325899713852,0.083448006192557496,0.0000068806009399897215,0.705873960880985,,0.5988700044997922,20197
2025-01-21,1737505907,1737505907,107795,1119676593.271392436881428164512,0.099250640873361177,0.000006781239786363062,0.718729287761916,,-0.2992472144463271,12747
2025-01-22,1737592665,1737592665,107513,1075241519.670665814071687887896,0.161452821469855333,0.000006649952352184849,0.690206061508353,,-10.729283652130551,10035
2025-01-23,1737678646,1737678646,107808,1077645032.901689578641973824296,0.239600619233622272,0.00000663341934490603,0.691100252149393,,-13.41522358859465,15923
2025-01-24,1737765278,1737765278,107863,1048062576.772657840002578992776,0.133938625962032207,0.000006418580190629767,0.672128844806733,,-12.114734007418852,9747
2025-01-25,1737851577,1737851577,107829,1067823059.037534826317030445888,0.148483993257664751,0.000006530246255085969,0.684801361135304,,-2.90398424456507,8027
2025-01-26,1737938611,1737938611,107810,1036357513.594824108988117461072,0.131173957553581636,0.000006463099691936577,0.664622317270626,,-7.509095828459204,7274
2025-01-27,1738023393,1738023393,107793,996451839.240375359000750752928,0.147762460482781136,0.00000627069552920768,0.639030567885124,,-13.984728555551785,14244
2025-01-28,1738156655,1738156655,107778,944614246.635301213359074990264,0.191236630170999697,0.000005989696696856623,0.605786807438587,,-13.986994317371803,11826
2025-01-29,1738196269,1738196269,107813,969581592.402681333099425376872,0.119077811939887528,0.000005983503888360073,0.621798516701401,,-12.277577401741533,7742
2025-01-30,1738282492,1738282492,107732,1005427139.684946092935774814704,0.105566874593673505,0.000006135798805806174,0.644181848312462,,-7.260841076337738,4845
2025-01-31,1738369078,1738369078,107853,1009650185.577174803781739661328,0.112624367934917542,0.000006325721885942431,0.646887573472434,,-10.956141164957465,5539
2025-02-01,1738455493,1738455493,107755,937242935.080333940784645070816,0.116412939635422022,0.0000059685337197952705,0.600495911048348,,-19.09496460204668,7058
2025-02-02,1738541984,1738541984,107716,800919930.745796665668255813792,0.163610888714710481,0.000005267172508820787,0.513153127634676,,-35.11776871260304,20532
2025-02-03,1738628377,1738628377,107772,833922122.177845091850296408,0.243108801362185539,0.000005259747156274293,0.534297785299,,-32.58337291035735,32085
2025-02-04,1738714764,1738714764,107778,771744248.876316816133116519832,0.128393682053824117,0.000005053341669464265,0.494460132458171,,-38.689940277454,16459
2025-02-05,1738800272,1738800272,107822,759844830.697287002122361032944,0.123341871647689051,0.0000050418339268350485,0.486836119843182,,-41.71472368001326,11750
2025-02-06,1738887499,1738887499,107765,733333878.659771537417866176465,0.148080695004335838,0.00000486226970230396,0.469409841323121,,-37.63974322387012,12513
2025-02-07,1738973871,1738973871,107796,743581982.84231349608418997814,0.157963835598658112,0.000004938258883540764,0.475969692297116,,-34.54409651594711,14225
2025-02-08,1739060173,1739060173,107742,785299204.018481287569437215485,0.370725002460231516,0.0000052034759871667025,0.502673046311709,,-30.734496001830106,10402
2025-02-09,1739146646,1739146646,107763,773789133.50216546306913444165,0.118587765054610801,0.00000514283745061774,0.49530540582501,,-34.06055447737058,9757
2025-02-10,1739233035,1739233035,107769,796555459.80779206227280650386,0.110176040445829475,0.000005236221196533158,0.509878219013684,,-31.847091571453785,11372
2025-02-11,1739319489,1739319489,107782,796253738.91809400434185526061,0.097270156965135095,0.000005319956094145986,0.509685086309634,,-29.547583299820044,10729
2025-02-12,1739405758,1739405758,107797,833296685.724638419849555958525,0.102879947641820969,0.000005456378164988983,0.533396419289885,,-23.956312787926414,14218
2025-02-13,1739492201,1739492201,107800,816946956.061806285633845379624,0.115903841982493429,0.000005411942716240392,0.522440486434302,,-28.62507534917419,12543
2025-02-14,1739578633,1739578633,107705,828796033.070076308887728181724,0.190428400827331726,0.000005440861274429416,0.530018013359477,,-32.2154073452577,17848
2025-02-15,1739733149,1739733149,107605,807189170.310707428090848911852,0.070187093629635117,0.000005289846196002023,0.516200347712321,,-32.071224901212595,8120
2025-02-16,1739769809,1739769809,107678,804564751.256108953522771707184,0.091450328213952104,0.000005349447906249091,0.514522022384932,,-36.57143095227475,10678
2025-02-17,1739837602,1739837602,107822,813231991.166807301600989408384,0.103051994798834174,0.0000054291886298421,0.520064753160032,,-30.401091408619397,15202
2025-02-18,1740154781,1740154781,106768,782183505.50605923839744576458,0.071862021714236971,0.000005240863427196213,0.500209136058715,,-26.998372145113027,14194
2025-02-19,1740407560,1740407560,107545,813018526.053570141040489879108,0.049143513189824091,0.00000537961166174714,0.519928241460259,,-26.342623432184897,13285
2025-02-20,1740496921,1740496921,107671,837475170.965226613097192111144,0.102670733259108359,0.0000054380934968159915,0.535066090222303,,-25.553876914008924,15934
2025-02-21,1740532840,1740532840,105639,806490536.56851598101770044732,0.09218922611892297,0.0000053646568152627905,0.515269888784465,,-25.345499334153683,17770
2025-02-22,1740569100,1740569100,106561,831063393.578591163021232138432,0.0671514052105776,0.000005496254683482077,0.530969581123784,,-23.170396845839093,9807
2025-02-23,1740605862,1740605862,107847,812084146.290501169403306895448,0.041129205463538354,0.000005399467688866283,0.518843667432401,,-22.8059215965368,8044
2025-02-24,1740642521,1740642521,107818,734037119.941810027853409021032,0.156404281728407286,0.0000051048316999541866,0.468979123754359,,-31.51603510587978,24380
2025-02-25,1740679239,1740679239,107805,738522945.454465330114855163288,0.194079520632775801,0.0000053153829005258586,0.471845134833481,,-29.005523502252263,46624
2025-02-26,1740715899,1740715899,107865,733126865.472568329618450474352,0.120185111919297977,0.000005576965050894158,0.468397558692074,,-26.70185399076622,39810
2025-02-27,1740752494,1740752494,107627,755362727.792830384594538372971,0.135716159124442872,0.000005697479070931898,0.482151554398877,,-20.40903689574716,18484
2025-02-28,1740789862,1740789862,107751,753104114.23839725774774477106,0.143625538485597842,0.000005706176559786667,0.48070987082622,,-22.690412100634568,28371
2025-03-01,1740874126,1740874126,107852,738971344.299382922990504934265,0.130070178671879549,0.000005494697738638846,0.471688857817055,,-26.77706472904819,13973
2025-03-02,1740960636,1740960636,106584,819273300.844556601161700398579,0.106815219985298009,0.0000055439097519998875,0.522945971445973,,-19.15968200798072,27970
2025-03-03,1741046780,1741046780,107589,703534230.438666084955627121068,0.100923353021241309,0.000005202622271332121,0.449069182656116,,-25.216945795329504,21569
2025-03-04,1741133498,1741133498,107078,685087127.038661372661937012579,0.138413216646166344,0.0000050077396775719295,0.437294310463973,,-14.782881187992766,26540
2025-03-05,1741221526,1741221526,107344,717475628.962327158742552355174,0.05874781817307855,0.000005053752247539736,0.457968042397738,,-14.285992755621638,14096
2025-03-06,1741307118,1741307118,107831,688745344.94988256056110755293,0.301376025912818649,0.000004868177878720528,0.439217082072945,,-11.172397279147532,17462
2025-03-07,1741392682,1741392682,107811,683563380.323430588470176749304,0.100764773859217732,0.000005036330679824646,0.435912511814396,,-10.460112952422126,21906
2025-03-08,1741480838,1741480838,107529,676054095.529954933466182752912,0.156212288521855631,0.000005003103130155613,0.431123795375688,,-8.156208621343877,21588
2025-03-09,1741565324,1741565324,107852,615930320.419344072975251579422,0.248973216014825571,0.00000487034385266053,0.392782499480303,,-17.477413827619255,36676
2025-03-10,1741653916,1741653916,107618,594527857.87091131727179705124,0.228724042996723038,0.0000047988027578986,0.37913401935826,,-24.57641758592364,47994
2025-03-11,1741740333,1741740333,107685,612660484.68221811534707753652,0.292071767423026593,0.000004721579622815447,0.39069730540698,,-21.11991898085355,38925
2025-03-12,1741826276,1741826276,102477,628918954.559672668906878765986,0.652655289981420201,0.000004795703359646274,0.401065430216689,,-21.340936862822677,34204
2025-03-13,1741912602,1741912602,77931,617129691.536124669517377799832,0.842673289745013789,0.000004847452567836809,0.393178278929017,,-22.85858670579956,28661
2025-03-14,1741999044,1741999044,84641,633106262.392152389148177368,0.437736703916837963,0.000004795827630492957,0.403357080433,,-24.379492278933448,25580
2025-03-15,1742085348,1742085348,107989,650315723.0851442769854257334,0.21803730182317035,0.000004911763287733618,0.414321365946025,,-20.695011833060377,18381
2025-03-16,1742171899,1742171899,107975,628022926.999577794152309793128,0.194787929261033923,0.000004850384860370776,0.400118446660743,,-24.508519224728975,19333
2025-03-17,1742258309,1742258309,107894,658369729.567822353173291345688,0.151455444631888378,0.000004992654797215618,0.419452638109353,,-18.74227904567116,20530
2025-03-18,1742343037,1742343037,107930,665118124.90085039515815337104,0.26001763331239202,0.0000051251567637785855,0.42375209493174,,-17.64160201199005,30852
2025-03-19,1742429522,1742429522,107939,689572007.9319603838897290792,0.401670837040449717,0.000005062929793472195,0.4393318600527,,-15.523623282827867,54656
2025-03-20,1742515873,1742515873,107963,661649258.3488186950291181504,0.643088166219466884,0.000005006203559321921,0.421146730689056,,-15.805869919252846,47103
2025-03-21,1742602021,1742602021,107973,646493421.587858313356304088,1.414957552600253299,0.000004894763620509916,0.41149988075732,,-20.85448568794983,84643
2025-03-22,1742688768,1742688768,107985,654799562.0391435212837850988,1.972649295812919205,0.000004972330696602203,0.416786826751082,,-22.105542779225598,81518
2025-03-23,1742775041,1742775041,107980,646177290.4156381830281298056,0.674917031941826902,0.000004795877245841213,0.411298659932284,,-20.17801371965512,75373
2025-03-24,1742861872,1742861872,107972,671069599.3596954620108589168,0.730898438295905256,0.00000489155172605061,0.427142877089352,,-19.554171787898913,89375
2025-03-25,1742949043,1742949043,107982,671945577.5883877360684967918,0.95810304308305002,0.000004892319143472953,0.427700446469977,,-17.566605643172625,91459
2025-03-26,1743035477,1743035477,107289,666564493.2892145221546793842,0.958947824793953293,0.000004885900159257307,0.424275329564663,,-9.532150137478371,94076
2025-03-27,1743122007,1743122007,105178,662155383.352516309298289853704,0.77135735589260051,0.00000482819909597789,0.421073635777669,,-10.760203996535813,92602
2025-03-28,1743206928,1743206928,107964,618827993.105516139018673723248,1.043732803251085462,0.000004667601227448134,0.393521157615078,,-15.985651438081039,99737
2025-03-29,1743293379,1743293379,107966,593001233.318426351677868821176,1.095710503775114792,0.000004571035911748475,0.377097568957011,,-21.78858171946416,100739
2025-03-30,1743379687,1743379687,107952,596981777.198616009475879128504,0.40646136845890573,0.000004617430867869027,0.379628851079219,,-21.02744833869711,42736
2025-03-31,1743468583,1743468583,107959,599058663.563225929688062128696,0.403881976506866617,0.0000046197292571533965,0.380949571433731,,-19.237106172755375,50195
2025-04-01,1743554802,1743554802,107944,611384925.84005587165953123312,0.434414868160780613,0.000004561809230460023,0.38878800966582,,-25.654268147280913,45647
2025-04-02,1743641002,1743641002,107959,579577789.125465803156901085176,0.619650027395161774,0.0000044644006956124985,0.368561417786011,,-17.92769755295266,51897
2025-04-03,1743727200,1743727200,107479,581517566.272981884154889762073,0.435912376580290735,0.0000044548486246669574,0.369448158101343,,-15.514986300792394,48412
2025-04-04,1743813754,1743813754,107976,590749281.824699591466036441174,0.240780240164847393,0.000004480058505915417,0.375313226509434,,-18.048162368613394,43501
2025-04-05,1743898112,1743898112,107966,581310142.708223953127173079277,0.620129656292622565,0.000004433454390693206,0.369316378326507,,-15.914841794524957,36654
2025-04-06,1743984543,1743984543,107959,523801495.506415484236190488122,0.723967343758191666,0.000004269198620303193,0.332780141046902,,-23.658960908973857,47351
2025-04-07,1744070859,1744070859,107961,517143649.783987938348196482648,2.164500383206688787,0.0000041367770356575624,0.328550296616168,,-23.792121859136966,65916
2025-04-08,1744159298,1744159298,107900,490939359.915639823119742770045,0.964120241220815942,0.0000040850873439827696,0.311902258469595,,-20.591610144984053,49787
2025-04-09,1744245679,1744245679,107918,546026870.026432783239450746712,2.058616219366049499,0.00000419363847563002,0.346900305519592,,-8.50193129417094,63372
2025-04-10,1744331054,1744331054,107927,532872848.58332530118074935022,1.247813428461466075,0.0000042512604628066585,0.33822584336206,,-13.43020832720147,66388
2025-04-11,1744417561,1744417561,107963,548374740.488706998524967058421,0.983428725042177849,0.000004175451615997252,0.348065227142533,,-13.21485201193253,61106
2025-04-12,1744679815,1744679815,107953,569255610.691404811956101934005,1.265879225871980932,0.0000042373864676807735,0.361318763991365,,-8.103070959167571,53025
2025-04-13,1744716578,1744716578,107954,551209224.014323044281652556029,1.711869871803731051,0.000004186534785357948,0.349864334722317,,-13.261883404466104,53302
2025-04-14,1744753239,1744753239,107967,554078803.738342592465901320007,0.737068256306089807,0.000004157580582006751,0.351685718613111,,-15.117648395925047,66474
2025-04-15,1749054408,1749054408,107949,537711834.088780766156193248503,0.648379372960730924,0.000004079021982997367,0.341297251406119,,-14.700945618860201,59546
2025-04-16,1749091131,1749091131,107969,541971279.646599641259066103255,1.318988823607769179,0.000004087873262264632,0.344000812996615,,-17.98816320546479,54270
2025-04-17,1749127849,1749127849,107961,545746634.311105170384445328652,1.128971960675488304,0.00000407428633715445,0.346072260265812,,-18.331433778148288,66350
2025-04-18,1749164508,1749164508,107808,567033107.110881262288905232743,0.720456600188592164,0.0000042585603003709,0.359570571188433,,-18.15513422010851,45631
2025-04-19,1749201048,1749201048,107972,581838435.981209793830717471128,1.396918523823552544,0.000004334334517709219,0.368959018691368,,-12.391812210509501,38326
2025-04-20,1749226008,1749226008,107951,590982928.342966031976053260724,1.011095816575627449,0.000004403643851829949,0.374757781233644,,-8.928823856778829,36562
2025-04-21,1749237828,1749237828,107935,580500699.941743318842402830989,1.571029983560957677,0.000004213686947844554,0.368110725168859,,-11.67889637051649,42255
2025-04-22,1749249648,1749249648,107938,617894447.342992193512297335211,1.315481066389737992,0.000004190817928837206,0.391823081543341,,-4.735142680053816,45296
2025-04-23,1749261599,1749261599,107919,624274617.487397537253657647334,1.958263737801391907,0.000004225047081332993,0.395868914836554,,-7.32166306176187,74543
2025-04-24,1757507600,1757507600,107963,634616906.906976330043111922975,2.31452665313200915,0.000004283967433287808,0.402049837159475,,-5.997330496661658,115791
2025-04-25,1757508200,1757508200,107924,641996556.733668981492351382342,3.656012604200609489,0.000004291643082919324,0.406725078204622,,-4.136524124098574,157594
2025-04-26,1757508321,1757508321,107952,645547585.235133747159538200904,1.429738851505250102,0.00000431888566785373,0.408974766820264,,-2.8733380409960634,173081
2025-04-27,1757508330,1757508330,107957,623030645.008124114940763862831,1.57050701953070548,0.0000042074136216477506,0.394709574618371,,0.301995707294453,137391
2025-04-28,1757508345,1757508345,107940,642789856.913665825629250018199,3.010060053206236884,0.00000428362998492347,0.407227658902859,,7.989998458272427,181192
2025-04-29,1757508356,1757508356,107931,631901999.748939575883263711793,2.648966183392451545,0.000004254174013384911,0.400329857800413,,5.452959294938896,129840
2025-04-30,1757508366,1757508366,107938,634925017.046071297414140717257,1.592162213394255182,0.000004268452692738647,0.402245034655637,,5.590100322664496,141021
2025-05-01,1757508379,1757508379,107927,642360297.236310999549865135212,0.591248740188377725,0.000004217057787759151,0.406573888544094,,4.574698405324206,126757
2025-05-02,1757508393,1757508393,107933,639172301.316139726391744091858,0.533948470554549623,0.000004177481464556619,0.404556086535621,,9.766260659033149,136925
2025-05-03,1757508400,1757508400,107959,607136492.205993393972103228186,0.859913297915018861,0.000004005263276919596,0.384279423207257,,4.01443741988981,89455
2025-05-04,1757508407,1757508407,107965,585170121.237845361660096843612,0.670788589568766293,0.000003924398788054564,0.370376084379894,,-1.3154724589531335,91801
2025-05-05,1757508415,1757508415,107953,595119196.75288208798560754209,1.986529537995152299,0.000003971095574469096,0.376673226866705,,1.992017947737467,107933
2025-05-06,1757508423,1757508423,107929,582017279.774806231097797255848,1.109319050412034596,0.000003810389340047747,0.368380532943876,,10.697871509092392,85075
2025-05-07,1757508431,1757508431,107881,584956189.810638810546614064554,1.168173304908018473,0.0000038115161797077847,0.370240679167873,,12.689193399332147,90184
2025-05-08,1757508439,1757508439,107790,647443391.089636419402446546466,1.054915331223006711,0.000003972142330805859,0.409406880053239,,31.261274625604855,92977
2025-05-09,1757508800,1757508800,107872,687700855.29741981572018905623,2.510749128016827754,0.000004224403050912763,0.434863442043045,,25.356892203280314,95812
2025-05-10,1757508808,1757508808,107912,730812823.642614317965619737632,4.311035739930269078,0.000004418747021118273,0.462125032316528,,36.632088110972006,100976
2025-05-11,1757508816,1757508816,107912,719377301.006776617740115801462,6.028810259089801915,0.000004374983135020577,0.454893849314973,,30.69212717669541,98422
2025-05-12,1757508824,1757508824,107891,719189382.69366719414339715204,7.173569291815259357,0.000004418720270943917,0.45477502031566,,25.865320497589344,112919
2025-05-13,1757508833,1757508833,107897,742475352.784344585684281904714,6.797275437078421002,0.0000045081045898993064,0.469499761497731,,34.19480492927842,155767
2025-05-14,1757508841,1757508841,107908,707995907.69028529650884487054,3.076199553149274814,0.0000043225368244242605,0.44769689465841,,27.300277197471527,88344
2025-05-15,1757508849,1757508849,107817,673486370.822239157542223541798,3.014893413257840508,0.000004106153665178602,0.425874999469317,,24.781256724085544,92120
2025-05-16,1757508857,1757508857,107921,664647529.188776567707585271952,0.921577064246543045,0.00000405432854216661,0.419891681187252,,22.061246753909206,74227
2025-05-17,1757508864,1757508864,107895,639979852.891955844997720427508,1.506524396728349269,0.000003918089855364681,0.404307854246833,,16.827582174974467,64566
2025-05-18,1757508871,1757508871,107916,653612418.430993942529974249284,1.377262034938999229,0.000003894897448820584,0.412920239927509,,14.837050919586543,69019
2025-05-19,1757508878,1757508878,107888,637860015.658964382824556538524,1.177707501770179278,0.000003815419043845551,0.402968645146499,,9.2177246610632,61255
2025-05-20,1757508885,1757508885,107807,641731332.7127961675504115182,1.138792432892258859,0.0000037927001832405824,0.40541435321695,,8.180369699700265,63753
2025-05-21,1757508892,1757508892,107860,660926579.232443436197025633108,1.28688923601122733,0.000003806039079214059,0.417540967667433,,13.42809082128738,64587
2025-05-22,1757508899,1757508899,107937,688556130.531785725196940175839,1.019848577208609476,0.0000038984541473842055,0.434588030637677,,10.914351682879508,58847
2025-05-23,1757508906,1757508906,107888,645268173.104192113948743690771,1.654137234867928152,0.000003795873795966114,0.407266469860553,,2.8791235171129275,65878
2025-05-24,1757508913,1757508913,107829,633307373.709334316821079172405,1.05313907662754338,0.000003703921477733916,0.399717310070415,,-0.5801586951357979,51719
2025-05-25,1757508920,1757508920,107865,634193179.788285787334597676381,1.066357305763337036,0.0000036751305856825722,0.400276394075783,,-1.5855142636655088,43101
2025-05-26,1757508926,1757508926,107842,621065023.793700346214663525304,1.171712445314060073,0.000003584011451093118,0.391990447285672,,-4.152901575479415,41670
2025-05-27,1757508933,1757508933,107861,631551667.984049378719035601653,1.396734831444661071,0.0000036547404170560515,0.398609181539279,,0.9879686665007789,51603
2025-05-28,1757508940,1757508940,107858,638407409.021948292084642762852,2.171335313233426096,0.0000037345079731905274,0.402936240531436,,-1.0538130889696466,56300
2025-05-29,1757508946,1757508946,107850,625163410.859306587811510372672,1.35010855370072914,0.0000037283280174599963,0.394207149278288,,-1.5294159061144914,40366
2025-05-30,1757508953,1757508953,107829,568905194.831526111346736605508,1.18679613710235843,0.000003449972145129161,0.358732598819057,,-10.817395390307576,52197
2025-05-31,1757508960,1757508960,107764,579948921.393986146437141836028,1.475824493896100138,0.000003492503307561094,0.365696403625887,,-10.054134333266143,47008
2025-06-01,1757508966,1757508966,107787,579380088.985344142455868824664,1.450738677388846088,0.0000034547249656702605,0.365337716923606,,-9.69417366770029,52148
2025-06-02,1757508973,1757508973,107839,596359416.599464948634556286448,1.083043755852487684,0.0000035509479654332773,0.376044313341692,,-2.1430004752358163,42615
2025-06-03,1757508980,1757508980,107776,595076215.299696988095439429228,1.119880382845424166,0.000003557271443012249,0.375235169496187,,1.311932741129436,46740
2025-06-04,1757508987,1757508987,107804,581236075.875978565921097400152,0.898455654472015818,0.0000034977866898394385,0.366508040215958,,-2.698675118299343,61639
2025-06-05,1757508994,1757508994,107726,550979588.40532638901631968557,2.86475975122561701,0.0000034140480161794066,0.347103498122115,,-5.775830403340734,88033
2025-06-06,1757509003,1757509003,107694,562982927.473465853717008702668,4.486492668134171808,0.0000033964923668545763,0.354665304525426,,-4.206824241315982,152602
2025-06-07,1757509011,1757509011,107714,580157427.755103938666580208882,5.543284057037272842,0.0000034582386195020354,0.365484814452299,,-10.728218733214346,150383
2025-06-08,1757509019,1757509019,107760,577883380.665146748742484489746,4.701910589440401466,0.0000034432990089277987,0.364052221092347,,-16.283553434158023,158749
2025-06-09,1757509028,1757509028,107767,604224624.731210601723796239058,5.411926168569641597,0.0000034542006606275817,0.380646552629531,,-17.631262967635372,175955
2025-06-10,1757509037,1757509037,107770,633134995.380585454193528153038,6.330255812842396448,0.000003623552690025595,0.398859370301141,,-12.318143913841576,183476
2025-06-11,1757509045,1757509045,107823,605052655.298287889392087921932,5.923676714041589086,0.0000035083568996816034,0.381168191384274,,-16.185328050844873,179943
2025-06-12,1757509055,1757509055,107700,575011061.979914365621486236456,6.265389421616924703,0.0000034142123447430835,0.361903045953768,,-22.917309947234763,200283
2025-06-13,1757509063,1757509063,107824,559282168.576202917660775521901,5.590628246375611548,0.0000033200105165634116,0.352003524346853,,-21.37458880177636,179171
2025-06-14,1757509072,1757509072,107797,558889488.247016604655204142881,5.602456509401094923,0.00000333522347992327,0.351756377436793,,-17.403844349840504,174197
2025-06-15,1757509080,1757509080,107763,557925398.912854447186320656834,6.22226617185593912,0.0000033280284769887916,0.351149594559602,,-16.371385694825012,183915
2025-06-16,1757509089,1757509089,107730,562618015.617257700235625708202,5.553277302252847556,0.000003301846954871348,0.354103054746906,,-12.417468266465237,174762
2025-06-17,1757509098,1757509098,107773,548338460.710697146107954058587,6.079187027178170001,0.0000032984900444804656,0.345115724315811,,-16.42072949090641,180770
2025-06-18,1757509107,1757509107,107773,549095916.824295190381084515818,5.686750435714456336,0.000003297217380238613,0.345592455448154,,-14.23837571220608,183936
2025-06-19,1757509116,1757509116,107777,545446948.66681034783506609234,7.102959790813815723,0.000003275473696738111,0.342973936165412,,-15.40162960587737,188699
2025-06-20,1757509124,1757509124,107802,531064936.69550301821725708551,6.539960801874285439,0.000003233413139689207,0.333930608912718,,-20.024468310690363,182819
2025-06-21,1757509133,1757509133,107797,507596736.74485603197749800148,6.706183946924871943,0.000003143078358433019,0.319173938385064,,-26.55712631644831,184808
2025-06-22,1757509143,1757509143,107774,482304026.75603666457497336961,7.775474283152123005,0.0000030056722321138937,0.303270026332098,,-25.535233372897874,216438
2025-06-23,1757509153,1757509153,106064,525225462.372671200331173634925,10.863291139418948457,0.000003130505560044789,0.330258780701865,,-17.376913037945258,263889
2025-06-24,1757509163,1757509163,107718,523905429.68422981444978574719,11.691211344465663498,0.000003108872344949832,0.329428751662142,,-17.699680386405113,268223
2025-06-25,1757509173,1757509173,107719,516511298.26100163287183086923,10.804730371623808537,0.000003026691827761472,0.324779363917014,,-17.14610236909074,232357
2025-06-26,1757509183,1757509183,107768,506058590.11939655990660999791,13.808506573603446193,0.0000029707503245075627,0.317908378131103,,-20.245595722742706,267602
2025-06-27,1757509193,1757509193,107705,512520335.54406182464321108972,14.107505671694195014,0.0000030064879402034694,0.321967676892076,,-20.094634211251357,279526
2025-06-28,1757509203,1757509203,107718,521739500.97776756200441646616,13.994588045835193114,0.0000030529664169382855,0.327759199826328,,-16.85609953386499,264580
2025-06-29,1757509214,1757509214,107838,538675870.75217142318078653962,12.619434844818241318,0.0000031228856663165194,0.338398706696746,,-5.668258805932308,254470
2025-06-30,1757509224,1757509224,107790,521715030.00506882342548680139,16.031196968261873783,0.000003058649946406706,0.327743827046587,,-10.37816511264521,257429
2025-07-01,1757509334,1757509334,107776,502016837.03299994638796526823,14.805034641087843027,0.0000029874037530764277,0.315369329899159,,-13.677314087692634,253087
2025-07-02,1757509345,1757509345,107826,541530462.83099155986529461627,16.206074589424018504,0.0000031231150651649102,0.340191974819691,,-9.534072780785246,264414
2025-07-03,1757509356,1757509356,107827,541710074.75783473061460575536,16.894297758612912187,0.000003101149580935222,0.33998572433318,,-9.393960915320127,271102
2025-07-04,1757509365,1757509365,107819,515008497.988896625739618107664,15.191773733843135777,0.000002990592362585215,0.323227396693282,,-11.80892061663196,253734
2025-07-05,1757509375,1757509375,107855,514031807.513272505437586093928,13.457470503796498669,0.0000029804151681961087,0.322614410458989,,-7.055269622926843,229156
2025-07-06,1757509385,1757509385,107818,520493669.535299430390817643096,47.516645733467261206,0.0000029920311379662394,0.326669976235723,,-7.893449946327068,255427
2025-07-07,1757509396,1757509396,107790,519042891.13235314888716871464,14.723029714154124038,0.000003009341779020641,0.32575944499557,,-10.86922572043379,241826
2025-07-08,1757509406,1757509406,107840,530150513.349919895458256337792,15.444127213713588715,0.000003053790828585566,0.332730762608496,,-8.603561980715359,254007
2025-07-09,1757509416,1757509416,107803,559878788.619555702711331198392,15.127444814666305557,0.0000031538212587495234,0.351388693615671,,-7.686358594802669,244642
2025-07-10,1757509426,1757509426,107903,593337651.426226896672249193608,15.08751592678722016,0.0000032107214951346433,0.372038833603656,,-6.724309040862025,253803
2025-07-11,1757509436,1757509436,107837,598683177.278083263676959867462,13.99526547245413639,0.0000031915922087275003,0.375390623597334,,-1.5157528664597704,250092
2025-07-12,1757509446,1757509446,107879,600987360.610463622346138106728,15.393026490952112306,0.000003210323671385627,0.376835409171496,,4.12606729472942,268187
2025-07-13,1757509456,1757509456,107784,618251715.352502396496824373366,9.958171422990088464,0.000003260399377218863,0.387660628817862,,10.129757802047923,203439
2025-07-14,1757509465,1757509465,107830,618105873.206048227184423384776,10.942253751548961776,0.000003233216297518286,0.387569181828232,,10.181138619974051,214779
2025-07-15,1757509475,1757509475,107751,638649591.942062820771551639785,16.597402282882268348,0.0000034019847135546983,0.400450651827745,,14.039901521166337,268373
2025-07-16,1757509486,1757509486,107808,645564158.433598248158317981246,16.936160989414523546,0.000003409295314662316,0.404786272947022,,14.313126509552896,281482
2025-07-17,1757509496,1757509496,107746,658598816.992130770732329977292,15.994628631937408886,0.0000034524385626394155,0.412572152302204,,19.546031442098098,272549
2025-07-18,1757509506,1757509506,107793,662225383.48524746016418138407,15.641234147269184756,0.0000035168634433286634,0.41484397591459,,20.038493136846032,262654
2025-07-19,1757509517,1757509517,106976,696484389.108072118304617760718,16.58546336090588081,0.000003700369950914754,0.436305161876166,,27.212337693713717,277832
2025-07-20,1757509527,1757509527,105620,715973773.37307618032656068294,16.780470758635779692,0.000003823464248192012,0.44851407723678,,34.31355654911275,278390
2025-07-21,1757509538,1757509538,105665,715956191.721873806575291003554,16.181266489100259505,0.00000381924347371456,0.448503063400298,,40.519951494036526,294233
2025-07-22,1757509549,1757509549,105653,707814619.127878858125465702483,18.275820700589788036,0.0000036929310170247473,0.443402862729471,,46.207282035818324,329909
2025-07-23,1757509561,1757509561,105438,658965025.453408908352407054105,18.142748537697934124,0.0000034791362564554065,0.412801559657885,,24.99336392528318,358305
2025-07-24,1757509574,1757509574,105540,648621375.28205218544964922189,18.822762846735431962,0.00000342921880862907,0.40594091588857,,23.225709304480468,346036
2025-07-25,1757509585,1757509585,105573,659138600.1092542521121624647,17.939774025783994279,0.0000035102325771013346,0.4125231409611,,27.016426162625848,330881
2025-07-26,1757509597,1757509597,105620,662007790.699769784085666441031,18.736747078775365542,0.0000035116763503244587,0.414318829325003,,30.32648958818603,313838
2025-07-27,1757509608,1757509608,105675,676597027.072761995086844745711,17.918017190878624954,0.000003545345269195448,0.423449530533843,,31.519267592747774,308796
2025-07-28,1757509619,1757509619,107017,630132332.153374873425957868906,17.338871777221380314,0.000003341473485015993,0.394369513237378,,20.322942405993565,310010
2025-07-29,1757509631,1757509631,107044,629027167.935897506986358152095,18.327398918942384809,0.0000033398936580507293,0.393677844119235,,16.33550493206438,314858
2025-07-30,1757509643,1757509643,105386,620940008.697523206190989852432,19.016290487659079009,0.0000033008388167746243,0.388616480196816,,18.573241698790646,324861
2025-07-31,1757509654,1757509654,105382,591594202.803891035151935672175,18.265165687477681911,0.0000031929952806662867,0.369903202845435,-44.930118543797185,17.292066087629216,307479
2025-08-01,1757509665,1757509665,105435,572918293.765656808071957989165,19.076714529646145369,0.000003162244244114289,0.358225808887633,-48.502740767059095,5.301075687485082,311996
2025-08-02,1757509676,1757509676,103843,562104013.694076370500815724695,17.301295119286002302,0.000003122856753627054,0.351464017078339,-42.091662213024065,3.376110208059949,296203
2025-08-03,1757509687,1757509687,105469,573319138.66276054186164306879,18.738335062163998699,0.000003137273361498934,0.358476443208558,-36.09866218044294,10.905339979186428,298729
2025-08-04,1757509699,1757509699,104857,588428498.438701501147633471785,19.511775297934213729,0.000003193784811602361,0.367923798418557,-30.63169369527981,14.04444020188236,305069
2025-08-05,1757509710,1757509710,105393,569937185.021690304741652963965,17.508270878502614728,0.0000031229302891330852,0.356361825658593,-30.140953602620982,9.08924957384039,304501
2025-08-06,1757509721,1757509721,105975,573881700.30422552509410280353,16.905419628877807177,0.000003119304519877203,0.358828193364306,-31.085978841299028,10.151278459227994,286866
2025-08-07,1757509732,1757509732,107665,594783415.95454000524691238468,16.524325036107069887,0.000003163598984585261,0.37154861043566,-27.12787109269591,11.666443920858203,284043
2025-08-08,1757509743,1757509743,107676,604657141.111759171540015323786,16.955843035667620036,0.000003235517324102677,0.377716517548707,-32.92480452333213,7.492507417393426,300441
2025-08-09,1757509754,1757509754,107728,619678846.503450398627416332274,16.540935361413168988,0.000003322416598517558,0.387100258949263,-30.07917254243586,4.0483476414863535,280814
2025-08-10,1757509765,1757509765,107407,624488853.736999751121443783566,16.710473552279943905,0.0000032729892865982587,0.390104968656817,-30.889000047817667,3.9197422989622837,279203
2025-08-11,1757509775,1757509775,107700,592787511.614485477829300017938,16.106370582019328977,0.0000031185400026268094,0.370301811240831,-29.93061547011972,-1.7338067951283163,241188
2025-08-12,1757509785,1757509785,107774,628060840.986743756708369903408,22.194888281801422238,0.0000032652700075266534,0.392336313485096,-29.179380800288047,1.206128329691902,267775
2025-08-13,1757509796,1757509796,107757,667859981.736029921379667034018,24.166368397059610617,0.0000033796900302353363,0.417197994300791,-25.42028995576901,7.644780302911257,278175
2025-08-14,1757509807,1757509807,107768,621078213.88326259803509007492,16.316080658592239172,0.0000032706923026517378,0.38761063206338,-29.044139387662998,-3.206392524462207,276664
2025-08-15,1757509818,1757509818,107815,612701754.21564235874134564683,14.933155245068360626,0.000003259560117877235,0.382382941325495,-27.446154696130094,-5.534607549416368,258499
2025-08-16,1757509828,1757509828,107819,633046020.661448091833391448278,23.693811606477029774,0.0000033634556035034553,0.395079657777067,-25.17341898430502,-4.239863119099706,245026
2025-08-17,1757509837,1757509837,107782,640046851.075459538680202061282,19.101784996415396879,0.0000033966173196907326,0.399448827780273,-24.97901484697739,-3.711069469039752,237687
2025-08-18,1757509848,1757509848,107687,612001939.458341419218838508688,23.530861789160405844,0.0000032837814591466866,0.381946191759432,-27.850105460618487,-12.4589335324349,284241
2025-08-19,1757509859,1757509859,107555,587006072.395734735559727906376,19.507470504662013123,0.0000032452750040898563,0.366346443427364,-31.810902119072722,-18.319967639730958,302270
2025-08-20,1757509871,1757509871,107691,609197535.460800318277404204804,17.134988273256264124,0.0000033269591874719303,0.380195982555906,-30.56860375365478,-15.230014334021744,304024
2025-08-21,1757509883,1757509883,107768,597650392.692256239277105515036,20.16720314862206271,0.000003316861331606895,0.372639759331322,-35.00373283082543,-15.959099353249554,309829
2025-08-22,1757509895,1757509895,107667,661198430.669565143272253103192,27.307489514335803274,0.0000035296148664500455,0.412262464958884,-28.805316293428746,-0.13059415265963822,297473
2025-08-23,1757509906,1757509906,105711,654704543.363773892064151596696,19.045716335748488765,0.0000035410470154223357,0.408213474725892,-33.14694021357538,0.5598250258532161,306168
2025-08-24,1757509917,1757509917,105378,650776549.669469560908203430732,24.250754074346351015,0.000003574508454508018,0.405764339507714,-33.733260833452974,-1.638405408637019,306058
2025-08-25,1757509929,1757509929,106070,597018563.369232158050710986754,17.686712928088587222,0.000003381300633509524,0.372245808737883,-38.09963806115877,-10.154744995699147,300375
2025-08-26,1757509941,1757509941,107764,620785153.257223747009779535002,17.834831689220467998,0.0000034591665743723145,0.387064466006879,-32.59126695342834,-8.592538638806218,303500
2025-08-27,1757509952,1757509952,106592,623987900.875247579292559157262,20.626723526070048905,0.000003497108637213411,0.389061404545149,-28.726526448424934,-1.3459733863945982,296744
2025-08-28,1757509964,1757509964,106033,697927174.600517363868446733405,20.778099038309296494,0.000003865137359006241,0.434755106273765,-19.037215866705758,10.434232651936782,302253
2025-08-29,1757509975,1757509975,107831,641479838.703019793998603173141,18.092727545747471845,0.0000036837879254358424,0.399592744912733,-27.62971733474428,2.8244465366878018,296003
2025-08-30,1757509986,1757509986,107939,638385886.591475477933898972459,17.089217298865313191,0.0000036568232255002375,0.397665450020067,-28.445734625975298,7.505273531311519,302805
2025-08-31,1757509999,1757509999,107937,681629998.970926806359507368707,23.199571983983428719,0.00000392002533176553,0.424603215674491,-23.270783378719713,18.529487585769967,307713
2025-09-01,1757510010,1757510010,107896,635228553.740744138371711103316,16.773591863161140963,0.0000036305187102463876,0.395698673787508,-25.116406584789726,12.585828010754616,300778
2025-09-02,1757510021,1757510021,107816,647921460.575113021820439036414,16.508310523870229288,0.000003631473292696902,0.403605381335982,-28.899834070754952,12.589094480935938,297437
2025-09-03,1757510033,1757510033,107866,664755717.996746480245611835962,16.975657897520967736,0.0000037045006090840823,0.414091832703306,-24.629065874925242,12.548259852500056,300384
2025-09-04,1757510043,1757510043,107791,638099592.482886051421426003083,16.224386290291616996,0.0000035808128507704852,0.397114413283789,-28.836510840153895,11.43573320455441,290736
2025-09-05,1757510055,1757510055,107835,646292981.348597602007838214227,16.001544135605785232,0.0000036329962419137254,0.402213480655941,-24.374864380703684,12.090824548891394,292209
2025-09-06,1757510066,1757510066,105845,641318736.133373128368492395232,16.361012396913001745,0.0000036203247080513257,0.399117812685856,-22.544466192927413,7.420079493197315,293028
2025-09-07,1757510077,1757510077,104492,641798272.467768456868914575721,16.443950467792008186,0.000003588394549756886,0.399416246962143,-22.2406918278096,5.7449776234998255,291315
2025-09-08,1757510088,1757510088,103688,650108846.618603866809384993648,16.030593065042036829,0.0000036087762142354696,0.404588243335184,-22.646854720614847,4.517688630172983,286792
2025-09-09,1757510099,1757510099,105245,648481081.59903162930818868756,16.056150337676836768,0.0000036199503522610276,0.40357522129548,-25.423599262542155,3.452981561614785,288945
2025-09-10,1757549670,1757549670,105583,665320577.655353814774516381111,16.400148041395541106,0.0000036342699942392075,0.414055100416513,-23.571166014742808,11.815575254431156,294696
2025-09-11,1757635984,1757635984,105293,666003490.724843857229170235944,16.220529554710830559,0.0000035868903603116574,0.414091473546458,-24.329101250398217,5.5450284140441655,288859
2025-09-12,1757722684,1757722684,105203,679948957.320154032074251671884,16.851175561560263478,0.0000036398205201256245,0.422762147037163,-24.362439749761858,1.333695945901497,294713
2025-09-13,1757809128,1757809128,105165,696978350.973063993854683994776,16.367185851742141217,0.0000037368854800962407,0.433350269786582,-23.07707001623349,11.800408435577408,289729
2025-09-14,1757895477,1757895477,103469,669667200.61227011280110812226,15.793401799796177225,0.0000036081809275081444,0.416369406090445,-25.595924508333898,8.888070332619717,284347
2025-09-15,1757981874,1757981874,105484,642728509.982132431304972361348,15.389717867775885958,0.0000034622846573639468,0.399620121358761,-26.181842720717786,1.1492526867217456,282816
2025-09-16,1758068955,1758068955,105514,650242774.051189321505069876832,15.425011915379496527,0.0000034614390375671708,0.404292157953624,-23.148336647951414,1.2125032886603377,286719
2025-09-17,1758155366,1758155366,105604,660448067.727204022838251812184,16.171623976690777071,0.000003522492973462763,0.410637357573638,-23.25899325872569,7.51183450266656,290388
2025-09-18,1758241528,1758241528,105528,673538957.49049186107625371031,15.67218660321371983,0.0000035754910232947146,0.41838403248413,-23.05720003052072,14.2044750236762,287699
2025-09-19,1758328381,1758328381,105639,640075973.998870622324462447005,15.693030124746709015,0.000003439058735311598,0.397597739699615,-29.82277570783669,4.577049190978803,289568
2025-09-20,1758414705,1758414705,105472,639034718.807485392650477297897,15.123181205371510133,0.0000034292879773657326,0.396950940370531,-31.275715547889423,6.524043779663739,279913
2025-09-21,1758501261,1758501261,105571,628002147.951576937453641494768,15.111306866977380074,0.00000338271681447976,0.390097808221264,-34.357993228522496,-5.376346046888009,278402
2025-09-22,1758587701,1758587701,105597,581568685.046744374733572547365,16.064306315527972462,0.000003204665601638071,0.361254607339895,-37.30951072477727,-11.50350742770777,282452
2025-09-23,1758673892,1758673892,105647,575297699.712798565149741586856,15.802428574613154942,0.0000031892156142123537,0.357359242264888,-39.23785144014595,-11.92936207788801,283277
2025-09-24,1758759554,1758759554,105034,576062060.293156348664138173788,15.616375396829950416,0.0000031576018597725,0.357834042212724,-40.8160711902901,-3.8715725434284245,280664
2025-09-25,1758845978,1758845978,104675,546838447.928012870776841767439,14.9459691646281576,0.0000031086744136518844,0.339362632781309,-43.44140815018963,-12.32400217919312,273504
2025-09-26,1758932511,1758932511,106683,569791418.519894476479854135667,17.079210358110290129,0.0000032243085476779562,0.353607023532777,-43.16176849874965,-9.112798287926202,260026
2025-09-27,1759018548,1759018548,106799,562029281.037640491983418702236,22.781476372725865347,0.0000031810914592250185,0.348789916356116,-44.52086227998073,-19.77324444891437,289173
2025-09-28,1759105178,1759105178,106733,571697422.587610852264127333641,16.353074384380506712,0.000003162965557003089,0.354789871156171,-42.35880520021146,-11.212133935601482,284369
2025-09-29,1759191364,1759191364,106794,570126189.938664112893126655256,16.182322637419766953,0.000003094378584855891,0.353814779425736,-42.485858851235506,-11.027025504005481,273847
2025-09-30,1759277825,1759277825,107275,562834224.587862002362122066559,13.244529503446881515,0.0000030647022493326604,0.349289456510029,-39.7784947885582,-17.73744436787284,245170
2025-10-01,1759364160,1759364160,107807,598207306.320931651692164211448,18.3578197691942354,0.000003135665113953735,0.371241647677288,-31.14281733713851,-6.180719757315519,256169
2025-10-02,1759450543,1759450543,107909,611594390.11852985211635862432,16.820497113979131655,0.0000031453059140006393,0.37919365871386,-28.5131212125565,-6.048413562107688,240394
2025-10-03,1759536799,1759536799,107941,619060862.068355213347304488752,17.564739242480322207,0.000003137137784101582,0.383822934034371,-27.00638730874207,-7.309706755463218,252268
2025-10-04,1759623122,1759623122,107898,601075887.57348810319531570968,18.171572416685003114,0.000003045210634062944,0.372672098790015,-31.50148851988387,-6.154980447991655,238808
2025-10-05,1759709558,1759709558,107939,599316544.343697401708923688112,18.213511443204034709,0.000003008176452863135,0.371581291210651,-32.43795518566395,-7.615903225156495,235339
2025-10-06,1759795829,1759795829,107880,612302018.639684180582639649792,18.805625750896536963,0.000003041330309793318,0.379632394340416,-31.10696421157771,-4.882121951489266,242392
2025-10-07,1759882270,1759882270,107899,578084952.54695511213223598976,18.88051230197934897,0.0000029478107425383667,0.35841752597048,-33.555426115256,-10.264660314518679,243276
2025-10-08,1759968375,1759968375,107848,598765862.895034000316482617936,20.40219853463911688,0.0000030086619802634563,0.371239864087253,-30.644192793216657,-8.242547774751648,251617
2025-10-09,1760054902,1760054902,107780,578972144.804511981536880131458,18.702542995423807949,0.0000029491873109028897,0.358631006016238,-31.72667516957182,-11.136515055352186,261802
2025-10-10,1760140920,1760140920,107663,421060045.456691357426187162854,23.732509355076540139,0.0000022927899362179897,0.260815980613994,-49.935805559404905,-37.00935446716396,295932
2025-10-11,1760227976,1760227976,107924,436461471.986177870190262313433,22.028535882379348576,0.0000024369547847037874,0.270356040770463,-50.245215269123015,-34.71103414542269,289512
2025-10-12,1760314493,1760314493,107900,473369001.132066364244000714163,20.377566702607410951,0.000002546332043424487,0.293217562565493,-46.84461767750864,-30.64242751617079,266882
2025-10-13,1760400960,1760400960,107851,495520909.855150680868177236093,19.722703631813666377,0.0000026613462078223134,0.306939053973723,-43.15752171253248,-29.17067892333711,278058
2025-10-14,1760487364,1760487364,107354,483643388.477770104415580790675,18.855300632327086282,0.000002643514661622294,0.299581795979925,-46.95991416816876,-28.049037321716913,271266
2025-10-15,1760573779,1760573779,107857,459534863.068192807347408507941,19.900196318468174674,0.000002567571242687815,0.284648323275251,-48.93143385768428,-28.77027255098936,245286
2025-10-16,1760659821,1760659821,107802,442921225.894911414430680765177,19.240988553907069347,0.000002534794572865158,0.274100136877251,-50.42971054797087,-32.20246015538773,250803
2025-10-17,1760746256,1760746256,107724,434100992.448882153447387855171,17.657798114586051652,0.000002519484960225042,0.268641768541073,-49.85159397278662,-34.57931588874046,223455
2025-10-18,1760832544,1760832544,107604,435728379.301823996484654396033,19.211657885031518328,0.000002516697970780191,0.269648870781979,-51.49708041151349,-35.54991351344001,202856
2025-10-19,1760918879,1760918879,107761,446050997.141838689037832031457,15.30586581728994519,0.0000025392830071251557,0.276036984056891,-50.835093060180654,-30.573804502652138,214224
2025-10-20,1761006103,1761006103,107633,448187977.797767444004729253974,15.285963838977412609,0.0000025068584689854277,0.277359446508562,-53.25727385101992,-30.12752501614865,193320
2025-10-21,1761092704,1761092704,107687,436710913.136285418463215850911,16.40724379806925375,0.000002486255365468367,0.270256908154693,-52.681963569043134,-30.720731452712258,213078
2025-10-22,1761178319,1761178319,84141,433930406.803201217129443261821,10.42804774699557861,0.0000024941219731958056,0.268536202255023,-52.714686860066,-25.665667150269915,139946
2025-10-23,1761265083,1761265083,104077,440901218.80552664663061166611,11.953110233254568064,0.0000024767550092958346,0.272593976540245,-49.533697705093715,-23.719903027388856,142061
2025-10-24,1761351275,1761351275,107974,445837823.595438769947229967268,16.743020352119725259,0.0000024827403712467386,0.275646108566406,-49.62820350598517,-22.96817070228864,205762
2025-10-25,1761437636,1761437636,107973,437991589.320674103925508339568,18.126688280048625242,0.0000024261629649612393,0.270795053249256,-47.01599211443579,-20.204811286998442,213059
2025-10-26,1761524006,1761524006,107981,456863766.191392028978705038146,19.423730524382493786,0.0000024656967262939867,0.282463067579307,-44.84467875967436,-20.119497413454354,235990
2025-10-27,1761610369,1761610369,107967,442302907.190331613587023433492,19.861724805901823632,0.000002396931615680502,0.273460591996014,-46.93915837218794,-21.59733433439928,247718
2025-10-28,1761697897,1761697897,107911,435785453.728665976330675214112,19.068088190100447135,0.000002384753410603887,0.269431075904304,-48.35283644607941,-24.058971856694825,237729
2025-10-29,1761784592,1761784592,107974,436703949.615823920496238414994,12.706869514871038024,0.0000024499400904732547,0.269998950148323,-50.252164746466406,-23.68918263206853,219973
2025-10-30,1761869998,1761869998,107964,419235617.380499452769688857398,14.943231303176306997,0.0000023973012528651465,0.258955819300346,-52.34686604048906,-25.862113936178687,261939
2025-10-31,1761956042,1761956042,107964,420796010.795180675734013672581,13.989689880509950417,0.000002372520249181311,0.259919651900387,-49.13467810924691,-29.986397397328304,255777
2025-11-01,1762043092,1762043092,107953,430572541.432776471224516041655,9.541819642369848401,0.0000024176879157064255,0.265958474453185,-47.62859629938068,-29.862098602793996,247590
2025-11-02,1762129615,1762129615,107960,432893565.48541603661370030486,8.450218817519128435,0.0000024222678818828476,0.26739213767322,-47.01872755888475,-30.334507408753414,248560
2025-11-03,1762216006,1762216006,107952,393620211.408765902947441373827,9.107103019456128178,0.0000022830341157192794,0.243133550950229,-49.79778978308313,-34.75938989271518,246337
2025-11-04,1762302460,1762302460,107962,380140913.876604520183179521428,14.384252602228549462,0.0000023168050444167987,0.234807582470156,-50.817303303107195,-36.80855629056883,257620
2025-11-05,1762389036,1762389036,107976,390965837.013236348875618280343,13.27901077756619344,0.000002323937119875854,0.241493982011361,-51.6794708820899,-36.38741434830939,235539
2025-11-06,1762475959,1762475959,107973,384236121.330439607957326162494,14.336862768797957247,0.000002342067168871785,0.237114565836078,-56.222500200471025,-33.844037008500734,245393
2025-11-07,1762564475,1762564475,107977,452818258.189286007957743769877,14.840528028798152599,0.000002701741948117279,0.279437040748349,-48.13622591551826,-24.72870836881016,247795
2025-11-08,1762647745,1762647745,107978,461936584.659646144969201452823,15.035627773925893585,0.0000027855959208536234,0.285064018281551,-47.582409322227974,-20.513281478890327,238403
2025-11-09,1762734707,1762734707,107975,454872182.915479812903661537118,14.576111609412383675,0.0000026814067753054735,0.280704530821966,-50.19878868128552,7.6255105845707,223694
2025-11-10,1762821324,1762821324,107988,462446360.76952236608782486815,15.385434167917426636,0.0000026901577841572884,0.28537860437655,-52.68102536764053,5.556585147228659,258437
2025-11-11,1762908316,1762908316,107960,447782421.967483522607144263758,11.167492796674705689,0.000002683476465771748,0.276329394035646,-56.14907052235884,-5.759603340974791,185205
2025-11-12,1762993048,1762993048,107974,434473541.476272769540691814557,8.592929633300354329,0.000002636809512776193,0.268116398837509,-56.16491693515145,-12.648326967065463,189213
2025-11-13,1763079389,1763079389,107981,430257348.76643371094773334724,14.262180121661912922,0.0000026517193570656423,0.26526556830219,-55.234741450282755,-11.454710579288516,278809
2025-11-14,1763165674,1763165674,107888,416840078.072253265779371874876,15.803148330971235387,0.00000271943408878416,0.256993449427381,-54.87407563505522,-9.715452924389137,278079
2025-11-15,1763253066,1763253066,107932,427970249.502440777374005232884,11.700146120726984987,0.000002761690122903036,0.263855508281679,-57.71672311843502,-3.7375496095282212,235465
2025-11-16,1763338314,1763338314,107789,416605459.072572673624957913424,14.589038244463123264,0.0000027271447458110947,0.256848800318044,-62.84875588958876,-4.3898490867870965,273315
2025-11-17,1763425133,1763425133,107964,408496516.862699463469439283936,14.316707057962450041,0.0000027401303584547957,0.251849412928616,-60.66291179320814,-6.600976225765293,276992
2025-11-18,1763511649,1763511649,107965,426211982.351764904839634576748,107.131429918516019062,0.0000028304778004370726,0.262771487901113,-63.369141307332825,-4.805695222725656,281576
2025-11-19,1763598990,1763598990,107973,420418119.0493804798566910116,15.725757402706935169,0.000002838349158266859,0.2591994107571,-63.14777204795643,-6.547473316688125,300780
