date,txVolume(USD),txCount,marketcap(USD),price(USD),exchangeVolume(USD),activeAddresses,medianTxValue(USD)
2017-06-30,null,null,0.0,0.020367,177531.0,null,null,
2017-07-01,null,null,0.0,0.337854,109529.0,null,null,
2017-07-02,null,null,0.0,0.019183,96684.0,null,null,
2017-07-03,null,null,345602000.0,0.090013,96913.0,null,null,
2017-07-04,null,null,94384600.0,0.024583,323348.0,null,null,
2017-07-05,null,null,72954500.0,0.019001,4821760.0,null,null,
2017-07-06,null,null,87839200.0,0.022878,3178290.0,null,null,
2017-07-07,645343305.774,5971,76432900.0,0.019907,1493760.0,2805,647.694152,
2017-07-08,null,null,51652300.0,0.013453,825656.0,null,null,
2017-07-09,null,null,49650100.0,0.012932,1276830.0,null,null,
2017-07-10,null,null,47414600.0,0.012349,935060.0,null,null,
2017-07-11,null,null,46880100.0,0.01221,2749220.0,null,null,
2017-07-12,null,null,59455600.0,0.015485,1315430.0,null,null,
2017-07-13,null,null,69089400.0,0.017995,826019.0,null,null,
2017-07-14,null,null,58155800.0,0.015147,363148.0,null,null,
2017-07-15,510577.929505,214,49268800.0,0.012832,292390.0,131,360.40247128,
2017-07-16,804334.725187,329,39991000.0,0.010416,424293.0,202,176.2199712,
2017-07-17,633890.6047,216,42268300.0,0.011009,580590.0,160,164.584384865,
2017-07-18,730796.249256,218,49529500.0,0.0129,557570.0,159,230.1773058,
2017-07-19,621982.769944,214,50937500.0,0.013267,594138.0,165,313.106785011,
2017-07-20,4149286.21413,194,43985600.0,0.011456,518285.0,142,195.515397658,
2017-07-21,426078.93389,167,47693300.0,0.012422,734587.0,129,235.872725723,
2017-07-22,412454.475767,195,42791700.0,0.011145,604149.0,142,100.305,
2017-07-23,605716.471502,216,44790200.0,0.011666,714335.0,175,129.013598415,
2017-07-24,785778.527298,285,52134900.0,0.013579,1074080.0,204,196.141105076,
2017-07-25,4758936.3586,205,50294600.0,0.013099,541693.0,154,209.58386901,
2017-07-26,639742.690729,193,42540900.0,0.01108,513288.0,152,207.943977591,
2017-07-27,587238.338952,204,40850100.0,0.010639,431993.0,144,309.5693664,
2017-07-28,846510.505633,218,41886100.0,0.010909,658726.0,137,183.568378989,
2017-07-29,526551.999594,207,43260800.0,0.011267,211393.0,139,212.056207,
2017-07-30,136206.447728,96,44400600.0,0.011564,142368.0,77,457.421983544,
2017-07-31,399039.153977,189,43734600.0,0.011391,442097.0,115,462.62431846,
2017-08-01,510049.45188,133,44407600.0,0.011566,600151.0,112,209.641019827,
2017-08-02,442612.112163,138,47909600.0,0.012478,335031.0,106,143.996021815,
2017-08-03,146262.460792,173,46287200.0,0.012056,307817.0,119,108.504,
2017-08-04,1012889.36037,184,50380100.0,0.013122,572205.0,149,269.957447793,
2017-08-05,532079.445972,229,50261500.0,0.013091,523661.0,194,197.996454842,
2017-08-06,675636.827223,345,56401400.0,0.01469,1868120.0,221,456.6531931,
2017-08-07,1661251.94022,298,68493700.0,0.017839,897438.0,209,341.062232472,
2017-08-08,381149.736706,347,65700100.0,0.017112,953548.0,227,176.385499292,
2017-08-09,252983.193622,238,75009200.0,0.019536,566208.0,183,220.326235577,
2017-08-10,1691881.53269,486,75860500.0,0.019758,2559630.0,348,245.414366514,
2017-08-11,2907276.2538,816,102945000.0,0.026812,7417180.0,564,298.91344794,
2017-08-12,1864333.5376,458,129035000.0,0.033608,2262110.0,329,244.118124117,
2017-08-13,1107539.67154,354,103878000.0,0.027055,1878590.0,274,243.28376808,
2017-08-14,1629597.07898,345,115521000.0,0.030088,1356670.0,241,168.291646744,
2017-08-15,404546.245303,334,101655000.0,0.026476,989450.0,228,264.75986762,
2017-08-16,1108193.84591,396,94057500.0,0.024498,1100330.0,273,372.98205,
2017-08-17,952637.279525,481,98831400.0,0.025741,4157260.0,355,257.40974259,
2017-08-18,540233.150223,316,126925000.0,0.033058,1399670.0,271,173.76483615,
2017-08-19,829534.99895,285,115334000.0,0.030039,688178.0,230,150.195,
2017-08-20,692872.409636,260,120100000.0,0.03128,820968.0,220,167.172641293,
2017-08-21,1112011.03833,310,120045000.0,0.031266,933758.0,254,70.6954621787,
2017-08-22,620672.689598,223,108690000.0,0.028309,678155.0,189,158.052502147,
2017-08-23,2920656.28562,295,112632000.0,0.029336,892936.0,228,191.917754816,
2017-08-24,1316542.74186,210,109366000.0,0.028485,698951.0,173,142.425,
2017-08-25,3238066.54219,330,107744000.0,0.028062,1537340.0,236,246.9456,
2017-08-26,289882.812765,255,98113600.0,0.025554,618548.0,204,142.783451226,
2017-08-27,399333.254353,230,104586000.0,0.02724,548354.0,184,176.325678463,
2017-08-28,761312.761297,226,98828800.0,0.02574,544276.0,184,107.4257613,
2017-08-29,1760695.63344,443,106481000.0,0.027733,915487.0,361,158.111515353,
2017-08-30,807528.086663,398,106675000.0,0.027784,642831.0,293,166.797209204,
2017-08-31,699711.04721,442,113999000.0,0.029691,1695340.0,306,173.328501342,
2017-09-01,1570167.92308,546,121643000.0,0.031682,2366000.0,411,253.456,
2017-09-02,357883.286839,322,142154000.0,0.037024,760683.0,240,188.500650984,
2017-09-03,512382.575162,279,124924000.0,0.032537,497969.0,209,60.64864263,
2017-09-04,1275872.39459,361,114668000.0,0.029865,1021880.0,274,148.42699514,
2017-09-05,570108.528666,249,90534300.0,0.02358,697694.0,193,106.3455642,
2017-09-06,919273.198699,275,105138000.0,0.027384,995106.0,214,147.797435247,
2017-09-07,1505409.08459,227,106161000.0,0.02765,920777.0,202,150.437665736,
2017-09-08,521770.505452,200,107410000.0,0.027975,579486.0,185,139.875,
2017-09-09,232518.264595,209,97980000.0,0.025519,230006.0,164,68.0627162001,
2017-09-10,222917.015417,141,94648600.0,0.024651,251687.0,115,65.7888649844,
2017-09-11,297291.478074,192,92657400.0,0.024133,377455.0,149,125.83606167,
2017-09-12,562643.900045,211,92662400.0,0.024134,261991.0,170,115.433385572,
2017-09-13,937984.343311,216,91075100.0,0.023721,301824.0,177,241.219447146,
2017-09-14,133408.845698,204,80125600.0,0.020869,349953.0,160,104.334355767,
2017-09-15,203128.104385,172,60236600.0,0.015689,464473.0,156,82.23344544,
2017-09-16,273925.076192,154,79471400.0,0.020699,476750.0,142,103.495,
2017-09-17,167943.281414,174,81931800.0,0.021339,1449410.0,141,214.070897195,
2017-09-18,317455.894648,244,94407200.0,0.024589,748631.0,186,280.618022346,
2017-09-19,138855.823226,148,95186000.0,0.024792,557247.0,120,197.73888468,
2017-09-20,1158977.81486,147,89861400.0,0.023405,244095.0,137,125.842997828,
2017-09-21,1107547.84229,122,85633200.0,0.022303,264243.0,110,199.522638,
2017-09-22,774357.569633,157,79485100.0,0.020702,521136.0,115,290.662410402,
2017-09-23,36100.8780039,99,76655100.0,0.019965,324835.0,91,119.79,
2017-09-24,95010.9197749,105,78347700.0,0.020406,150907.0,92,204.070203,
2017-09-25,319495.161856,119,75688800.0,0.019713,271784.0,110,177.417,
2017-09-26,215959280.165,158,80064200.0,0.020853,861307.0,147,286.981333391,
2017-09-27,542856.518879,170,87069400.0,0.022677,442242.0,155,353.2509675,
2017-09-28,3929474.46925,332,98162000.0,0.025567,1392610.0,281,413.642756448,
2017-09-29,2066499.97586,469,103664000.0,0.026999,5902170.0,383,269.99,
2017-09-30,1568671.80847,572,117468000.0,0.030595,5302840.0,418,365.576789849,
2017-10-01,2465811.20461,400,126388000.0,0.031597,3392900.0,286,314.39015,
2017-10-02,2007033.3817,351,131340000.0,0.032835,2689860.0,247,152.058885,
2017-10-03,2099373.0157,335,131664000.0,0.032916,1964480.0,224,162.802536,
2017-10-04,557506.433776,289,122702000.0,0.030676,1103380.0,164,3.0676,
2017-10-05,791874.617709,278,117151000.0,0.029288,1368400.0,166,13.014855,
2017-10-06,448479.224791,500,109404000.0,0.027351,1211170.0,181,0.27351,
2017-10-07,388169.006774,866,105737000.0,0.026434,1188310.0,191,0.26434,
2017-10-08,1841879.86461,888,104668000.0,0.026167,747137.0,263,0.26167,
2017-10-09,422427.392794,327,96459700.0,0.024115,1592160.0,185,148.861895,
2017-10-10,563023.26507,313,88651000.0,0.022163,1146360.0,181,22.163,
2017-10-11,1312230.01871,489,96762500.0,0.024191,847468.0,170,0.24191,
2017-10-12,379509.897314,590,103085000.0,0.025771,1194550.0,187,0.25771,
2017-10-13,329993.431406,569,104944000.0,0.026236,912601.0,168,0.26236,
2017-10-14,421768.278865,754,96855500.0,0.024214,573475.0,177,0.24214,
2017-10-15,128375.205955,321,94346800.0,0.023587,469312.0,113,0.23587,
2017-10-16,6125194.74525,1381,99502200.0,0.024875,7769340.0,404,0.24875,
2017-10-17,1700068.27902,985,116227000.0,0.029057,4776660.0,376,19.9340695981,
2017-10-18,170872887.978,772,109876000.0,0.027469,3131460.0,238,0.27469,
2017-10-19,301039.280173,237,95164100.0,0.023791,2398190.0,204,186.806742215,
2017-10-20,285177.49574,313,86634700.0,0.021659,1875270.0,170,37.6280776662,
2017-10-21,429759.120632,434,80751400.0,0.020188,1311250.0,191,10.7068251101,
2017-10-22,316647.362559,346,76650500.0,0.019163,1003550.0,165,5.24416116889,
2017-10-23,224790.198661,250,76898300.0,0.019225,1139830.0,156,117.413083341,
2017-10-24,956077.994353,254,71459300.0,0.017865,1430670.0,190,236.926199262,
2017-10-25,162556.40127,160,74307000.0,0.018577,852551.0,120,190.894557026,
2017-10-26,130605.533265,153,73068600.0,0.018267,904664.0,131,91.335,
2017-10-27,303817.177347,368,71863400.0,0.017966,969316.0,315,48.6221760563,
2017-10-28,959979.27185,393,75077400.0,0.018769,901531.0,297,35.2861148061,
2017-10-29,230102.251031,423,77343800.0,0.019336,1031270.0,345,57.0557108128,
2017-10-30,891576.883319,680,76011200.0,0.019003,1587670.0,492,95.015,
2017-10-31,1621825.05849,717,78717400.0,0.019679,1123700.0,584,50.4637338821,
2017-11-01,809713.740169,748,73951600.0,0.018488,1352300.0,621,56.3708206993,
2017-11-02,672991.958221,782,64231600.0,0.016058,1358600.0,627,79.0877436063,
2017-11-03,421578.948326,646,65134700.0,0.016284,910273.0,542,47.7559306947,
2017-11-04,150808.741238,519,66215500.0,0.016554,656751.0,449,36.6786376848,
2017-11-05,386854.471259,493,65366600.0,0.016342,803402.0,419,47.3918,
2017-11-06,297439.837123,518,61546800.0,0.015387,903262.0,431,42.0206614366,
2017-11-07,445314.9853,538,60454100.0,0.015114,1545370.0,448,39.5429252822,
2017-11-08,794230.559529,732,61451900.0,0.015363,2067770.0,615,46.0927630344,
2017-11-09,745164.592616,837,66930300.0,0.016733,1111760.0,719,51.5602314546,
2017-11-10,622744.238865,712,69150500.0,0.017288,1183330.0,609,70.8697080192,
2017-11-11,361193.101269,623,59899200.0,0.014975,787817.0,527,60.719229935,
2017-11-12,417199.869972,784,58653800.0,0.014663,1080610.0,634,61.4117387119,
2017-11-13,688053.640679,652,51347000.0,0.012837,689151.0,504,40.210714131,
2017-11-14,375597.071094,412,57305700.0,0.014326,866759.0,346,212.140965203,
2017-11-15,505734.294295,866,59058700.0,0.014765,1004220.0,715,58.9059665227,
2017-11-16,694381.40251,985,64855300.0,0.016214,1453230.0,779,81.0205473,
2017-11-17,614934.846132,744,67057900.0,0.016765,805854.0,588,50.0365114984,
2017-11-18,682016.355254,684,63277300.0,0.015819,976473.0,529,49.9886589282,
2017-11-19,915493.444316,862,65215500.0,0.016304,1215510.0,624,50.0109606594,
2017-11-20,9568328.98924,882,67873500.0,0.016968,1412660.0,693,44.9234714608,
2017-11-21,552372.729135,798,71944500.0,0.017986,1473070.0,660,68.4576188113,
2017-11-22,1062493.37766,1578,78049700.0,0.019512,3346260.0,1217,68.0919829306,
2017-11-23,1480557.60757,1204,94592000.0,0.022258,1844370.0,1020,70.2372632768,
2017-11-24,535094.631022,864,98576100.0,0.023195,1291610.0,714,85.9555011522,
2017-11-25,617784.022413,1016,99405900.0,0.02339,1538280.0,853,69.4644429455,
2017-11-26,557028.140798,982,95692200.0,0.022516,1337430.0,862,63.1573837497,
2017-11-27,379358.738687,945,97712200.0,0.022992,1194750.0,839,55.806780822,
2017-11-28,981999.376569,1367,98818100.0,0.023252,2116580.0,1137,58.1340695953,
2017-11-29,1967716.69272,2229,115345000.0,0.027141,3892940.0,1727,81.423,
2017-11-30,723553.356249,1276,105252000.0,0.024766,1561920.0,1058,65.0070091733,
2017-12-01,374247.831422,955,109569000.0,0.025782,1256520.0,846,55.7338148821,
2017-12-02,1685970.10242,1083,113469000.0,0.026699,1201520.0,961,57.9499174191,
2017-12-03,1432657.73786,1204,108014000.0,0.025416,1148140.0,1057,74.3679662877,
2017-12-04,1090814.90066,1072,115867000.0,0.027264,2052080.0,958,81.531281034,
2017-12-05,3897250.47809,1208,136590000.0,0.03214,2230080.0,1161,80.6383837395,
2017-12-06,988207.142347,738,125893000.0,0.029623,3895850.0,725,137.700779244,
2017-12-07,5827297.56216,551,159075000.0,0.03743,5212120.0,433,548.61151,
2017-12-08,1467687.865,854,125990000.0,0.029646,3271200.0,672,413.501139714,
2017-12-09,1651742.20763,513,135108000.0,0.031791,2285380.0,484,458.960624083,
2017-12-10,938800.7008,477,134317000.0,0.031605,1470340.0,449,163.808715,
2017-12-11,736429.480153,453,121237000.0,0.028527,2137410.0,432,144.318093,
2017-12-12,1991618.07513,2189,133967000.0,0.031523,3127600.0,1998,97.1290309921,
2017-12-13,2863976.39421,2210,152484000.0,0.03588,5491570.0,1926,90.443473105,
2017-12-14,3916712.49224,1657,179615000.0,0.042264,6016280.0,1455,194.900781883,
2017-12-15,5273658.2264,1358,170267000.0,0.040064,4617320.0,1214,195.141326276,
2017-12-16,6270115.68178,1645,169765000.0,0.039946,6583660.0,1337,238.128582562,
2017-12-17,10612049.6374,2063,178380000.0,0.041973,11758400.0,1632,224.21474359,
2017-12-18,15989677.3713,2809,198903000.0,0.046802,22331600.0,2134,280.812,
2017-12-19,14983944.8192,3211,270411000.0,0.063628,16081000.0,2624,310.122872,
2017-12-20,6067824.81861,2258,241455000.0,0.056815,17049900.0,1872,393.1598,
2017-12-21,6679537.68345,2581,226898000.0,0.053389,20214200.0,2115,346.322387177,
2017-12-22,8767454.0721,1588,257643000.0,0.060624,9797660.0,1273,538.654733559,
2017-12-23,3245041.9142,1459,200034000.0,0.047068,13730900.0,1090,400.078,
2017-12-24,1598389.53643,891,263217000.0,0.061935,8618970.0,704,389.238018825,
2017-12-25,6584322.31535,714,246402000.0,0.057979,6612320.0,600,273.180885036,
2017-12-26,2743026.80525,1413,246047000.0,0.057895,6468310.0,1206,198.0009,
2017-12-27,4573670.43665,1956,242540000.0,0.05707,6387220.0,1728,204.615869508,
2017-12-28,2899329.19431,1697,240216000.0,0.056523,5162520.0,1488,189.269351199,
2017-12-29,6750366.18208,2475,233671000.0,0.054983,10373900.0,1976,218.83234,
2017-12-30,24426562.5786,4018,257342000.0,0.060553,53384700.0,2695,518.596318103,
2017-12-31,33090732.9951,5772,388037000.0,0.091305,87329500.0,3851,554.729263364,
2018-01-01,31048000.4766,3628,363838000.0,0.085611,36808800.0,2468,716.46531378,
2018-01-02,9196807.82215,3381,363920000.0,0.085631,30096800.0,2792,277.406447253,
2018-01-03,15696051.1844,3659,379620000.0,0.089325,41199200.0,2937,294.348531393,
2018-01-04,11770583.3205,2867,468662000.0,0.110277,131221000.0,2684,327.231454006,
2018-01-05,404658803.873,1546,712640000.0,0.167685,64546500.0,1689,588.253738525,
2018-01-06,43565050.5158,2752,695118000.0,0.163562,48098700.0,2770,542.944059,
2018-01-07,48742095.7575,2059,734586000.0,0.172849,51203500.0,1915,809.351865667,
2018-01-08,50133299.9073,2331,713827000.0,0.167964,82403300.0,1854,1175.748,
2018-01-09,69440558.4487,4074,816277000.0,0.192071,117367000.0,3122,953.440444,
2018-01-10,53769893.405,2287,751412000.0,0.176808,46785200.0,1869,933.54624,
2018-01-11,18529149.3644,2690,690766000.0,0.162538,26597700.0,2529,476.968807329,
2018-01-12,8301684.64346,1985,563201000.0,0.132522,20861000.0,1981,330.478802992,
2018-01-13,8936279.0214,2607,603034000.0,0.141895,19531900.0,2280,390.501426202,
2018-01-14,6938077.86379,2339,589933000.0,0.138812,15949000.0,1940,409.634212,
2018-01-15,6064926.85435,1762,551083000.0,0.12967,22038600.0,1478,390.350119763,
2018-01-16,7680123.35794,2369,518550000.0,0.122015,20859200.0,2010,525.925559869,
2018-01-17,5035806.74922,2040,376036000.0,0.085094,20074900.0,1778,312.262856673,
2018-01-18,7556169.45538,1934,421013000.0,0.095271,22565700.0,1719,409.395702526,
2018-01-19,12849825.1606,2190,490203000.0,0.110929,44912300.0,1781,482.40248875,
2018-01-20,7418450.63232,1665,546425000.0,0.123651,21431800.0,1415,413.715944159,
2018-01-21,9369337.63694,1345,543726000.0,0.12304,14040000.0,1151,615.2,
2018-01-22,3919201.11521,1236,470405000.0,0.106449,13423400.0,1002,529.6369995,
2018-01-23,2599218.8061,1122,437726000.0,0.099053,8976350.0,930,381.164473888,
2018-01-24,4584148.33753,1235,429129000.0,0.097108,12106500.0,1025,302.663980916,
2018-01-25,2666937.18783,941,445772000.0,0.100874,6874010.0,861,275.863983251,
2018-01-26,4967389.91345,989,431454000.0,0.097634,6307830.0,889,286.407288686,
2018-01-27,3339358.10936,1210,421305000.0,0.095338,16680100.0,995,281.126408168,
2018-01-28,2664134.96205,1106,461090000.0,0.104341,8754270.0,964,302.145752895,
2018-01-29,5081217.49484,920,444120000.0,0.1005,6290310.0,851,290.109546491,
2018-01-30,4073719.54784,1047,420824000.0,0.095229,7176750.0,943,476.145,
2018-01-31,2449375.01166,950,350647000.0,0.079348,6233640.0,860,326.31865,
2018-02-01,4690786.76371,975,377708000.0,0.085472,7097260.0,855,375.774912896,
2018-02-02,4386943.37531,1456,303156000.0,0.068602,10160400.0,1131,565.27670689,
2018-02-03,7820651.43081,3075,236336000.0,0.053481,18223200.0,2210,478.12014,
2018-02-04,2974224.15321,1278,264542000.0,0.059864,5149340.0,1070,356.12345925,
2018-02-05,9127800.96825,1945,222156000.0,0.050272,5487810.0,1633,366.916147208,
2018-02-06,18814093.6817,2299,176218000.0,0.039128,7741380.0,1945,229.010033445,
2018-02-07,6335257.58128,2763,237815000.0,0.052804,33022100.0,2160,262.184707051,
2018-02-08,2428674.37195,1422,251585000.0,0.055862,30484100.0,1098,209.003412336,
2018-02-09,3250639.1104,1226,281298000.0,0.06246,2896270.0,984,378.562077421,
2018-02-10,4462104.35197,1212,275996000.0,0.061282,6459930.0,1060,350.926759453,
2018-02-11,2434078.75272,1121,260777000.0,0.057903,3521140.0,1022,247.979429429,
2018-02-12,5727719.40416,1281,235750000.0,0.052346,5681620.0,1046,307.495551189,
2018-02-13,1332058.29067,831,246289000.0,0.054686,2147180.0,766,239.09433308,
2018-02-14,4177974.51269,761,228561000.0,0.05075,5003890.0,703,252.343273204,
2018-02-15,1194888.19543,828,257533000.0,0.057183,5139600.0,705,228.732,
2018-02-16,861412.036157,1012,260990000.0,0.05795,2886310.0,597,124.969175,
2018-02-17,1365585.56942,1104,266995000.0,0.059284,9093090.0,620,127.845946,
2018-02-18,862743.701093,859,299739000.0,0.066554,4457380.0,503,143.523701,
2018-02-19,635781.636492,836,262227000.0,0.058225,2867590.0,534,125.5622125,
2018-02-20,1165614.88469,883,285662000.0,0.063428,3973250.0,627,144.950092874,
2018-02-21,1547931.25368,464,253061000.0,0.05619,2690540.0,477,227.62569,
2018-02-22,602251.735534,389,231511000.0,0.051405,2093410.0,393,206.329622665,
2018-02-23,1248630.22965,384,220366000.0,0.04893,5042860.0,406,169.94489925,
2018-02-24,419632.383452,368,235061000.0,0.052193,3225860.0,377,258.407543,
2018-02-25,316528.498898,285,229433000.0,0.050943,1964860.0,319,167.831815386,
2018-02-26,1440598.18402,450,231948000.0,0.051502,1775610.0,477,270.570838423,
2018-02-27,1123142.13623,394,235360000.0,0.05226,1258330.0,429,222.262379912,
2018-02-28,4301196.83001,368,235179000.0,0.052219,1950090.0,388,263.217340266,
2018-03-01,921686.61225,510,239446000.0,0.053167,8964310.0,489,249.231450986,
2018-03-02,976381.537698,582,256726000.0,0.057003,12472000.0,562,357.16485075,
2018-03-03,8049361.02961,536,314076000.0,0.069738,12954800.0,507,314.478071436,
2018-03-04,727373.235803,351,293239000.0,0.063677,2485120.0,351,266.606416777,
2018-03-05,434038.665287,348,273760000.0,0.059447,3025240.0,383,223.37352108,
2018-03-06,354371.120113,329,288047000.0,0.06255,2643570.0,341,323.2420119,
2018-03-07,909370.06521,356,253317000.0,0.055008,3166000.0,344,223.185118967,
2018-03-08,710769.000267,457,224704000.0,0.048795,1695910.0,469,195.405657357,
2018-03-09,608042.270359,390,198177000.0,0.043035,1851270.0,348,267.513967963,
2018-03-10,275942.941735,285,210492000.0,0.045709,1151800.0,326,182.836,
2018-03-11,267251.873846,229,198689000.0,0.043146,730071.0,259,168.312546,
2018-03-12,227786.330752,249,221689000.0,0.04814,867750.0,301,190.20114,
2018-03-13,451920.129037,271,206713000.0,0.044888,1073370.0,314,275.204927938,
2018-03-14,925652.177292,250,204931000.0,0.044501,1318880.0,274,324.938137092,
2018-03-15,729344.668184,1053,172327000.0,0.037421,1558430.0,1079,432.12227788,
2018-03-16,189139.704077,211,176530000.0,0.038334,725472.0,230,157.55274,
2018-03-17,266136.037842,244,175482000.0,0.038106,785848.0,265,157.349422716,
2018-03-18,550418.436921,296,162016000.0,0.035182,1508220.0,321,174.816870464,
2018-03-19,535985.143069,323,162587000.0,0.035306,1758780.0,333,174.474767128,
2018-03-20,677126.394031,262,180094000.0,0.039108,2009550.0,276,179.787796711,
2018-03-21,1681357.42249,499,185832000.0,0.040354,2372900.0,515,560.2452705,
2018-03-22,693750.770469,230,187764000.0,0.040773,1453160.0,254,176.169797902,
2018-03-23,224709.999448,209,181374000.0,0.039386,2115910.0,224,274.065944946,
2018-03-24,444209.806021,245,188840000.0,0.041007,2559940.0,266,228.791380275,
2018-03-25,395229.031974,255,187126000.0,0.040635,1624460.0,263,304.7625,
2018-03-26,1496868.67234,252,192401000.0,0.04178,1612100.0,267,206.74833,
2018-03-27,1137489.45338,413,173951000.0,0.037774,3405170.0,292,430.476316608,
2018-03-28,413462.373602,250,165682000.0,0.035978,1596660.0,270,277.120545,
2018-03-29,540809.719998,255,173857000.0,0.037753,1447220.0,247,290.358323,
2018-03-30,277344.310417,210,143217000.0,0.0311,1157710.0,206,273.208060921,
2018-03-31,190518.13986,172,138402000.0,0.030054,4762290.0,180,201.053551149,
2018-04-01,179538.671538,165,142328000.0,0.030907,874322.0,172,111.584045181,
2018-04-02,137770.342458,184,136052000.0,0.029544,730792.0,195,182.07457566,
2018-04-03,353032.669799,186,139967000.0,0.030394,1105030.0,203,241.940011518,
2018-04-04,4049849.2813,167,149355000.0,0.032433,836646.0,185,321.832659,
2018-04-05,164193.571187,211,139046000.0,0.029437,1029740.0,227,144.888914,
2018-04-06,99411.926105,145,139420000.0,0.029516,645598.0,158,195.670005576,
2018-04-07,104560.670611,131,137552000.0,0.029121,602852.0,143,260.63295,
2018-04-08,125172.606644,160,141603000.0,0.029979,656471.0,171,166.895410377,
2018-04-09,452511.844158,159,142990000.0,0.030272,817636.0,177,181.632,
2018-04-10,312842.440305,165,136635000.0,0.028927,677496.0,197,96.934377,
2018-04-11,224459.760759,202,139019000.0,0.029431,2635600.0,205,254.627907072,
2018-04-12,369707.211271,325,156181000.0,0.033065,5798820.0,318,298.768892325,
2018-04-13,1050354.62213,315,170874000.0,0.036175,3906700.0,314,359.8709258,
2018-04-14,1193190.74862,397,176769000.0,0.037423,7930140.0,277,465.641814872,
2018-04-15,627601.901637,296,195401000.0,0.041368,2514410.0,296,311.335568,
2018-04-16,277863.478353,232,201115000.0,0.042578,1811380.0,242,310.402901125,
2018-04-17,1024846.56272,279,191390000.0,0.040519,2731530.0,299,191.168642,
2018-04-18,1495320.19231,270,187223000.0,0.039637,2484330.0,290,252.329927266,
2018-04-19,1417978.82279,362,204764000.0,0.04335,3463440.0,339,519.828989025,
2018-04-20,1175037.55917,376,213055000.0,0.045106,3376190.0,368,378.545859394,
2018-04-21,1595016.51184,293,223908000.0,0.047403,2972630.0,298,424.304253,
2018-04-22,1005565.18573,362,213206000.0,0.045137,3866370.0,302,610.04190158,
2018-04-23,1305100.80822,663,219988000.0,0.046573,3756200.0,467,636.765104357,
2018-04-24,4847758.19264,526,227735000.0,0.048213,6071590.0,446,525.044565831,
2018-04-25,5191800.66561,828,240862000.0,0.050993,7556380.0,447,999.700656846,
2018-04-26,8446469.51229,610,197684000.0,0.041851,8534690.0,462,738.13320167,
2018-04-27,1979356.76201,500,217722000.0,0.046094,4037480.0,462,543.830259847,
2018-04-28,2487672.05611,375,208897000.0,0.044225,4762150.0,348,525.2161,
2018-04-29,3548750.10521,423,218485000.0,0.046255,5856920.0,429,462.55,
2018-04-30,4195760.41611,481,224429000.0,0.047514,10131800.0,370,697.553034,
2018-05-01,2575020.26765,337,226579000.0,0.047969,5718630.0,343,748.330886638,
2018-05-02,8986089.30148,526,224919000.0,0.047617,8826400.0,464,809.251046167,
2018-05-03,11654505.0473,613,237785000.0,0.050341,17193100.0,484,1002.591356,
2018-05-04,1967049.39486,445,253712000.0,0.052219,7022170.0,362,1039.889166,
2018-05-05,2812266.63644,456,248490000.0,0.051144,4789290.0,399,887.169633848,
2018-05-06,4301751.79157,513,250138000.0,0.051483,9066120.0,341,2440.911996,
2018-05-07,17411170.0994,1484,263058000.0,0.054142,50913100.0,704,3327.55048184,
2018-05-08,6886320.53769,698,277237000.0,0.057061,16244400.0,481,1657.98594639,
2018-05-09,4235416.31251,447,271192000.0,0.055816,7077720.0,369,1216.119008,
2018-05-10,4399020.96218,475,261253000.0,0.053771,10923500.0,375,1115.694479,
2018-05-11,1332992.70187,403,260530000.0,0.053622,8182610.0,336,734.78092545,
2018-05-12,1524674.04101,418,217221000.0,0.044708,6021610.0,297,1415.72053256,
2018-05-13,1594927.26253,402,223216000.0,0.045942,6529390.0,292,875.42481,
2018-05-14,2583511.95241,333,235136000.0,0.048395,5739710.0,296,1086.51477114,
2018-05-15,5392247.74663,308,228852000.0,0.047102,3815840.0,295,733.134457803,
2018-05-16,469073.283234,228,221344000.0,0.045557,3222060.0,238,739.207882,
2018-05-17,1384362.8123,355,215175000.0,0.044287,10874900.0,327,1104.96065,
2018-05-18,3500386.92597,422,227438000.0,0.046811,14793700.0,323,706.939722,
2018-05-19,3372562.2716,310,225114000.0,0.046332,5903070.0,236,950.158631517,
2018-05-20,757002.702266,236,230750000.0,0.047493,3413470.0,234,527.51132878,
2018-05-21,1375635.82074,300,233741000.0,0.048108,3208910.0,266,955.7111226,
2018-05-22,1247682.62394,346,226349000.0,0.046587,2936170.0,242,407.758680636,
2018-05-23,952773.162753,589,202005000.0,0.041576,4758080.0,282,210.944109624,
2018-05-24,1024523.6165,657,171303000.0,0.035257,5558750.0,257,185.617087187,
2018-05-25,504665.125523,413,177748000.0,0.036584,2979810.0,207,160.65881892,
2018-05-26,939650.793041,231,168583000.0,0.034697,1809710.0,168,485.758,
2018-05-27,363806.647024,196,170056000.0,0.035001,1416180.0,184,211.818981798,
2018-05-28,1193833.67044,320,170389000.0,0.035069,2770590.0,223,874.129894,
2018-05-29,1163025.35934,562,151577000.0,0.031197,2591740.0,254,317.194717575,
2018-05-30,1090680.0898,557,165779000.0,0.03412,2812730.0,270,174.37995008,
2018-05-31,481610.189765,378,164103000.0,0.033775,1927900.0,200,168.875,
2018-06-01,2973122.46066,876,164948000.0,0.033949,2087980.0,241,64.672539459,
2018-06-02,653175.981815,347,168315000.0,0.034642,2396320.0,197,358.423453,
2018-06-03,689581.721434,299,172965000.0,0.035599,2612520.0,213,284.792,
2018-06-04,388673.142688,693,172336000.0,0.03547,1715940.0,205,53.205,
2018-06-05,1091769.45102,578,164953000.0,0.03395,1587680.0,209,134.1025,
2018-06-06,1467907.691,536,168649000.0,0.034711,1307330.0,209,69.422,
2018-06-07,780531.134053,457,165308000.0,0.034023,1272470.0,186,68.080023,
2018-06-08,593013.536982,854,163245000.0,0.033599,1282170.0,208,40.7040187607,
2018-06-09,398096.500396,287,164661000.0,0.03389,937664.0,161,508.35,
2018-06-10,612745.076951,316,161226000.0,0.033183,2065490.0,205,493.555347603,
2018-06-11,384051.280085,550,133063000.0,0.027387,1104820.0,212,74.0407545,
2018-06-12,730527.939974,996,139509000.0,0.028713,1420730.0,242,75.945885,
2018-06-13,790717.309633,767,124300000.0,0.025583,1376420.0,246,108.830082,
2018-06-14,712267.288664,685,120900000.0,0.024883,1873090.0,217,132.466019065,
