time,CapMrktEstUSD,ReferenceRate,ReferenceRateBTC,ReferenceRateETH,ReferenceRateEUR,ReferenceRateUSD
2020-07-21,,0.541,0.0000590148089555073,0.00228886920178041,0.473169510246139,0.541
2020-07-22,,0.5465,0.0000582090506650679,0.00222833302001457,0.474539282850587,0.5465
2020-07-23,,0.559147866744594,0.0000586646484833572,0.00211638767760218,0.482992615716939,0.559147866744594
2020-07-24,,0.539663354763296,0.000056161306255623,0.00196081636174439,0.465793404264452,0.539663354763296
2020-07-25,,0.614736630285515,0.0000643831320864991,0.002196213230022,0.528579781415991,0.614736630285515
2020-07-26,,0.543465803215339,0.0000560132386059074,0.00177950875162851,0.466648079659345,0.543465803215339
2020-07-27,,0.500765929085584,0.0000504097684381763,0.00160997290287685,0.429281329573572,0.500765929085584
2020-07-28,,0.42874455232816,0.0000388126763262023,0.0013264220420363,0.364073069206371,0.42874455232816
2020-07-29,,0.503458020092628,0.0000460005320483403,0.00158312397100039,0.429392855920794,0.503458020092628
2020-07-30,,0.505913720026525,0.000045513145889014,0.00159079385342062,0.429802329855519,0.505913720026525
2020-07-31,,0.490031872343018,0.0000440067065801982,0.00145858410860126,0.413437961213089,0.490031872343018
2020-08-01,,0.46315639793903,0.0000408492094481891,0.00133790631538706,0.393380459142232,0.46315639793903
2020-08-02,,0.446599595102638,0.0000378551800116891,0.00115345009177419,0.379369902020295,0.446599595102638
2020-08-03,,0.481163335784983,0.0000433714114552893,0.00129282193416077,0.40860388594303,0.481163335784983
2020-08-04,,0.45674762613284,0.0000406500299676144,0.00118485620414441,0.388957432555596,0.45674762613284
2020-08-05,,0.50862223234873,0.0000454019491525424,0.00130194671239256,0.431782257422683,0.50862223234873
2020-08-06,,0.561056302073034,0.0000478658232462369,0.00140053576364051,0.472787109844809,0.561056302073034
2020-08-07,,0.586206200909784,0.0000498080384773944,0.00148784835720685,0.494077058794831,0.586206200909784
2020-08-08,,0.586378920848811,0.0000505543999549604,0.00154176330494151,0.498114727135163,0.586378920848811
2020-08-09,,0.658066051285956,0.0000560389651187091,0.00167719888686925,0.557822463145537,0.658066051285956
2020-08-10,,0.773240416886866,0.0000661991581920023,0.00198682908599092,0.65682901016717,0.773240416886866
2020-08-11,,0.801054985068813,0.0000674835759789597,0.00202589549032737,0.68246221547043,0.801054985068813
2020-08-12,,0.76350826658511,0.0000670176528520408,0.0020139420483523,0.651483209011866,0.76350826658511
2020-08-13,,0.8987688501135,0.0000776439792325021,0.00232115153738698,0.763079036005616,0.8987688501135
2020-08-14,,0.830809554763779,0.0000705663749999222,0.00195576885762461,0.702755356450527,0.830809554763779
2020-08-15,,0.955238768920467,0.0000811283886616014,0.00218052776574989,0.807885778596654,0.955238768920467
2020-08-16,,0.883290881369753,0.0000744330962715982,0.00204177554382044,0.746479408561838,0.883290881369753
2020-08-17,,0.946081719025384,0.0000795050522621456,0.00218525321434096,0.798840615614514,0.946081719025384
2020-08-18,,0.881243798006733,0.0000715541407988564,0.00203595050601372,0.742875655317272,0.881243798006733
2020-08-19,,0.837349426997402,0.0000698216170291125,0.0019779300386765,0.702300943647951,0.837349426997402
2020-08-20,,0.798450416400258,0.0000680293673379246,0.0019623759812047,0.675317046961746,0.798450416400258
2020-08-21,,0.901589350942321,0.0000759711654003507,0.00216592949380573,0.760404607372693,0.901589350942321
2020-08-22,,0.791137009006656,0.0000686470867913501,0.00204301149915031,0.672242153092409,0.791137009006656
2020-08-23,,0.851613994006969,0.0000728978698476467,0.00215101556056026,0.723315744930177,0.851613994006969
2020-08-24,,0.806095175760048,0.0000691001350087668,0.00205664012387042,0.684209901524218,0.806095175760048
2020-08-25,,0.873405554108152,0.0000741972030976037,0.00213655141960144,0.741269469826882,0.873405554108152
2020-08-26,,0.820493338838474,0.000072236355027064,0.00213890174422405,0.694998200895519,0.820493338838474
2020-08-27,,0.854103277224423,0.000074450803710513,0.00221073364927795,0.72198795739734,0.854103277224423
2020-08-28,,0.92288834447416,0.000081565616967605,0.00241373190779959,0.782334782940833,0.92288834447416
2020-08-29,,0.874857830524931,0.0000758905887645441,0.0022146072015391,0.73618462561863,0.874857830524931
2020-08-30,,0.936378160649041,0.0000814896464056107,0.00233879274417992,0.789064775023066,0.936378160649041
2020-08-31,,1.11477251293324,0.0000952880430603371,0.00260341379372424,0.936428063016238,1.11477251293324
2020-09-01,,1.03109530424881,0.0000882911936017729,0.00236440524891009,0.865167012356428,1.03109530424881
2020-09-02,,1.00704170025939,0.0000841279035651666,0.00209473411671187,0.843706212386799,1.00704170025939
2020-09-03,,0.930935771204179,0.0000815571478307597,0.00210994095426119,0.787257581551808,0.930935771204179
2020-09-04,,0.760052859270805,0.0000740684376892692,0.00198166485036164,0.64351954055839,0.760052859270805
2020-09-05,,0.82148017467365,0.0000784456464287662,0.00212450445537659,0.695258458273144,0.82148017467365
2020-09-06,,0.632434399336362,0.0000624401869767542,0.00190825608101617,0.534477784062394,0.632434399336362
2020-09-07,,0.776356080122539,0.0000757176799513101,0.00219789482495377,0.656811704285349,0.776356080122539
2020-09-08,,0.71930962830026,0.0000693786716737636,0.00203882210632426,0.609717502896709,0.71930962830026
2020-09-09,,0.695726707564967,0.0000688249874076635,0.00206620877660948,0.592381840286729,0.695726707564967
2020-09-10,,0.734793625592047,0.0000718757329531518,0.00208716200622285,0.623588726827487,0.734793625592047
2020-09-11,,0.724106799198876,0.0000700660544243485,0.00197099757504341,0.613592528476791,0.724106799198876
2020-09-12,,0.744449966604392,0.0000716711735827002,0.0019906856259112,0.629740358327309,0.744449966604392
2020-09-13,,0.79461080031197,0.0000761341849223576,0.00205742560390902,0.671709875193426,0.79461080031197
2020-09-14,,0.705184970072778,0.0000683151714042709,0.00192862342514753,0.596623693676095,0.705184970072778
2020-09-15,,0.641524992801094,0.0000601652297045839,0.0017070869596289,0.541327164981649,0.641524992801094
2020-09-16,,0.565292092830481,0.0000524419808077783,0.00155327081545942,0.477962702461969,0.565292092830481
2020-09-17,,0.587712958080192,0.0000535827664394248,0.00160875292337369,0.498364556829731,0.587712958080192
2020-09-18,,0.515267331802672,0.0000471153565065741,0.0013230773582987,0.435188515550178,0.515267331802672
2020-09-19,,0.516535350748344,0.0000473012832495109,0.00135126114599545,0.436809129758535,0.516535350748344
2020-09-20,,0.491951148009315,0.000044424863786157,0.00127697736136814,0.415868099721658,0.491951148009315
2020-09-21,,0.452930330112186,0.0000414725102980461,0.00122015559710544,0.383000981691126,0.452930330112186
2020-09-22,,0.388451494623036,0.0000371532642547293,0.00113430937611077,0.330785588908788,0.388451494623036
2020-09-23,,0.386515889953923,0.000036741615905347,0.00112521621196054,0.330621056983691,0.386515889953923
2020-09-24,,0.338112222705646,0.0000330403913649476,0.00105466080927859,0.290487912476746,0.338112222705646
2020-09-25,,0.395136555254909,0.0000367943927542708,0.0011317294214747,0.338273851916758,0.395136555254909
2020-09-26,,0.478119332549673,0.0000447525145071403,0.00135939821478759,0.411083398226899,0.478119332549673
2020-09-27,,0.510830714720321,0.0000475543909984347,0.00144057870337515,0.439182437421251,0.510830714720321
2020-09-28,,0.627158179650313,0.0000582924456007989,0.00176107680068412,0.539339675854044,0.627158179650313
2020-09-29,,0.551325259569692,0.0000513942373402827,0.00155101941710475,0.472911022406827,0.551325259569692
2020-09-30,,0.528374904491428,0.0000487379344544293,0.00146892629838603,0.450487902608789,0.528374904491428
2020-10-01,,0.486788822810295,0.0000451887232563666,0.0013522784997957,0.415248771148384,0.486788822810295
2020-10-02,,0.476503317077659,0.0000449250974309373,0.00135231626583195,0.40627084801161,0.476503317077659
2020-10-03,,0.458766386713422,0.0000434022516612443,0.00132667637145749,0.392060186476127,0.458766386713422
2020-10-04,,0.463220039482808,0.0000438833806400727,0.00133626445186161,0.396154643748398,0.463220039482808
2020-10-05,,0.454000604753921,0.0000425667390542724,0.00128853203602176,0.387605311386312,0.454000604753921
2020-10-06,,0.411986883416666,0.0000382438336104409,0.00116646792628783,0.349342324969635,0.411986883416666
2020-10-07,,0.379857572456461,0.0000358478842488957,0.00111688809513077,0.323687720578913,0.379857572456461
2020-10-08,,0.434032517757948,0.0000406885354968082,0.00127222582823617,0.368926661320261,0.434032517757948
2020-10-09,,0.468184069131285,0.0000429427019650936,0.00133565575873842,0.397708891265911,0.468184069131285
2020-10-10,,0.487090435005582,0.0000439846374108853,0.00132994741260192,0.411540065810374,0.487090435005582
2020-10-11,,0.547010794181131,0.0000483958105022503,0.00147329956196104,0.460670496509556,0.547010794181131
2020-10-12,,0.535430218170272,0.0000470572916410468,0.00143107521649194,0.452656470780004,0.535430218170272
2020-10-13,,0.584059859233851,0.000050574952418017,0.00150658652915022,0.493729575149952,0.584059859233851
2020-10-14,,0.579892742232119,0.0000507122278284488,0.00151985701495882,0.493949443132841,0.579892742232119
2020-10-15,,0.553644978782646,0.0000484925756381438,0.00146146411427616,0.471866568708709,0.553644978782646
2020-10-16,,0.527563297267514,0.0000458647747235103,0.00139750789435581,0.450519135485192,0.527563297267514
2020-10-17,,0.496647877067514,0.0000438000210542646,0.00135585024585895,0.424159526487484,0.496647877067514
2020-10-18,,0.498278628807003,0.0000438517382660458,0.00135284798566475,0.425516303442075,0.498278628807003
2020-10-19,,0.569940031467502,0.0000496047653646348,0.00150809044099394,0.48666903733396,0.569940031467502
2020-10-20,,0.553086224258166,0.0000470879515001233,0.00145754970253251,0.469695433958599,0.553086224258166
2020-10-21,,0.469750833702732,0.0000393773852263031,0.00127357638628823,0.397251065006709,0.469750833702732
2020-10-22,,0.490431932558363,0.0000381703927059086,0.00124959354487012,0.412251009862853,0.490431932558363
2020-10-23,,0.512519571173198,0.0000394321675035897,0.00123666638359404,0.433343277785078,0.512519571173198
2020-10-24,,0.495052662381376,0.0000382178831369676,0.00120939234884882,0.416666438011293,0.495052662381376
2020-10-25,,0.496348573608693,0.0000378491391225497,0.00120394389500772,0.417628079770388,0.496348573608693
2020-10-26,,0.46501764222983,0.0000356563749066561,0.00114327196816962,0.392333276292745,0.46501764222983
2020-10-27,,0.444964069200296,0.0000340169532340566,0.0011293195979422,0.376782305476819,0.444964069200296
2020-10-28,,0.436875865598182,0.0000319458229105786,0.00108125427236533,0.370984268292709,0.436875865598182
2020-10-29,,0.404701461460738,0.0000304508237557242,0.00104062216810264,0.344696119111126,0.404701461460738
2020-10-30,,0.397063202306008,0.0000294661817650497,0.00102656434538047,0.340104657229383,0.397063202306008
2020-10-31,,0.39419415158709,0.0000289778410286382,0.00102762742939703,0.338149517571807,0.39419415158709
2020-11-01,,0.405925784483271,0.0000293995014438315,0.00105002919552281,0.34836381969348,0.405925784483271
2020-11-02,,0.394081879292401,0.0000286878332215786,0.000996218434363681,0.338330266000653,0.394081879292401
2020-11-03,,0.382570916078259,0.0000281393912515727,0.000996672120389772,0.328665366377364,0.382570916078259
2020-11-04,,0.370636571601473,0.0000264798751043831,0.00095390114245859,0.315200371887405,0.370636571601473
2020-11-05,,0.377122580110713,0.0000266911051460859,0.000938593073467568,0.321420859635648,0.377122580110713
2020-11-06,,0.427384562591858,0.0000273850940860203,0.00102490952959225,0.36097228207699,0.427384562591858
2020-11-07,,0.518675007806277,0.000033208010882745,0.00113632909588012,0.436796245650448,0.518675007806277
2020-11-08,,0.491072454026113,0.0000330324690171362,0.00112432190510705,0.411751483750562,0.491072454026113
2020-11-09,,0.579522911862792,0.0000373885732530331,0.00127262582051499,0.485911300374894,0.579522911862792
2020-11-10,,0.589566967239251,0.0000384839357313845,0.00132621666867651,0.498271759504934,0.589566967239251
2020-11-11,,0.683395252541711,0.0000446101543562444,0.00151360524759999,0.578660518162161,0.683395252541711
2020-11-12,,0.630209150603354,0.0000400609936854605,0.00135757756879976,0.53482773321737,0.630209150603354
2020-11-13,,0.574904900376329,0.0000352922917777766,0.00124205337952543,0.487145995928067,0.574904900376329
2020-11-14,,0.720523705092559,0.0000441225312682642,0.00151189054638857,0.608499527203084,0.720523705092559
2020-11-15,,0.826454834474113,0.0000513261905565937,0.00178673057615101,0.698662240248025,0.826454834474113
2020-11-16,,0.871818208132115,0.0000545337817865641,0.00194019508266946,0.736763161482193,0.871818208132115
2020-11-17,,0.916633653773018,0.0000547471003240342,0.0019829621874561,0.77291811704007,0.916633653773018
2020-11-18,,0.996559579029876,0.0000563595771813525,0.00206457404500297,0.838998506745419,0.996559579029876
2020-11-19,,0.88009885621405,0.000049430731735827,0.00183548257547814,0.742128172902955,0.88009885621405
2020-11-20,,0.895933596086675,0.0000502806137244133,0.00190158877561512,0.755683384314438,0.895933596086675
2020-11-21,,0.928607501763144,0.0000497545196933155,0.00182236061743389,0.782465631572086,0.928607501763144
2020-11-22,,0.919352157701517,0.0000491458994056642,0.001679631518913,0.773702935214011,0.919352157701517
2020-11-23,,0.851218282389317,0.0000460548849320649,0.00150623163595648,0.7154229962156,0.851218282389317
2020-11-24,,0.908236679385043,0.000049432533482045,0.00149574367838016,0.766779616396886,0.908236679385043
2020-11-25,,0.912248370123883,0.0000476363661141079,0.001508912189728,0.767120354339558,0.912248370123883
2020-11-26,,0.894513286846754,0.0000477114626745285,0.00157416180991692,0.751806175490975,0.894513286846754
2020-11-27,,0.791873145855877,0.0000462712543280589,0.00152754086483622,0.664786185464731,0.791873145855877
2020-11-28,,0.767193099037024,0.0000448608880832314,0.0014838124761688,0.64208853932077,0.767193099037024
2020-11-29,,0.794217439557205,0.0000447563005042468,0.00146851801787843,0.664067743203897,0.794217439557205
2020-11-30,,0.825430731849076,0.0000453761075420492,0.00143584745608553,0.69034343248557,0.825430731849076
2020-12-01,,0.852506620039702,0.0000433527740622531,0.00138964794598281,0.71144179196563,0.852506620039702
2020-12-02,,0.889931371725025,0.0000472849432746239,0.0015128415111045,0.737943313398174,0.889931371725025
2020-12-03,,0.992288515867978,0.0000516416921247035,0.00165677869534615,0.819182029843995,0.992288515867978
2020-12-04,,1.01496296430549,0.0000521287489172256,0.00164352027600209,0.836029494351097,1.01496296430549
2020-12-05,,0.940290803346614,0.0000501944405698761,0.0016433560133845,0.775681301830417,0.940290803346614
2020-12-06,,1.00159206047236,0.0000523992301401955,0.00168358654520126,0.826856993005736,1.00159206047236
2020-12-07,,0.983994232289283,0.0000508358279742499,0.00163387214393699,0.811509560344707,0.983994232289283
2020-12-08,,0.961259201432808,0.0000501121019688866,0.00162424224713235,0.794041186273646,0.961259201432808
2020-12-09,,0.844795945424361,0.0000460605720742889,0.00152402612648391,0.698330158420148,0.844795945424361
2020-12-10,,0.905839651865436,0.0000487673992623927,0.00157752952335321,0.751067789875094,0.905839651865436
2020-12-11,,0.886495320656995,0.0000484560118489965,0.00158175540978393,0.730892650276581,0.886495320656995
2020-12-12,,0.810101779620119,0.0000448517629769586,0.00148510733267005,0.669187642386461,0.810101779620119
2020-12-13,,0.855318781852271,0.0000454635560901818,0.00150439832396513,0.706918839078209,0.855318781852271
2020-12-14,,0.900866171885751,0.0000470276828064735,0.00152554021236698,0.742306218039882,0.900866171885751
2020-12-15,,0.932218490419688,0.0000483346560525417,0.00158954115681939,0.767496974502983,0.932218490419688
2020-12-16,,0.91685345637222,0.0000471812315723197,0.00155662510164791,0.754569141351373,0.91685345637222
2020-12-17,,1.02352266705443,0.0000478936906100209,0.00160879378374799,0.837886763733285,1.02352266705443
2020-12-18,,0.994143761381673,0.0000436233312476091,0.00154661183636522,0.809876998701298,0.994143761381673
2020-12-19,,1.02090858279376,0.0000442934188549901,0.00156578638111971,0.832534549735145,1.02090858279376
2020-12-20,,1.0525062626701,0.0000441177119706395,0.00159539768880537,0.855656380254375,1.0525062626701
2020-12-21,,0.976423280772963,0.0000414995082701889,0.00152909724951668,0.796692891277113,0.976423280772963
2020-12-22,,0.902811612189376,0.0000393597744378922,0.00147386625515892,0.738517049679304,0.902811612189376
2020-12-23,,0.915477268300307,0.0000385352340207104,0.00144357004341131,0.750472501897095,0.915477268300307
2020-12-24,,0.885118874866003,0.0000379760838836432,0.00150400266335964,0.727426230517186,0.885118874866003
2020-12-25,,0.929445160531792,0.0000392044688225154,0.00151896539476333,0.762849384325709,0.929445160531792
2020-12-26,,0.918529015573469,0.0000372338926273664,0.00146767318524093,0.752695106358498,0.918529015573469
2020-12-27,,0.874317060506746,0.0000330204249431244,0.00137512997043153,0.715263095733142,0.874317060506746
2020-12-28,,0.903031830274939,0.0000341658177802224,0.00131162986756629,0.734210979701365,0.903031830274939
2020-12-29,,1.02841575017077,0.0000380340425137652,0.00140778917452382,0.841593118980435,1.02841575017077
2020-12-30,,1.19845964072392,0.0000440105279478986,0.00163738244395015,0.977871421840387,1.19845964072392
2020-12-31,,1.20248786750653,0.0000416884719248412,0.00160073876413825,0.977740723000552,1.20248786750653
2021-01-01,,1.17069057035064,0.0000403371059027123,0.00158409962328395,0.956636520870386,1.17069057035064
2021-01-02,,1.29417377912682,0.0000440484418406555,0.0017706230984901,1.05679124251209,1.29417377912682
2021-01-03,,1.29356853514231,0.0000403953851585692,0.0016684820979436,1.04076425931649,1.29356853514231
2021-01-04,,1.50554863228205,0.000045241783862426,0.00152019521922245,1.18413136699966,1.50554863228205
2021-01-05,,1.57212842598961,0.000049434663645408,0.00152586651993723,1.28041811907513,1.57212842598961
2021-01-06,,1.58425282194731,0.0000465776235383586,0.00143819046556153,1.28531232657242,1.58425282194731
2021-01-07,,1.58986756099245,0.0000433877005500859,0.00132560501926069,1.28615657840876,1.58986756099245
2021-01-08,,1.45716670612651,0.0000371577842884381,0.00119418925809361,1.1805778145231,1.45716670612651
2021-01-09,,1.34668908695396,0.0000330269951058269,0.00110395144667253,1.09312748319863,1.34668908695396
2021-01-10,,1.58634242024655,0.0000392944168372739,0.0012326178117554,1.26456354916946,1.58634242024655
2021-01-11,,1.45587432291837,0.0000379832868656628,0.00115049201631431,1.17592228579441,1.45587432291837
2021-01-12,,1.29794725562517,0.000036800826515889,0.00119857829996449,1.06701181805305,1.29794725562517
2021-01-13,,1.27963677689833,0.0000379573739958866,0.00123179459226955,1.04967035521743,1.27963677689833
2021-01-14,,1.81585734528373,0.0000486870090035037,0.00160990713698279,1.49287797328454,1.81585734528373
2021-01-15,,1.89766590871332,0.0000486013757630637,0.00156493141049964,1.55975473845692,1.89766590871332
2021-01-16,,1.8515913329732,0.0000504379003739534,0.00158574600825925,1.53250945424189,1.8515913329732
2021-01-17,,1.9638868547949,0.0000542851170940828,0.00159469832733221,1.6263689716117,1.9638868547949
2021-01-18,,1.97494547773066,0.0000547532240676007,0.0015900701936241,1.63431394160344,1.97494547773066
2021-01-19,,2.06058400717298,0.0000563088844378208,0.00164562824060926,1.7043568962463,2.06058400717298
2021-01-20,,2.02902825587943,0.0000559729675372954,0.00146385514935282,1.67236120413904,2.02902825587943
2021-01-21,,1.99860119490187,0.000056274086516029,0.00146115479622102,1.648246702457,1.99860119490187
2021-01-22,,1.65114567499965,0.0000532233594897706,0.00145771500987581,1.35779526239667,1.65114567499965
2021-01-23,,2.13328522437468,0.0000646715892586413,0.00172683624172778,1.75319802406609,2.13328522437468
2021-01-24,,2.36987181851329,0.0000739746203496994,0.00192240862613141,1.94741264570081,2.36987181851329
2021-01-25,,2.57771554567256,0.0000800132605243277,0.00185817419970892,2.11733974274032,2.57771554567256
2021-01-26,,2.37060308821403,0.0000731222884052619,0.00178831435433307,1.95570124903299,2.37060308821403
2021-01-27,,2.42648666216678,0.0000743394347017987,0.00178175895929725,1.99453343205627,2.42648666216678
2021-01-28,,2.49744540978155,0.0000822639342428556,0.00200446981149795,2.06435730556751,2.49744540978155
2021-01-29,,3.19761913562989,0.0000954191666479793,0.0023831267113979,2.63510137338892,3.19761913562989
2021-01-30,,3.61609886835467,0.000105838642314436,0.0026139045949636,2.98047856417843,3.61609886835467
2021-01-31,,3.83411395056009,0.000111619307258488,0.00277860813028376,3.1578907697872,3.83411395056009
2021-02-01,,3.55361681195627,0.000107172771440051,0.00269755692853577,2.93294247254688,3.55361681195627
2021-02-02,,4.15818249876154,0.000123865023129053,0.00303526941999938,3.44646852497552,4.15818249876154
2021-02-03,,3.79860202542815,0.000106713848037196,0.00249224586635642,3.14963100636405,3.79860202542815
2021-02-04,,3.74428856153817,0.0000996394532813623,0.00225624785413955,3.10680541832424,3.74428856153817
2021-02-05,,3.93512520812633,0.000105984640034677,0.00244661232717665,3.28952479208439,3.93512520812633
2021-02-06,,3.97680147644078,0.000104527749845807,0.00231145088686662,3.30348714081774,3.97680147644078
2021-02-07,,3.53614482012858,0.0000898828059283362,0.00210021289509963,2.93686138513294,3.53614482012858
2021-02-08,,3.79938625415638,0.0000974126366561168,0.00235104328857369,3.15616611973092,3.79938625415638
2021-02-09,,4.53121993371847,0.0000982443608413836,0.00259885490536196,3.75856466866534,4.53121993371847
2021-02-10,,4.58290795586348,0.0000984551861946045,0.00258799583033545,3.78543892849197,4.58290795586348
2021-02-11,,4.47000604145281,0.0000991613051615691,0.0025569018732227,3.69156239199169,4.47000604145281
2021-02-12,,4.51113736344545,0.0000941923109375071,0.00252642253960148,3.72199233162484,4.51113736344545
2021-02-13,,4.30788225437045,0.000090644151431107,0.00233305665150367,3.55328264450837,4.30788225437045
2021-02-14,,4.39276632744205,0.0000930500798302026,0.00241438684005686,3.63233609046755,4.39276632744205
2021-02-15,,4.03734178747295,0.0000826818769055781,0.00222864652662976,3.33322760179511,4.03734178747295
2021-02-16,,3.91963879751118,0.0000814720245893662,0.00219276735707477,3.23467961149725,3.91963879751118
2021-02-17,,3.90098921098908,0.0000793845916535549,0.00219080401147039,3.22519103559634,3.90098921098908
2021-02-18,,4.00884687042086,0.0000767611592935036,0.0021725341946822,3.33035999928582,4.00884687042086
2021-02-19,,4.00028549706497,0.0000774497595269156,0.00207010020485572,3.31185064206618,4.00028549706497
2021-02-20,,4.81876878030533,0.0000863261418320744,0.00245727133744994,3.96650363528942,4.81876878030533
2021-02-21,,5.06907293831336,0.0000907430672121566,0.00265007644325393,4.18525499091705,5.06907293831336
2021-02-22,,4.75763634948015,0.0000827404712726533,0.00246014586436241,3.92255307403699,4.75763634948015
2021-02-23,,4.474106214306,0.0000829272964551411,0.00252601879764161,3.68231275069544,4.474106214306
2021-02-24,,4.82980432187035,0.0000994595486545159,0.00308999574107349,3.97518274698353,4.82980432187035
2021-02-25,,4.91215999058336,0.0000991007269462576,0.0030386427546773,4.04220734712616,4.91215999058336
2021-02-26,,4.5365327128936,0.0000953691600091162,0.00304166453053263,3.73078240924433,4.5365327128936
2021-02-27,,4.38733257711054,0.0000948986553382745,0.00304189355756938,3.63876290738344,4.38733257711054
2021-02-28,,4.50850588225047,0.0000983648685592413,0.00310069197825197,3.74808828307739,4.50850588225047
2021-03-01,,4.40689455639505,0.0000971549077484505,0.00309172039600747,3.64635205603262,4.40689455639505
2021-03-02,,5.18218984817134,0.000104407123479393,0.00331504002803857,4.30046409359922,5.18218984817134
2021-03-03,,5.16735104127478,0.000106974071968392,0.00346830273342531,4.28049738960037,5.16735104127478
2021-03-04,,5.7719090514984,0.000113865769486833,0.00364372784252945,4.79223244880908,5.7719090514984
2021-03-05,,5.26985628008417,0.000108717812299161,0.00342638377063553,4.41241934484752,5.26985628008417
2021-03-06,,5.52198395188141,0.000113153513622725,0.00360715874895405,4.63066140550036,5.52198395188141
2021-03-07,,5.73272522826937,0.000117064811707475,0.00345378526896708,4.80858670431745,5.73272522826937
2021-03-08,,5.68707646830579,0.000111322560963336,0.00330805414324176,4.76116504532247,5.68707646830579
2021-03-09,,5.79392074055963,0.000111232297085533,0.00317279517577229,4.88049917355005,5.79392074055963
2021-03-10,,6.13930611891222,0.000112155701590792,0.00329710617619846,5.15994004504322,6.13930611891222
2021-03-11,,6.35780418356034,0.000113297447221783,0.0035254063681254,5.33368458709906,6.35780418356034
2021-03-12,,6.43033479136221,0.000111160586591511,0.00351824010059711,5.36100645861731,6.43033479136221
2021-03-13,,5.97642851556675,0.000104237653809031,0.00337937020035768,4.99118298613464,5.97642851556675
2021-03-14,,6.12043963545398,0.0000998622949361198,0.00317580718473278,5.02589196046436,6.12043963545398
2021-03-15,,5.64433606274052,0.0000942204789275555,0.00301167936816162,4.70920496297067,5.64433606274052
2021-03-16,,5.71304886054259,0.000101798550433064,0.00317938261153058,4.80007274974802,5.71304886054259
2021-03-17,,5.57761924963818,0.0000987181454656048,0.00310393382416283,4.68700604106149,5.57761924963818
2021-03-18,,5.84398274449836,0.0000995855047220002,0.00321297899189875,4.87489670152117,5.84398274449836
2021-03-19,,5.63823929931172,0.0000976631694671895,0.00316462518925011,4.73741414143891,5.63823929931172
2021-03-20,,5.5691037309139,0.0000957415083532542,0.00307621753279784,4.68404231430767,5.5691037309139
2021-03-21,,5.80173731691902,0.0000996042576677673,0.00320052595186846,4.87677889970131,5.80173731691902
2021-03-22,,5.62246284217907,0.0000978705855306272,0.00315032334378025,4.73575067900763,5.62246284217907
2021-03-23,,5.29036271702741,0.0000971544152349024,0.00313203457214638,4.4420239193025,5.29036271702741
2021-03-24,,5.15128878462138,0.0000944088670254517,0.00308137114153849,4.3535429976149,5.15128878462138
2021-03-25,,4.64980569943375,0.0000884070602815266,0.00293015138407887,3.94352589169119,4.64980569943375
2021-03-26,,4.76902906784706,0.0000925178480376164,0.00300140515502557,4.0550663496532,4.76902906784706
2021-03-27,,5.89561903033323,0.000107549242909379,0.00347686887008499,5.001947219916,5.89561903033323
2021-03-28,,6.26479895492758,0.000111831794882893,0.0036463124034743,5.30786133890802,6.26479895492758
2021-03-29,,6.15195040865388,0.000110422095331252,0.00365065705876783,5.22104684622394,6.15195040865388
2021-03-30,,6.65915821371598,0.000115668152764635,0.00367677063323242,5.64818133372673,6.65915821371598
2021-03-31,,7.28604848784771,0.000124156165250819,0.00395792895144939,6.21580746547336,7.28604848784771
2021-04-01,,7.93914317044016,0.000135037366672948,0.00414170062317898,6.75556778492743,7.93914317044016
2021-04-02,,8.41535209606761,0.00014307205788297,0.00426906351087126,7.14838925677684,8.41535209606761
2021-04-03,,8.39699576918323,0.000142245935307188,0.00393473519332917,7.13384340548555,8.39699576918323
2021-04-04,,9.15726941727617,0.000159861861162905,0.00452177591227702,7.81784370397726,9.15726941727617
2021-04-05,,10.3484792961526,0.00017780220342629,0.004981467847604,8.8104434149928,10.3484792961526
2021-04-06,,9.78873584666313,0.000166600184070956,0.00466235228246579,8.27996886333357,9.78873584666313
2021-04-07,,9.93258400766107,0.000171003592195179,0.00469203934350137,8.38090084059298,9.93258400766107
2021-04-08,,9.25569158392737,0.000164496397161653,0.00466188244911748,7.81208214420719,9.25569158392737
2021-04-09,,10.2031952725945,0.00017602840800697,0.00490880426073608,8.56837593235518,10.2031952725945
2021-04-10,,11.8225617622442,0.000203655517793419,0.00572229187963198,9.95199823581702,11.8225617622442
2021-04-11,,11.9168954563104,0.000199775088170996,0.00559429338135627,10.0008815431065,11.9168954563104
2021-04-12,,11.0180097163077,0.00018383899464561,0.00513810529083291,9.25579985918963,11.0180097163077
2021-04-13,,12.1026117717134,0.000202026919269946,0.00564795993327009,10.1449050236282,12.1026117717134
2021-04-14,,13.3172776254842,0.000209900601196317,0.00579543312490062,11.1401116798847,13.3172776254842
2021-04-15,,15.3032427754541,0.00024341284485392,0.00629685615820973,12.783474808336,15.3032427754541
2021-04-16,,14.7139968998629,0.000232701664887216,0.00583985574128071,12.2978066210274,14.7139968998629
2021-04-17,,14.6365502304326,0.00023771782267524,0.00602735728841019,12.2255974280375,14.6365502304326
2021-04-18,,14.4074006544439,0.000239004499742605,0.00615132906203009,12.1218395173017,14.4074006544439
2021-04-19,,16.3134136082999,0.0002892984834836,0.00727146892339816,13.6805179152704,16.3134136082999
2021-04-20,,14.238498969419,0.000255178751751738,0.00656568029612869,11.8517081863489,14.238498969419
2021-04-21,,14.7398060124852,0.000260999901928708,0.00633015833092223,12.2587162136087,14.7398060124852
2021-04-22,,13.1170372898753,0.000242792099204065,0.00554867332211119,10.910195037885,13.1170372898753
2021-04-23,,13.9494310470135,0.000268868103886529,0.00576492991489127,11.6100074988392,13.9494310470135
2021-04-24,,13.0008073229505,0.00025514336709538,0.00551553564480136,10.7728245626965,13.0008073229505
2021-04-25,,11.448319917533,0.000227691560378905,0.00511865728350896,9.50249615106754,11.448319917533
2021-04-26,,11.3795395030766,0.000232487247014331,0.00494642894520591,9.4211916431006,11.3795395030766
2021-04-27,,13.6369528457768,0.000252801371276415,0.00539850949597719,11.2903335381184,13.6369528457768
2021-04-28,,14.685013048328,0.000266869078442253,0.00554915892320219,12.1519172195375,14.685013048328
2021-04-29,,14.1215824574573,0.000257752474943729,0.00515342841452137,11.6399828325336,14.1215824574573
2021-04-30,,14.1824668779462,0.000264760867343776,0.00513763071122147,11.7049627434501,14.1824668779462
2021-05-01,,15.4187525766922,0.000267030946878694,0.00556575385706943,12.8051123930256,15.4187525766922
2021-05-02,,15.4665423744001,0.000267293167766119,0.00524410694785346,12.8324840379037,15.4665423744001
2021-05-03,,14.5698080371774,0.000257541793213402,0.00493477478092475,12.1191414615865,14.5698080371774
2021-05-04,,17.4911660918025,0.000305559690771634,0.00509850170995648,14.5019119132006,17.4911660918025
2021-05-05,,16.8740432165736,0.000314086981695135,0.00515255026614381,14.0563675318234,16.8740432165736
2021-05-06,,18.3603059173553,0.000320189349879387,0.00520723231653832,15.2505777154714,18.3603059173553
2021-05-07,,17.5093802487441,0.000309750577835501,0.00500190391273079,14.5147309863582,17.5093802487441
2021-05-08,,17.9985810992046,0.000313886392147519,0.00516809673442378,14.839948443059,17.9985810992046
2021-05-09,,19.0924768256596,0.000325055092325308,0.00491217426794177,15.7092931155261,19.0924768256596
2021-05-10,,17.979606326613,0.000308459288995419,0.00459122383563557,14.781272758188,17.979606326613
2021-05-11,,16.6696799389051,0.00029818974806577,0.00421560097587172,13.7525059569715,16.6696799389051
2021-05-12,,18.052633980472,0.000318882944385261,0.00434399047652937,14.8818147427686,18.052633980472
2021-05-13,,17.5887277724353,0.000345064059614327,0.00442427813459308,14.6088644350929,17.5887277724353
2021-05-14,,17.1877228426039,0.000348150804427754,0.0046615083382737,14.2480211369683,17.1877228426039
2021-05-15,,18.760881944525,0.000375237181985079,0.00459070573292352,15.4821592447931,18.760881944525
2021-05-16,,17.6821230712563,0.000375831849426769,0.00481460400657351,14.5841878903059,17.6821230712563
2021-05-17,,19.3049397630371,0.000419467395452925,0.00541385017700128,15.8699636681988,19.3049397630371
2021-05-18,0,18.3768569472323,0.000422530346811325,0.00560264856985336,15.1195304261586,18.3768569472323
2021-05-19,0,20.1577359477149,0.000471087304058062,0.0059846501938063,16.5416125616702,20.1577359477149
2021-05-20,0,12.0692824646186,0.00032062897128185,0.00475967582727439,9.93773024484386,12.0692824646186
2021-05-21,0,13.7556160135173,0.000337152391688541,0.00495175899553532,11.2913086462096,13.7556160135173
2021-05-22,0,10.2649948772379,0.000276131259745802,0.00425230376191924,8.45090708847063,10.2649948772379
2021-05-23,0,9.529297552817,0.00025314643578773,0.00410596530263786,7.84634095848864,9.529297552817
2021-05-24,0,7.87919735377074,0.000226581652990345,0.00374202272143695,6.47687567576951,7.87919735377074
2021-05-25,0,9.98839149397267,0.000258562922885329,0.00380340851346057,8.19762013153771,9.98839149397267
2021-05-26,0,12.3326209867902,0.000322254893103518,0.00457341959402439,10.0695997572291,12.3326209867902
2021-05-27,0,12.7237416635259,0.000324627821639409,0.00443533831810616,10.4404297517384,12.7237416635259
2021-05-28,0,13.9296963421726,0.000361708292470806,0.00507807930193199,11.4382942612017,13.9296963421726
2021-05-29,0,10.8709557304265,0.000305392079836793,0.0045008662349628,8.92620771526049,10.8709557304265
2021-05-30,0,10.1030811796816,0.000291307712668378,0.00441402682002469,8.31438826031136,10.1030811796816
2021-05-31,0,10.9775968727864,0.000307908249383367,0.00458984880048606,9.01706636852454,10.9775968727864
2021-06-01,0,12.6804347239113,0.000339839821373349,0.00469782409770384,10.3681739275028,12.6804347239113
2021-06-02,0,11.5132460596525,0.000314042915202157,0.00438399180271116,9.42592710056639,11.5132460596525
2021-06-03,0,12.4063871873525,0.000329611227511885,0.00457267090453219,10.1625845907963,12.4063871873525
2021-06-04,0,13.3286378314031,0.00034036227365734,0.00466264366365869,10.9907938852933,13.3286378314031
2021-06-05,0,11.5510051267363,0.000313167989947234,0.00429520770794602,9.51593075175616,11.5510051267363
2021-06-06,0,10.5939228123273,0.000299182498942367,0.00406681099047278,8.73027567093945,10.5939228123273
2021-06-07,0,10.7580976148128,0.000301173449026861,0.00397550105844497,8.8579142120608,10.7580976148128
2021-06-08,0,9.2133523406791,0.00027319132815692,0.00354338020984809,7.57476745856411,9.2133523406791
2021-06-09,0,9.14324719879844,0.000273136186289397,0.00362963001348953,7.51654101970725,9.14324719879844
2021-06-10,0,9.68996554985764,0.00025927724370621,0.00371885549442782,7.95890275213742,9.68996554985764
2021-06-11,0,8.5257449822018,0.000231514268955835,0.00343588744234694,7.00793468246212,8.5257449822018
2021-06-12,0,7.20537438109373,0.000193768944610017,0.00307261315168525,5.95121076616893,7.20537438109373
2021-06-13,0,7.14222642282278,0.000200235277865448,0.00299987627127197,5.9160825013939,7.14222642282278
2021-06-14,0,8.29182665240099,0.000213018299456674,0.00331057776392243,6.84397513308034,8.29182665240099
2021-06-15,0,8.95589766261022,0.00022137599125465,0.00347525889960415,7.39131754399966,8.95589766261022
2021-06-16,0,9.88590102923738,0.00024558406715103,0.00387266114667651,8.16059387285196,9.88590102923738
2021-06-17,0,9.23709358122566,0.00024139454638636,0.00391236593810461,7.70407444374031,9.23709358122566
2021-06-18,0,8.73095773773261,0.000229649377118576,0.00368645489769174,7.3337196507157,8.73095773773261
2021-06-19,0,8.08786749339816,0.000226460122641306,0.00363569056160485,6.83025436339652,8.08786749339816
2021-06-20,0,7.32800514678505,0.000206097705348675,0.00336957779114895,6.19609832199075,7.32800514678505
2021-06-21,0,8.28421517243062,0.000232703053300465,0.00369391811828263,6.98362692868714,8.28421517243062
2021-06-22,0,6.0654119844614,0.000191246457869774,0.00319166179616874,5.0888809736764,6.0654119844614
2021-06-23,0,5.23704470338678,0.000161664347826378,0.00280412184975255,4.39352928330957,5.23704470338678
2021-06-24,0,5.58529925338986,0.000166177229824039,0.00284657798421746,4.68205958496873,5.58529925338986
2021-06-25,0,6.42256833967895,0.000185307520873771,0.00323283846010051,5.3816555359576,6.42256833967895
2021-06-26,0,5.45736802453535,0.000172246357670916,0.00300210528013253,4.58252280192596,5.45736802453535
2021-06-27,0,5.3106868336231,0.000166527882923042,0.00294714581234147,4.449440982464,5.3106868336231
2021-06-28,0,5.97311512846487,0.000173101202735147,0.00304049299275661,5.00459781968309,5.97311512846487
2021-06-29,0,6.28227754500806,0.000182750846211001,0.00302137402021082,5.2668606950982,6.28227754500806
2021-06-30,0,6.61702983099561,0.000184145118024419,0.00304933622813094,5.56072379986011,6.61702983099561
2021-07-01,0,6.76181422687337,0.000192834003611993,0.00297579822401793,5.7019268274624,6.76181422687337
2021-07-02,0,6.19157407753366,0.000184795081412579,0.0029280727645967,5.22788714361474,6.19157407753366
2021-07-03,0,5.79376208217762,0.000171499610820176,0.00269477340650624,4.88348412338004,5.79376208217762
2021-07-04,0,5.94614380622244,0.000171912375613316,0.00268339506865388,5.00903275806227,5.94614380622244
2021-07-05,0,6.26795954038484,0.000177283319810964,0.00269483313397718,5.27903681661318,6.26795954038484
2021-07-06,0,6.14384666314308,0.000181171598851833,0.00276920482084599,5.1820755552133,6.14384666314308
2021-07-07,0,7.02922110504295,0.000205990648864268,0.00303231139128566,5.94487821491301,7.02922110504295
2021-07-08,0,7.09515293708002,0.00020910151716392,0.00306211021252009,6.01875418119751,7.09515293708002
2021-07-09,0,6.19229686564417,0.000188676450459689,0.00292237753639094,5.23069400100912,6.19229686564417
2021-07-10,0,6.25095603627696,0.000184313075507952,0.00290232716905689,5.26679973097912,6.25095603627696
2021-07-11,0,6.14666256981185,0.000182876810409072,0.0029033901029152,5.18369948773119,6.14666256981185
2021-07-12,0,6.25775514662244,0.000182663159582036,0.0029239211034464,5.27189241248373,6.25775514662244
2021-07-13,0,6.06527379648847,0.000183046042365376,0.00298336463998035,5.1184844140715,6.06527379648847
2021-07-14,0,5.61976544408075,0.000172163763945915,0.00289732355142492,4.79269273433287,5.61976544408075
2021-07-15,0,5.76076548635592,0.000175642280407063,0.00289130896341925,4.88960364198617,5.76076548635592
2021-07-16,0,4.81875522559514,0.00015197433871718,0.00251911755119302,4.09682580014583,4.81875522559514
2021-07-17,0,4.6166935590762,0.000146768025464959,0.00245816245571261,3.91488477301218,4.6166935590762
2021-07-18,0,4.242071799494,0.000134464256418261,0.00223624014543304,3.60844050611287,4.242071799494
2021-07-19,0,4.16136213230692,0.000131241358618601,0.00219865183318141,3.53773631385349,4.16136213230692
2021-07-20,0,3.71388321620704,0.000120254726775328,0.00203812139131868,3.16508130141805,3.71388321620704
2021-07-21,0,3.55035771521839,0.00011927297141716,0.0019886238686288,3.02378344994865,3.55035771521839
2021-07-22,0,4.22732356322818,0.000131611727158417,0.00212910628062062,3.59574982123781,4.22732356322818
2021-07-23,0,3.57024506514636,0.000110510085358507,0.00176664142864918,3.06246664727733,3.57024506514636
2021-07-24,0,3.8098642831493,0.000113932725652632,0.00180330144063356,3.23763649404105,3.8098642831493
2021-07-25,0,3.5658120551485,0.000104364473385942,0.00163619051568718,3.02966340906641,3.5658120551485
2021-07-26,0,3.5176997511786,0.000100162472031414,0.00160813179425561,2.98646126959348,3.5176997511786
2021-07-27,0,3.94117997544182,0.000105253114352188,0.00175854527798343,3.34143941806827,3.94117997544182
2021-07-28,0,3.96671623802409,0.000101381727308686,0.0017350477189413,3.35770699454578,3.96671623802409
2021-07-29,105391.18531879790183222097541166220052,4.67014919929605,0.000116931483250233,0.00203312384515902,3.94305532105546,4.67014919929605
2021-07-30,122026.37028986829598921716528061699908,5.46098557180738,0.000136231182359672,0.00229024552398183,4.59723273382966,5.46098557180738
2021-07-31,125191.47113615961853897944194388923878,6.32295998491002,0.000151304387518898,0.00257942677974282,5.32885704466489,6.32295998491002
2021-08-01,116587.27498915604027447212064896902068,6.48696392890807,0.000155215352580241,0.00254953101271906,5.47240168824564,6.48696392890807
2021-08-02,141049.80606121785528539014699605386976,6.04112596937042,0.000151145404232487,0.00235637458868853,5.10455008541617,6.04112596937042
2021-08-03,132208.690001688271039509869609110038,7.30868481530544,0.000185951815986567,0.00279059580088147,6.1827915606066,7.30868481530544
2021-08-04,152800.6566857151758066673236498436538,6.850570532847,0.000178918273457566,0.00272614463194651,5.78590324750453,6.850570532847
2021-08-05,156642.22959937455712334625796248427732,7.9175708955097,0.000199064427585519,0.00290240532186862,6.70576654643829,7.9175708955097
2021-08-06,150125.33800836177636992096159818578778,8.11662714666658,0.000198248655356521,0.00287259802451571,6.85114641496709,8.11662714666658
2021-08-07,145659.43203491170358509588457100202346,7.77894567127657,0.000181792024113392,0.00269350879641228,6.59914448189816,7.77894567127657
2021-08-08,130529.37402181371655929086738093603238,7.54753876554449,0.000169665182254778,0.00240108992321382,6.40479426117622,7.54753876554449
2021-08-09,133857.36004954769817166727447073502204,6.76355452378647,0.000153813977599209,0.00223415158778587,5.76172236531297,6.76355452378647
2021-08-10,135641.4900507594284351301505761580797,6.93599858185126,0.000149916832742113,0.0021961391214431,5.91247921652443,6.93599858185126
2021-08-11,135792.92989531324591690107987150083268,7.02844566995805,0.000154509396158974,0.00223713033357344,6.00441916998544,7.02844566995805
2021-08-12,130935.29925194494041280310598148072414,7.03629272854842,0.000154046817883468,0.00222065736168418,6.00087851652161,7.03629272854842
2021-08-13,141220.80829460616434878428747230065812,6.78458808383491,0.000152786257099288,0.00223319640647443,5.78005734351638,6.78458808383491
2021-08-14,149420.4681646070374405440453291408584,7.31754552530178,0.000153351449069855,0.00220642001742427,6.20535318922479,7.31754552530178
2021-08-15,162724.40355624059654069390725858620528,7.7424218952596,0.000164298196291279,0.00236846371372964,6.57481618634539,7.7424218952596
2021-08-16,168564.3267648364029587484457995117772,8.43178314499032,0.000179116215847348,0.00254680683222639,7.1510475349228,8.43178314499032
2021-08-17,161927.5667446257976827933069307050689,8.7343865959918,0.00018994106332805,0.00276599498527714,7.41636914752393,8.7343865959918
2021-08-18,158676.91588440476262469024290332626274,8.39049397722785,0.000187647622965222,0.0027777836917314,7.17952228943638,8.39049397722785
2021-08-19,168917.58825130565639042820795881268936,8.22205714455581,0.000182897864840029,0.00270345014118594,7.0348624314224,8.22205714455581
2021-08-20,180286.28006169102525066842732969651874,8.75269131355284,0.000187637303586238,0.002757646192917,7.48778187888555,8.75269131355284
2021-08-21,216339.1810599785899437825840844265618,9.34177532241981,0.000189716019390386,0.00284964979720089,7.99512994917234,9.34177532241981
2021-08-22,203502.6959083339125688446533098893424,11.2099047260117,0.000228446090835809,0.00346550823982133,9.59956301004144,11.2099047260117
2021-08-23,221885.0731602564488948755553533638446,10.5447650372056,0.000213615410618998,0.00324864790126588,9.03251339030629,10.5447650372056
2021-08-24,202041.1050062936363899539790152271524,11.4972725609099,0.00023184249610109,0.003460284592127,9.79332138741734,11.4972725609099
2021-08-25,201764.086768080242333722223298523068,10.4690307449706,0.000218442199297302,0.00328841589630768,8.93680512413333,10.4690307449706
2021-08-26,186997.40245371491482605219243714701008,10.454676673542,0.000213350661721462,0.00323804197152887,8.91545105092958,10.454676673542
2021-08-27,198880.1623104077805455184164153975986,9.68952112718152,0.000205328465571116,0.00310502207426999,8.24488941028654,9.68952112718152
2021-08-28,192134.5136984834637740790218334620144,10.3052422611109,0.000210103211921124,0.0031514376089132,8.73677438828349,10.3052422611109
2021-08-29,191621.7426902313649257659876325260057,9.9557074339736,0.000203791285857571,0.00307021746352199,8.45140563636716,9.9557074339736
2021-08-30,184865.7823312926750665332343211548404,9.92913751667705,0.000202849287686136,0.00307316619026896,8.42249826293637,9.92913751667705
2021-08-31,190201.8817225389195305714125665693508,9.5790683725426,0.000203266040503543,0.00295799951097356,8.12123559748951,9.5790683725426
2021-09-01,205830.2199538983264438375479495270958,9.8555655169402,0.000208719255341233,0.0028717119915735,8.34317133463121,9.8555655169402
2021-09-02,200969.5937866835486750101857090200992,10.6653688162827,0.000219052971220097,0.00281124080693894,9.00247843615222,10.6653688162827
2021-09-03,195977.0775775287584964295123934425924,10.4135089544848,0.000210929637865382,0.00274625388730033,8.77259231475018,10.4135089544848
2021-09-04,198930.7315575266982022322077303183218,10.1548150333306,0.000203664385143275,0.0025914510349423,8.55618527842208,10.1548150333306
2021-09-05,200273.786082666258367551298618017629,10.3078625744517,0.000206489379067947,0.00265240671258311,8.68073804842864,10.3078625744517
2021-09-06,225261.7264107066145404390078462756386,10.3774547453885,0.000200539656919697,0.00262413587008942,8.73472480628207,10.3774547453885
2021-09-07,183997.88030435783362856258248105623858,11.6722383763709,0.00022173457282489,0.00297091664950142,9.83889516680771,11.6722383763709
2021-09-08,174392.04431610061730667276664278096704,9.53409686536677,0.000203483488054354,0.0027773126968075,8.06175326135811,9.53409686536677
2021-09-09,174893.1302523434997632219665465723565,9.03635759449376,0.000195643074881546,0.0025760927828445,7.65004865027168,9.03635759449376
2021-09-10,162817.638968286664887283565978603888,9.06232203411725,0.000195103575228211,0.00263987258408301,7.68583039582552,9.06232203411725
2021-09-11,165057.00426071474323444298387972911068,8.436614262872,0.000188463360367293,0.00263300550169314,7.15170510336894,8.436614262872
2021-09-12,176015.0182757920008316965181016548365,8.55264997795542,0.000189643393862997,0.00262414846465728,7.24995201398013,8.55264997795542
2021-09-13,162202.01399891750826214257704377804638,9.12045416623725,0.000197495305521296,0.00266857900581467,7.72107311518866,9.12045416623725
2021-09-14,177689.04927373765086980436200242072142,8.40471482967747,0.00018680663449931,0.00255497414608282,7.12380904292356,8.40471482967747
2021-09-15,194534.958573832888507984376602900187,9.20719632687323,0.000195803567847015,0.00269241846089929,7.79955909996288,9.20719632687323
2021-09-16,195839.8953490146561901883378387875556,10.0800897036155,0.000209272947746283,0.00280699715550047,8.52838014958186,10.0800897036155
2021-09-17,186617.28627271007137149689423571208144,10.1477067522314,0.000212306986773175,0.00284431068601341,8.62926016790263,10.1477067522314
2021-09-18,190670.29189042638259026260317489702768,9.66982489761736,0.00020480931634309,0.00284697926182805,8.24895733686939,9.66982489761736
2021-09-19,175648.85094740755981979737796448753934,9.87983681781592,0.000204958800508817,0.00288460338495965,8.43548958836493,9.87983681781592
2021-09-20,142595.59164395981181921966007752464216,9.10148071517371,0.000192752538251228,0.002741417780187,7.76936173502908,9.10148071517371
2021-09-21,128740.15940462921244792914375657662366,7.38878176780604,0.000172411475405468,0.00249169120203886,6.30802350334837,7.38878176780604
2021-09-22,149364.92691688617622681157079409371836,6.67084396948579,0.000164604535753855,0.00242942928712689,5.69187553353585,6.67084396948579
2021-09-23,174186.61399188246398292920593445185526,7.73954395104134,0.000177603834041175,0.00252619057452068,6.62414522041401,7.73954395104134
2021-09-24,152655.57122670454616326472575872411538,9.02571294681119,0.000201191524600805,0.00286758604349265,7.69600024561728,9.02571294681119
2021-09-25,141016.17771724625034547755032073797276,7.91005309792597,0.000184800042865182,0.00269732074472468,6.75741110282922,7.91005309792597
2021-09-26,138532.77701567533022705492052021124636,7.30694231757494,0.000170981557659056,0.00249171239678854,6.25275246995279,7.30694231757494
2021-09-27,135052.3667695340373493188967365931611,7.17826158057334,0.000166428151936551,0.00235461257662455,6.13199909383578,7.17826158057334
2021-09-28,127918.42231826224339973050935700899226,6.99791945726715,0.00016466938428905,0.00237017043663114,5.98547229520203,6.99791945726715
2021-09-29,125497.29322828505448074218768940259296,6.62826456060169,0.000160787379317632,0.00235412594750468,5.68755089945751,6.62826456060169
2021-09-30,133704.71554888941919151662950337431472,6.50281051064624,0.000156868307584399,0.00228708721429849,5.60806594004034,6.50281051064624
2021-10-01,153946.68643714716634191749388772049992,6.92808910238968,0.00015824222150444,0.00230818777151368,5.98535079685115,6.92808910238968
2021-10-02,160691.63058712544286206558133134678562,7.97695396363348,0.000165916471912292,0.00241766775077367,6.87139424053169,7.97695396363348
2021-10-03,168707.4504387106297842627782956329736,8.32645228813053,0.000174221120087092,0.00245338923199479,7.16424859078217,8.32645228813053
2021-10-04,177224.02337960728109087891705114555196,8.7418027410484,0.000181355333214384,0.00255575459779226,7.52155535662721,8.7418027410484
2021-10-05,172173.0063810248179279918877694455578,9.18310038667974,0.000186313240258695,0.00270758262893679,7.89179628535479,9.18310038667974
2021-10-06,166682.10355106032090006943734707216928,8.9213751686857,0.000173035545065975,0.0025341832007832,7.68564127106935,8.9213751686857
2021-10-07,163266.90525912744354544385983834368664,8.63685667655632,0.000155844240009508,0.00240685950501677,7.4571712857409,8.63685667655632
2021-10-08,160379.81981190861853668448113779850532,8.45989359809116,0.000157232021678491,0.00235697125485012,7.29537015021622,8.45989359809116
2021-10-09,156336.14057233869425091102199175403602,8.31029539474858,0.000154084032066047,0.00233363543616885,7.17854766690956,8.31029539474858
2021-10-10,145474.06224201051615357437103736725854,8.10076673333813,0.000147257423959685,0.00226286488753771,6.99124976761651,8.10076673333813
2021-10-11,142406.71170110506370902331262973851876,7.53793358118851,0.000137801777622443,0.00219636649580561,6.51703892639073,7.53793358118851
2021-10-12,139628.75428353531013499330764084847144,7.37899470032394,0.000128802574389094,0.00209656320759924,6.38732234048889,7.37899470032394
2021-10-13,141042.1302596137711720092363328234206,7.23505111215236,0.000128746312471045,0.00207233222193733,6.27703945924286,7.23505111215236
2021-10-14,147092.42277954194380026517651550628512,7.3082870833539,0.000127435539148628,0.002031454984928,6.29759683261389,7.3082870833539
2021-10-15,153863.19908155704155242841319471939306,7.62179110227728,0.00013282075490107,0.00201286308841447,6.57114839200804,7.62179110227728
2021-10-16,156364.91498867356330466067876059750218,7.97262795436689,0.000129749976473993,0.00206453174165624,6.86264110269049,7.97262795436689
2021-10-17,149392.86018998169434357711293945060164,8.10225771830017,0.000132971990298775,0.00211174030128514,6.95905552771568,8.10225771830017
2021-10-18,147573.02303969816089783611984387267568,7.74099135103866,0.000125947143664102,0.00201777603568832,6.66480255911966,7.74099135103866
2021-10-19,144342.21495898657238466679786717492194,7.64669404912792,0.000123379430247754,0.00204125979491899,6.58779135987659,7.64669404912792
2021-10-20,153732.06532846073332236636731959826262,7.47928539668061,0.00011633505920072,0.00193011618173358,6.42309485231483,7.47928539668061
2021-10-21,177818.99478876611475230669046962959884,7.96583308313103,0.000120581538762938,0.00191791273675908,6.81837720893577,7.96583308313103
2021-10-22,209637.1879205293128830569516422861342,9.21392962796046,0.000147720949821734,0.00226655599872575,7.92205020478869,9.21392962796046
2021-10-23,209565.0445989628950385487962870590982,10.8626319657123,0.000178805909364817,0.00273236424250282,9.33565504468818,10.8626319657123
2021-10-24,237790.768796745351978735737227909303,10.8588937627783,0.000177287822264254,0.00261057485770263,9.34146767936814,10.8588937627783
2021-10-25,266678.8945173049931766067042643611302,12.3214475060695,0.000202437476479557,0.00302248612315408,10.5948453369124,12.3214475060695
2021-10-26,240989.433671437149186303008925122277,13.8183244723863,0.000219228267889637,0.0032788272955526,11.9051148753077,13.8183244723863
2021-10-27,239406.6247704854908630151740861261396,12.4871906152005,0.00020676217329253,0.00302306984736883,10.7749955430902,12.4871906152005
2021-10-28,254824.6537465306568788074761259132694,12.4051752498274,0.000211824942007241,0.00314244258310757,10.7101438283112,12.4051752498274
2021-10-29,262102.6396399470824830577144202124564,13.2040810931311,0.000218016583501429,0.00308595233311882,11.3019012103294,13.2040810931311
2021-10-30,269803.1773688471704341225547911116768,13.5811996902466,0.000218239175374254,0.00307741327107123,11.7413130955561,13.5811996902466
2021-10-31,283480.6121212636721941441070601875358,13.9802133772592,0.000226426190443737,0.00324265795719614,12.0975828193672,13.9802133772592
2021-11-01,305345.5091312575644340763909790728588,14.6889279971427,0.000239104962402436,0.00342083045919928,12.7173031255639,14.6889279971427
2021-11-02,315119.894856346830460380906761187022,15.8218869513422,0.000258984193225146,0.00365757330920797,13.6480753193358,15.8218869513422
2021-11-03,296828.5150310791025166339771041297896,16.499775510043,0.000261798360728215,0.00359756001359592,14.2541338715641,16.499775510043
2021-11-04,267648.5454437852551792461457051952272,15.5420372535524,0.000246871493674103,0.00337954707370686,13.3878398731047,15.5420372535524
2021-11-05,198408.8711508695889911980559658234732,14.2151932954333,0.000231540847151426,0.00313413606055213,12.3107668257935,14.2151932954333
2021-11-06,193599.6798351593142626860200841344954,13.8255885023662,0.000226627291967815,0.00308820764317951,11.9876807704217,13.8255885023662
2021-11-07,194562.9494549685115389806268705624348,13.8485682967962,0.000225344662147326,0.00306951805373236,11.9989467476109,13.8485682967962
2021-11-08,189803.326530414575435812003372698799,14.0313424660932,0.000222564883439348,0.00304414327228517,12.1554112917472,14.0313424660932
2021-11-09,174814.3745181848908358081274573306454,13.7268605381402,0.000203235175557101,0.0028531311845765,11.8418076164154,13.7268605381402
2021-11-10,165068.1339194897036240898599743627224,12.9289625920459,0.000192694682709946,0.00273010779273836,11.1574240662919,12.9289625920459
2021-11-11,172551.1553218815562080040705211897403,12.2245351090392,0.000188778188742512,0.00264602896972229,10.6519836378475,12.2245351090392
2021-11-12,158603.8974988193858556362460982810404,12.8015505858413,0.000197059312608751,0.00270774904778722,11.1917314650837,12.8015505858413
2021-11-13,171728.1754197663777631655078342994194,11.9625300187628,0.000186684186483463,0.00256554635889624,10.4579846118061,11.9625300187628
2021-11-14,165503.6252621635574509169205279570568,12.9860872792642,0.000201654234345717,0.0027957477010811,11.3656331588534,12.9860872792642
2021-11-15,159478.2623655443366266397487322717088,12.5931757849759,0.000193645160659548,0.0027319949070908,11.0157184202186,12.5931757849759
2021-11-16,143708.1439916774766229564990969223072,12.1449614974294,0.000190498731765216,0.0026578852467263,10.6878759829768,12.1449614974294
2021-11-17,141690.010683079380891807669861842642,10.9439985723286,0.000181424824266997,0.00258470920493782,9.67534883987233,10.9439985723286
2021-11-18,102129.60909958669124488517025587121952,10.8120427352965,0.000179738459787176,0.00253470678355443,9.56332668369732,10.8120427352965
2021-11-19,116320.7276032537860876291570549791976,9.75486243813644,0.000171758208752708,0.00244748103452545,8.5852094828722,9.75486243813644
2021-11-20,119245.7378570296756066588509701538648,11.1264013332347,0.000191787970745727,0.00259278930034753,9.87714043597122,11.1264013332347
2021-11-21,114151.619790696749068052530090584723,11.5163426255631,0.000192743833354851,0.00260955499554692,10.2240992893262,11.5163426255631
2021-11-22,106161.2342400196281725345388618707118,11.0449143235935,0.000187098481418607,0.00256257731000229,9.81014079943654,11.0449143235935
2021-11-23,108345.7433156724796677206140962679566,10.3586211397867,0.000183717027804698,0.00252848343166034,9.22023925778781,10.3586211397867
2021-11-24,111766.132993358784852643343568779595,10.5717733516379,0.000183403154009807,0.00243132325460486,9.40283190872077,10.5717733516379
2021-11-25,129995.5732614976386729881581194564962,11.0494258348675,0.00019336842662705,0.00259256356396649,9.86496661647504,11.0494258348675
2021-11-26,109079.4604530501615696152548518437088,12.9966141846553,0.000220249285110811,0.00287151808429367,11.5973262608243,12.9966141846553
2021-11-27,109636.1414890468643297937506940345104,11.0046045458584,0.000204544203912182,0.00271583940659215,9.73912626468685,11.0046045458584
2021-11-28,108922.4685231657290058719583182928384,11.1740607423697,0.000204518719908293,0.00273410091578087,9.88657325036444,11.1740607423697
2021-11-29,103978.5434444464091037520011912082584,11.1639029923112,0.000195007544319799,0.00260165393058279,9.89344064802249,11.1639029923112
2021-11-30,110049.7520592224559284780389277966,10.6730370856687,0.000184269787976615,0.00239929258051869,9.44959446744602,10.6730370856687
2021-12-01,104912.3360737436213685146512793679839,11.298224905675,0.000197877688389478,0.00243231312545328,9.96426365301036,11.298224905675
2021-12-02,101541.6682068066242021029073292167908,10.8375640913069,0.000189532152960299,0.00236393993908685,9.57570872189896,10.8375640913069
2021-12-03,96748.7156415278861346537235808286747,10.5219784048004,0.00018595688032023,0.00232399213477477,9.314235596413,10.5219784048004
2021-12-04,80938.99379424664668879997137424056435,10.0855966837247,0.000187913042732492,0.00238264964847006,8.93117224365487,10.0855966837247
2021-12-05,71767.28175953626481656683991384576287,8.46598463642235,0.000172213794458679,0.00206600240879781,7.50066692762249,8.46598463642235
2021-12-06,70091.13216310344208396809670742428224,7.82032876448847,0.000158540229998423,0.001866168280161,6.91625073454431,7.82032876448847
2021-12-07,66595.74218278187279368214200616873268,7.64135100423744,0.000151207810570082,0.00175989286063738,6.77342124816561,7.64135100423744
2021-12-08,73055.89090578641459621599529755395722,7.26622234603422,0.000143673714006169,0.00168834179162319,6.4459190460006,7.26622234603422
2021-12-09,64900.041697309999771515957888444355,7.97108538188663,0.000157841229668539,0.00180043426817437,7.02828576495542,7.97108538188663
2021-12-10,61145.33070247536837672877535392682262,7.0812054612325,0.000147716459381296,0.001703323499898,6.27350674155082,7.0812054612325
2021-12-11,64571.88328054348566072479909456895002,6.67153114814073,0.000140639141295626,0.00169689411677314,5.9002981568409,6.67153114814073
2021-12-12,65460.29635128366399232529127976249602,7.04540028896783,0.000142845651835957,0.00172698946466633,6.241672618313,7.04540028896783
2021-12-13,57678.88064789485604173634203025775212,7.14233451772683,0.000142457575303196,0.00172479008668811,6.31351599514679,7.14233451772683
2021-12-14,57205.45562641930022657268455338495236,6.29526438515593,0.000134556380721463,0.0016618604944926,5.58146334509713,6.29526438515593
2021-12-15,60892.77515695692579121930351015657392,6.24359320771179,0.000129286527829854,0.00162139106141774,5.54631804734634,6.24359320771179
2021-12-16,59787.62335657563695385237283510314432,6.64736894054388,0.000136131153274946,0.0016553687863376,5.88349911006814,6.64736894054388
2021-12-17,57235.87290826993926624123715127642304,6.53078667733523,0.000137018702154816,0.00164360565180132,5.76399006020227,6.53078667733523
2021-12-18,59259.1755234093812132814670260211776,6.25205109802831,0.000134933004366674,0.00160910142937646,5.56442551662745,6.25205109802831
2021-12-19,,6.4730626890789,0.000138004053350273,0.00163219184286516,5.76185287042281,6.4730626890789
2021-12-20,,6.20674078094804,0.000132406439403075,0.00157628875246956,5.51946019236642,6.20674078094804
2021-12-21,,6.37921866844861,0.00013585881805995,0.00161922489558596,5.65715276441304,6.37921866844861
2021-12-22,,6.86346169705854,0.000139836456581775,0.0017035158377227,6.07565514501113,6.86346169705854
2021-12-23,,7.23172779659185,0.00014851953363793,0.00181486801725197,6.38548074594702,7.23172779659185
2021-12-24,,7.81278606358614,0.000154058930984089,0.00190469834346983,6.89892509337099,7.81278606358614
2021-12-25,72249.1288504485395772154534856316085,7.56952216512634,0.000149053773733586,0.00187125199940927,6.6904448017304,7.56952216512634
2021-12-26,70953.11513565146336410380478438078736,7.9164669116765,0.000156481446028035,0.00193088268857046,7.00569020527407,7.9164669116765
2021-12-27,75701.86651586823282669312794370457157,7.77446035943824,0.000153045660021941,0.00191002159995842,6.86781173235163,7.77446035943824
2021-12-28,,8.29478958376813,0.000163294903370284,0.00205093789331001,7.32330714887499,8.29478958376813
2021-12-29,,7.28165678249735,0.000152741594927058,0.00191314920795358,6.44101317327569,7.28165678249735
2021-12-30,,6.76719098100626,0.000145623932687222,0.0018598013272049,5.96253668064042,6.76719098100626
2021-12-31,,6.82949176464015,0.000144992243061458,0.00184180771316346,6.03286795959844,6.82949176464015
2022-01-01,,6.82984935796658,0.000147337548717755,0.00185243793342121,6.00817280817281,6.82984935796658
2022-01-02,,7.34744757223318,0.000154487933618203,0.00195355784672108,6.46355900874108,7.34744757223318
2022-01-03,,7.40658340625207,0.000156413586871633,0.00193264008714692,6.51961026039983,7.40658340625207
2022-01-04,,7.29756940952278,0.000157094299388914,0.00193803877692169,6.4589131692527,7.29756940952278
2022-01-05,,7.81601457166287,0.000170261429683725,0.00205866598441365,6.92861180311398,7.81601457166287
2022-01-06,,7.12617362704083,0.000163703631620722,0.00200977424506241,6.30909800512125,7.12617362704083
2022-01-07,,7.0388147301532,0.000163143362901859,0.00206221065036626,6.2355632812445,7.0388147301532
2022-01-08,,6.52820982618825,0.00015725781568512,0.00204637941082178,5.74837577091026,6.52820982618825
2022-01-09,55225.83360149789798565817470435821747,6.11196381830799,0.000146219884647411,0.00197613996837626,5.38444793354401,6.11196381830799
2022-01-10,50843.30659595677847158870393383210813,6.20350502022181,0.000148102735581545,0.00196634527074274,5.46657163830519,6.20350502022181
2022-01-11,,5.71121678286699,0.0001365765948647,0.00185437197543727,5.04274793881556,5.71121678286699
2022-01-12,62226.71850357563805575501409330891861,6.17474446508598,0.000144377073458227,0.00190463651233364,5.43645055371197,6.17474446508598
2022-01-13,56424.01664842131806844285145519330664,6.98991278998803,0.000159002492422961,0.00207240681573445,6.11736263229239,6.98991278998803
2022-01-14,56852.74436691721824611217185156489361,6.33809664269272,0.000148687842381526,0.00194834222824157,5.53469312127842,6.33809664269272
2022-01-15,58221.30046167783869026943406850038358,6.38625552741303,0.000148163880418734,0.00193013122170375,5.59486008802357,6.38625552741303
2022-01-16,56164.85723706629084364607207286955932,6.54346886973214,0.000151445788140084,0.0019623851950753,5.73826949980205,6.54346886973214
2022-01-17,,6.31234603125356,0.000146224525732758,0.0018807272616176,5.53362203855012,6.31234603125356
2022-01-18,,5.87851285529822,0.000139264059092888,0.00183067349666117,5.15523355329946,5.87851285529822
2022-01-19,,5.81664499459252,0.000137084046937672,0.00183734000919698,5.13561800994997,5.81664499459252
2022-01-20,,5.42975892293329,0.000129936705361986,0.00174847840251855,4.78826471106544,5.42975892293329
2022-01-21,,5.10142660617616,0.000125169565570724,0.00169377066584184,4.5121692545383,5.10142660617616
2022-01-22,31918.69097002449995575684897853560108,4.27133252779617,0.000117047542171346,0.00166520072590832,3.76863415125697,4.27133252779617
2022-01-23,32139.69312971050189085497708533399668,3.87767167841294,0.000110802044767018,0.00161513880475855,3.42408063938823,3.87767167841294
2022-01-24,30978.35094701242963354229244451870415,3.90452033007874,0.000107648394561132,0.00154116026062518,3.44470657410177,3.90452033007874
2022-01-25,,3.77037107266255,0.000102847772316108,0.00154578962407055,3.33049449534315,3.77037107266255
2022-01-26,33227.66320652476315590770382545489519,4.16606683302451,0.000112740871392591,0.00169463770594904,3.68754338932364,4.16606683302451
2022-01-27,32376.68268365966118588971977516560844,4.07527028838779,0.000110663381817632,0.0016518412103983,3.62701263416638,4.07527028838779
2022-01-28,32875.90285399320656720896007126210439,3.97090015500604,0.000107258033006575,0.00164588405845342,3.56339820925514,3.97090015500604
2022-01-29,34242.99430059528738738529592215631596,4.03791525480579,0.000106911264807732,0.00158626442928837,3.62134340202699,4.03791525480579
2022-01-30,,4.20582545430556,0.000110423054400882,0.00162186867695027,3.77841368419733,4.20582545430556
2022-01-31,,4.03056726236367,0.000106113617356847,0.00154395015650039,3.61787730528795,4.03056726236367
2022-02-01,,4.12879503376916,0.000107345506066531,0.00153700051375154,3.6765203334651,4.12879503376916
2022-02-02,31241.1250216758990170129307797084913,4.17221461194168,0.000107564671429454,0.00149243354463592,3.70192463679265,4.17221461194168
2022-02-03,31081.31528492745638945524602296804808,3.83938415681915,0.000103929126260909,0.00142906090157368,3.399072107648,3.83938415681915
2022-02-04,32125.53944946926537126369610127139196,3.81974430803164,0.000103075723433949,0.0014302658434162,3.34065888956569,3.81974430803164
2022-02-05,35333.88469274042454991378903747580574,4.25812132832298,0.000103654602305743,0.00143374362295958,3.71653611600191,4.25812132832298
2022-02-06,,4.68337561332837,0.000112829092740739,0.00155201492009932,4.09355253092817,4.68337561332837
2022-02-07,,4.85993363377321,0.000114734118672132,0.00159374891918133,4.24456845577346,4.85993363377321
2022-02-08,,5.01603790138283,0.000114289233600086,0.00159473513108577,4.38730820210492,5.01603790138283
2022-02-09,37029.45347863177676552178188725339274,4.81591377794824,0.000109037636212564,0.00154028685039316,4.21988188647729,4.81591377794824
2022-02-10,34313.50677858397811181828604537478278,4.91319063645187,0.000110644804341406,0.00151561042711953,4.30185596258512,4.91319063645187
2022-02-11,,4.55282982519989,0.00010438836272107,0.00147792015848289,3.99082958909024,4.55282982519989
2022-02-12,30546.71525332527965624183645857759794,4.09361059993947,0.0000966446987584706,0.00139996509827009,3.60540534476418,4.09361059993947
2022-02-13,29660.9720488742111152651595591142479,4.05536455885473,0.0000961591630591825,0.0013931957398415,3.5771198435736,4.05536455885473
2022-02-14,30929.78090196853210525732980221682826,3.93777379435555,0.0000933219170895921,0.00136695197123441,3.46868972346546,3.93777379435555
2022-02-15,33620.73511985538420010829794688125448,4.10859222151739,0.0000963414300938271,0.00139924212637513,3.63441493232798,4.10859222151739
2022-02-16,,4.46604815058172,0.000100333782627718,0.00140651495030326,3.9320229987386,4.46604815058172
2022-02-17,31295.88151429770770261093809387318954,4.56763292432908,0.000103655041533838,0.00145441630737887,4.01476589837985,4.56763292432908
2022-02-18,30395.53665944477190566760826690188392,4.16580258285146,0.000102580647478125,0.00144246076242874,3.66666867863962,4.16580258285146
2022-02-19,30178.11002052259933245405742423487215,4.04595745498408,0.000101037238480665,0.00145291445202241,3.57360947746496,4.04595745498408
2022-02-20,,4.01701574092535,0.000100185231166592,0.00145670969933805,3.54760164188486,4.01701574092535
2022-02-21,,3.84511202202311,0.0000997393046776104,0.00145847676723747,3.39686028555874,3.84511202202311
2022-02-22,27230.650999282017403822970809890648,3.52877275837759,0.0000951202041423238,0.0013683395399445,3.12086804043878,3.52877275837759
2022-02-23,26272.218606397026859243295352953536,3.63599596241367,0.00009517667712894,0.00137924119381163,3.20918675690371,3.63599596241367
2022-02-24,25749.4116223166815523603968414289498,3.50802045749944,0.0000940279615350416,0.00135351149050898,3.10151253870852,3.50802045749944
2022-02-25,27335.15231581675067356578052767958638,3.44049923438767,0.0000898683019171107,0.00132630323104691,3.06985172206496,3.44049923438767
2022-02-26,28284.73130607559959964090918021861293,3.67723739864806,0.0000935118219454693,0.00131867262431807,3.25812436579753,3.67723739864806
2022-02-27,25882.72853537840019826412572981744308,3.80497867975041,0.0000974222233425615,0.00136983847577731,3.37867060783569,3.80497867975041
2022-02-28,28517.89191912257556026355176452044353,3.48185136302596,0.000092443163860753,0.00133175566106123,3.11770825933267,3.48185136302596
2022-03-01,39179.91122629287521668652636354775157,3.98696029282261,0.0000923350886367766,0.00136799042159543,3.55326832456757,3.98696029282261
2022-03-02,38647.79482816529077406328445594942367,5.47757003843609,0.000123551078261294,0.00184458867403276,4.92299679359031,5.47757003843609
2022-03-03,,5.40317719914379,0.000122842518762875,0.00182869871525812,4.86000046376732,5.40317719914379
2022-03-04,,5.32032164592111,0.000125205325237568,0.00187536413125221,4.80705053083593,5.32032164592111
2022-03-05,,5.27583942038031,0.000134909854057047,0.00201535413983342,4.82542878043951,5.27583942038031
2022-03-06,,4.78581894579193,0.000121517188180536,0.00179723010520138,4.38116376620073,4.78581894579193
2022-03-07,,4.67411286418364,0.000121723772972046,0.00182732133989939,4.29335728768796,4.67411286418364
2022-03-08,28970.57443172039998025788488720667368,4.29360101438243,0.000112554877794488,0.00171675324351084,3.95445275991838,4.29360101438243
2022-03-09,39295.04939778554526372685617536224902,4.07589502382888,0.000105250995263434,0.00158117409464152,3.74093851371104,4.07589502382888
2022-03-10,37889.13093651519975980118274199057814,5.52845428312182,0.000131663084304677,0.002027323988142,4.99435477851745,5.52845428312182
2022-03-11,40243.68368008634054605621461637094325,5.33065440608774,0.000135013917972972,0.00204129245604845,4.84783634442505,5.33065440608774
2022-03-12,,5.66191845587325,0.000145830400828003,0.00220943691771689,5.18845537788071,5.66191845587325
2022-03-13,,6.57115214214023,0.000168702477681086,0.00254875404606603,6.03227725017272,6.57115214214023
2022-03-14,,6.39388323881511,0.000169113139077327,0.00254079224594517,5.85114116409328,6.39388323881511
2022-03-15,53313.06922831077794868935973905531385,7.30347074677057,0.000184202940752302,0.00282055066017775,6.6784982074402,7.30347074677057
2022-03-16,54184.1091002806965887082727056039475,7.51110584167833,0.000190846389668427,0.00286548136900603,6.85042670867926,7.51110584167833
2022-03-17,,7.6338238311955,0.000185729813949435,0.00275697245230814,6.92685536071022,7.6338238311955
2022-03-18,,7.8975595220986,0.000192781309996239,0.00280446024784685,7.11565287069125,7.8975595220986
2022-03-19,,8.80787326110281,0.000210583101862699,0.00298986858232238,7.96037170418996,8.80787326110281
2022-03-20,,8.76550427599326,0.000207747036648707,0.00297253805393754,7.92516117377412,8.76550427599326
2022-03-21,,8.60611401029546,0.000208407110598612,0.003007222055292,7.78930439551376,8.60611401029546
2022-03-22,,8.70472062977731,0.000211977146751083,0.00300337537906603,7.897628211733,8.70472062977731
2022-03-23,,8.61670344333107,0.000203304838717097,0.00289478016256563,7.81372594686613,8.61670344333107
2022-03-24,57284.7465278783874182269442659958653,8.42317671235785,0.000197106221839702,0.0027880907510072,7.64811253496911,8.42317671235785
2022-03-25,66583.48941920909151227243543316389025,8.18986996149274,0.000186240947174566,0.00263333639761037,7.43606725412178,8.18986996149274
2022-03-26,73599.587700330587535531381920719359,9.51929008990845,0.000214654491434037,0.00306633158609971,8.66888403754115,9.51929008990845
2022-03-27,,10.5223657085022,0.000236351819279017,0.00334506276228825,9.57670043847164,10.5223657085022
2022-03-28,,10.3922005613975,0.000222163774475289,0.00315993423175787,9.45761547440089,10.3922005613975
2022-03-29,,10.1498796687756,0.000214932116608409,0.0030330014046057,9.2284339410345,10.1498796687756
2022-03-30,,11.9088171339521,0.000250903631742474,0.00350396177733916,10.7338077513646,11.9088171339521
2022-03-31,79966.7158928098658960756245673697458,12.0104898508314,0.000254873715927475,0.00354391112026941,10.7585232951257,12.0104898508314
2022-04-01,86750.8110430700958194392581940574204,11.4684295158979,0.000251709242113504,0.00349456796886249,10.3604212659318,11.4684295158979
2022-04-02,80126.4105862111697422983307841047929,12.4413707726602,0.000269000655373188,0.00360983582329745,11.2632742530711,12.4413707726602
2022-04-03,,11.5014294852697,0.000250358188611417,0.00333184943270012,10.4141624866236,11.5014294852697
2022-04-04,,11.2278539186066,0.000241768355554409,0.00318834307380543,10.1701014146015,11.2278539186066
2022-04-05,,11.0857072516222,0.000237569514589141,0.00314451940431244,10.1001649128753,11.0857072516222
2022-04-06,64202.6858668558843651176645523971165,10.8885983956771,0.000238298865043961,0.00317882345051014,9.98436493400752,10.8885983956771
2022-04-07,68109.39737672383940413352394674975175,9.28916769546246,0.000214505973135913,0.00291772398951217,8.53008448609148,9.28916769546246
2022-04-08,59632.6648618297703483403156780280335,9.85441037749317,0.000226179157397949,0.00304318581882854,9.06370226416954,9.85441037749317
2022-04-09,,8.62795405752354,0.000204347021984673,0.00270828245029242,7.93644407376203,8.62795405752354
2022-04-10,,9.35515193801007,0.000219187767200948,0.00287147266395135,8.61111909149255,9.35515193801007
2022-04-11,,8.93796885194817,0.000211477163906252,0.00277737814162139,8.21450446605487,8.93796885194817
2022-04-12,,7.7068037587394,0.000194891737069587,0.00258158549280907,7.08664505154824,7.7068037587394
2022-04-13,58090.769954961968146980242507290023,7.81074820152638,0.000194799399317698,0.00257954565775505,7.21791887165173,7.81074820152638
2022-04-14,56264.62566702034774576558510914550475,8.61680570158452,0.000209385874821446,0.0027630903398602,7.91421733320841,8.61680570158452
2022-04-15,57127.38537587094105738732299827116075,8.34592737574289,0.000209084667536855,0.00276374700935296,7.71918430473083,8.34592737574289
2022-04-16,53838.821577725127083671516253682097,8.47390352038833,0.000209091077829437,0.00278808525011062,7.85066225263209,8.47390352038833
2022-04-17,51739.3348191821660522171803625249795,7.98609942848428,0.000197482214818621,0.00260502187148349,7.3974959671437,7.98609942848428
2022-04-18,54522.17845484917381588137560559512925,7.67467526444858,0.000193293464796234,0.00256119019120658,7.09968766673644,7.67467526444858
2022-04-19,60760.62513141847419003345832202075925,8.20923410361527,0.000201113660753485,0.0026842921549145,7.62147960292723,8.20923410361527
2022-04-20,60722.1463772299252237986583010243235,9.14853753319647,0.00022050160678667,0.00294697666240457,8.48299323736542,9.14853753319647
2022-04-21,,9.14274390737114,0.000220862460274968,0.0029698340797273,8.42886087601106,9.14274390737114
2022-04-22,,8.62724040862667,0.000213242075610101,0.00289087490557157,7.96343091104046,8.62724040862667
2022-04-23,,8.49285854409948,0.000213721480870813,0.00286539790595294,7.87121341287972,8.49285854409948
2022-04-24,,8.23697577314858,0.000208096637759936,0.00280034523026064,7.64356221026277,8.23697577314858
2022-04-25,56087.8629844942037707246817568615945,7.83614341201259,0.00019832490584989,0.00267978175570116,7.25344374322949,7.83614341201259
2022-04-26,51064.3923052682824047908742762697725,8.44497433264718,0.000208653131564895,0.0028035759582734,7.88212315829443,8.44497433264718
2022-04-27,,7.6886060438679,0.000201944849536072,0.0027445756206606,7.22756915392158,7.6886060438679
2022-04-28,49944.89128616670989817122121873588525,7.65646538346003,0.000195225672566853,0.00265219083585325,7.25140029754169,7.65646538346003
2022-04-29,45160.1851213578062868223978747082505,7.52004627231271,0.000189193123494296,0.00256298262529351,7.16102008796899,7.52004627231271
2022-04-30,40200.81716316844182633399990377522625,6.79962801066062,0.000176112795305551,0.00241496028657477,6.45096054411812,6.79962801066062
2022-05-01,,6.05291146835555,0.000160494676366963,0.00221740099787838,5.7476833820196,6.05291146835555
2022-05-02,,6.41150329660338,0.000166709104685899,0.00226627650745658,6.08212367263162,6.41150329660338
2022-05-03,41182.6518917732141655439970798219655,6.33015238857144,0.000164137895200508,0.00221215826301824,6.02367109357145,6.33015238857144
2022-05-04,48982.0061546213680509556963254804105,6.20074325656722,0.000164456731374277,0.00222974234183055,5.89638283298482,6.20074325656722
2022-05-05,44404.41471913912631694187343038704825,7.37506766573902,0.000186042459189384,0.00251128939338829,6.94956923128228,7.37506766573902
2022-05-06,41946.83168435732934931865388798164325,6.68583402193483,0.000183163375251127,0.00243419068701517,6.34908592029217,6.68583402193483
2022-05-07,,6.31580342093263,0.000175229683941573,0.00234137049290183,5.99074717269148,6.31580342093263
2022-05-08,,5.89357156390867,0.000165975373201395,0.00223535085256654,5.59184583753394,5.89357156390867
2022-05-09,,5.74979161473771,0.000168819030737593,0.00228199225140267,5.46066126870963,5.74979161473771
2022-05-10,,4.62705751679073,0.000151916389575961,0.002049228868833,4.3824533550864,4.62705751679073
2022-05-11,20083.22898724522637292762613137502454,4.41185822428277,0.000142360553909195,0.00188305375213353,4.19036570339124,4.41185822428277
2022-05-12,19093.84706341362068498748910090857818,3.10764525984823,0.000107917251325753,0.00150252985115818,2.9538513738929,3.10764525984823
2022-05-13,20869.16108745673040820376069871484228,2.95454995591441,0.000101773268961774,0.00150861382132185,2.84345789982533,2.95454995591441
2022-05-14,21907.93676175681566021579527180493436,3.22925907838986,0.000110266553366867,0.00160177387502994,3.10704894885139,3.22925907838986
2022-05-15,,3.46154302068543,0.000115185359402227,0.00168601481922422,3.32939758942477,3.46154302068543
2022-05-16,,3.7348558064159,0.000119773632144168,0.00174610502398162,3.59049023235329,3.7348558064159
2022-05-17,,3.19289941383343,0.0001068230448429,0.00157859620638074,3.06002992348251,3.19289941383343
2022-05-18,,3.41167143768156,0.000112085210689635,0.00163013179086542,3.23422506102276,3.41167143768156
2022-05-19,,2.97460324026005,0.000103388149364938,0.00154845963810686,2.83853208609845,2.97460324026005
2022-05-20,,3.05083926761755,0.000100827907917973,0.00151303374173725,2.88250081200146,3.05083926761755
2022-05-21,,2.88757962350281,0.0000988076689355384,0.00147173007018024,2.7354793389573,2.88757962350281
2022-05-22,,2.9676417986092,0.000100871308695388,0.00150353640299539,2.81052459852611,2.9676417986092
2022-05-23,,3.11079719203974,0.000102558683810483,0.00152149620005683,2.94253975229309,3.11079719203974
2022-05-24,18079.92126987099696977962590487594848,2.95481466185304,0.000101581033758262,0.00149943365508371,2.76645745981161,2.95481466185304
2022-05-25,18290.22597433976568702448227581207904,3.06258212946883,0.000103313142681874,0.0015484757029595,2.85375014992468,3.06258212946883
2022-05-26,,3.09820592561459,0.000104749592699424,0.00159345817564811,2.89894952745125,3.09820592561459
2022-05-27,,2.69453668564537,0.000091861858601083,0.00149060358974362,2.51478384505861,2.69453668564537
2022-05-28,,2.41797323652645,0.0000845089383976326,0.00140475451135063,2.25390895120765,2.41797323652645
2022-05-29,,2.57242395524184,0.0000885652554698242,0.00143417737974661,2.39831309237509,2.57242395524184
2022-05-30,,2.68778966603658,0.0000913280110849238,0.00148409952709832,2.50590594808329,2.68778966603658
2022-05-31,,3.29890410947889,0.000103948474605382,0.00165234423585897,3.06219111399784,3.29890410947889
2022-06-01,,3.19102812496982,0.000100247779554042,0.00163867930367292,2.97270874064443,3.19102812496982
2022-06-02,,2.80088533772633,0.000093907753095131,0.00153251721869528,2.62930741189305,2.80088533772633
2022-06-03,,2.90387495976075,0.0000951956939202267,0.00158215778754408,2.70268340099716,2.90387495976075
2022-06-04,,2.72426170345692,0.0000918414159712737,0.0015362367867029,2.54332480943668,2.72426170345692
2022-06-05,,2.95547444738233,0.0000992022692269325,0.0016427988249233,2.75933531773156,2.95547444738233
2022-06-06,,2.8216361376153,0.0000943204924667898,0.00156263678435035,2.63210364082621,2.8216361376153
2022-06-07,,3.11376455714835,0.0000993743745805913,0.00167672189890468,2.91398493293321,3.11376455714835
2022-06-08,,2.90086565847334,0.0000930509267337888,0.00160042694269061,2.71029234361651,2.90086565847334
2022-06-09,,2.86654434916515,0.0000948293066738118,0.00159740419631615,2.67552702949994,2.86654434916515
2022-06-10,,2.81238647802981,0.000093545139008732,0.0015736427596576,2.6486626546547,2.81238647802981
2022-06-11,,2.63185568264641,0.0000905338653723858,0.00158306813770143,2.50344027290164,2.63185568264641
2022-06-12,,2.46332651450597,0.000086856766725518,0.00161054269790901,2.344389815312,2.46332651450597
2022-06-13,10278.62939773602070819368503531063382,2.25884767521038,0.0000841902262304219,0.00155849657634978,2.15175490413003,2.25884767521038
2022-06-14,10993.56530341606176505691889008154448,1.79872448851674,0.0000806015312195882,0.00150878964725889,1.72789256356369,1.79872448851674
2022-06-15,11326.39047458484876072638655056463103,1.92383579193136,0.0000871584036724104,0.00159582301332893,1.84390626276842,1.92383579193136
2022-06-16,9314.10510919609568511003211535828223,2.02595419997833,0.0000899592824776745,0.00164909586674221,1.93823819149216,2.02595419997833
2022-06-17,9610.43071527416045162483590166516814,1.66601623062153,0.0000820286416936699,0.00156867032611671,1.5801767934697,1.66601623062153
2022-06-18,8771.53604495387338208598150058225407,1.71902006335554,0.0000839983395994694,0.00158141703274155,1.63866877640577,1.71902006335554
2022-06-19,,1.56896677104777,0.0000825169730132804,0.0015803610202162,1.4955868707366,1.56896677104777
2022-06-20,,1.76961603600708,0.0000863551896686804,0.00157387495674445,1.68794621902118,1.76961603600708
2022-06-21,,1.83113769558147,0.0000890127697509179,0.00163147143727504,1.74172236115523,1.83113769558147
2022-06-22,,1.84288182373629,0.0000890777451129612,0.00163840765753313,1.75041519786919,1.84288182373629
2022-06-23,,1.77441531221351,0.000088706712970318,0.00168592858716496,1.6802991470896,1.77441531221351
2022-06-24,,2.17469599297888,0.000103080314400466,0.00189971526472048,2.06610284354082,2.17469599297888
2022-06-25,,2.29498955378879,0.00010775065770987,0.00185991697803392,2.17552926525414,2.29498955378879
2022-06-26,,2.41396373537678,0.000112442945306233,0.00194288503438442,2.28919654990328,2.41396373537678
2022-06-27,,2.16298815660449,0.000102673711292156,0.00179617262300353,2.04838975236905,2.16298815660449
2022-06-28,,2.05478594059537,0.0000990208096769919,0.00171962749839283,1.94191173991514,2.05478594059537
2022-06-29,,1.9627574944119,0.0000968630617118839,0.00171749638781297,1.86507433914487,1.9627574944119
2022-06-30,,1.92469308459294,0.0000958467237852659,0.00175638735087093,1.84167184520151,1.92469308459294
2022-07-01,,1.81363290564865,0.0000938106423649088,0.00174130091679847,1.72927731527089,1.81363290564865
2022-07-02,,1.81686230551783,0.0000939341930951804,0.00170420903868182,1.74210085612591,1.81686230551783
2022-07-03,,1.81806267952972,0.0000945340364402023,0.00170467204984958,1.7439797043123,1.81806267952972
2022-07-04,,1.94489665673223,0.000100894621804769,0.00181139287413479,1.86409753016259,1.94489665673223
2022-07-05,,2.1590712268784,0.000106745741421362,0.00187718829595421,2.06897190785009,2.1590712268784
2022-07-06,,2.10495611912264,0.000104240102325625,0.00185531100336975,2.04966261137287,2.10495611912264
2022-07-07,,2.29290337055592,0.000111517960617043,0.00192677742494058,2.2527430641724,2.29290337055592
2022-07-08,,2.37504914565979,0.000109694848640111,0.00191776700452433,2.33587852268623,2.37504914565979
2022-07-09,,2.26579904752787,0.000103870044878404,0.00184020820397834,2.22591010038346,2.26579904752787
2022-07-10,,2.49325847804772,0.000115508140317938,0.00204898702944991,2.44924708054446,2.49325847804772
2022-07-11,,2.27396689630632,0.000109161204577394,0.00194855409469231,2.23625465642192,2.27396689630632
2022-07-12,,2.00746856987649,0.000100517523024356,0.0018307328887867,1.99840189356563,2.00746856987649
2022-07-13,,1.98066945871678,0.000102417588310695,0.00190392392922532,1.97499553187643,1.98066945871678
2022-07-14,,2.07567335547722,0.00010298283290268,0.00187011516082856,2.06804377786073,2.07567335547722
2022-07-15,,2.25271700180371,0.000109605802988316,0.00189180401389002,2.24717264598257,2.25271700180371
2022-07-16,,2.18188204805568,0.000104738435674386,0.00176606773908227,2.16316968741872,2.18188204805568
2022-07-17,,2.26499018491162,0.000106856755027062,0.00167456472124856,2.24704652938237,2.26499018491162
2022-07-18,,2.16957408194285,0.000104166779586477,0.00161270806461719,2.14890041710267,2.16957408194285
2022-07-19,,2.64303602811821,0.000118491472627684,0.00168505326068843,2.60547236255861,2.64303602811821
2022-07-20,,2.81364276571603,0.000120389301596135,0.00182032209528134,2.74952721753735,2.81364276571603
2022-07-21,,2.63667028907572,0.000113254481120208,0.001731037655428,2.59054111836076,2.63667028907572
2022-07-22,,2.9765795260327,0.000128564569070141,0.00188569375304623,2.91068342863439,2.9765795260327
2022-07-23,,2.6647929116079,0.000117360305888884,0.00173422843551176,2.61201172420023,2.6647929116079
2022-07-24,,2.62523913352961,0.000116757939627216,0.00169321237676855,2.572887821084,2.62523913352961
2022-07-25,,2.63669590830593,0.000116393164389664,0.00164451760645089,2.58431415882889,2.63669590830593
2022-07-26,,2.38821241982785,0.00011102735826066,0.00163387859632962,2.33993261636022,2.38821241982785
2022-07-27,,2.30656488971041,0.000108894438735019,0.00161162264405119,2.27627509553574,2.30656488971041
2022-07-28,,2.72582181535267,0.000119039759180693,0.00166988396202772,2.67124468468997,2.72582181535267
2022-07-29,,2.85672431945247,0.000119836294343201,0.00165644525243495,2.80181825588752,2.85672431945247
2022-07-30,,2.72377136290566,0.000113723889938371,0.00155993828442968,2.66382912695225,2.72377136290566
2022-07-31,,2.63400661842558,0.000111499729940169,0.00155591635688816,2.57848773575647,2.63400661842558
2022-08-01,,2.60053972753823,0.000111342719298134,0.00154546342912652,2.54803218001832,2.60053972753823
2022-08-02,,2.57056450363536,0.000110175977414813,0.00157140393574032,2.50564400037795,2.57056450363536
2022-08-03,,2.61459665654007,0.000113522999238244,0.00159372955049363,2.57479348965619,2.61459665654007
2022-08-04,,2.66502134776169,0.000116836951156786,0.00164891779132422,2.62364624904499,2.66502134776169
2022-08-05,14950.39892508940001546389052842697722,2.58076041921389,0.000114049962226495,0.00160599802073761,2.51968463587481,2.58076041921389
2022-08-06,14371.3211578145460332908983392790011,2.73979605281609,0.000117845903529134,0.00158770954401607,2.69076673120412,2.73979605281609
2022-08-07,14906.42627792409588024025804306084923,2.6782041164303,0.000116462518871213,0.00157956369839632,2.62995563729857,2.6782041164303
2022-08-08,15475.87871558857590926720923088084477,2.77792499244879,0.000119977799443001,0.0016364963542497,2.73068431191859,2.77792499244879
2022-08-09,,2.88404675021321,0.000121159851021328,0.00162384314719813,2.82793320094989,2.88404675021321
2022-08-10,,2.69998757100507,0.000116447580343106,0.00158450695572453,2.64624633636098,2.69998757100507
2022-08-11,15003.00968757661982187094037539561032,2.92199966433802,0.00012214155921611,0.00157875100643315,2.83696609173536,2.92199966433802
2022-08-12,,2.85157207619512,0.000119140961252963,0.0015183175512376,2.76551546536852,2.85157207619512
2022-08-13,,2.9614367662286,0.000121388722568132,0.00151497301290199,2.8853207521106,2.9614367662286
2022-08-14,,2.91038057535002,0.000119149842610187,0.00146897104178237,2.83806259190749,2.91038057535002
2022-08-15,,2.80344128999254,0.000115300566920941,0.00144780433547718,2.73353308001397,2.80344128999254
2022-08-16,,2.69451362661859,0.000111880035538612,0.00141686297963092,2.65213913614115,2.69451362661859
2022-08-17,,2.63599362843687,0.000110436699421602,0.00140465279919429,2.59102764526918,2.63599362843687
2022-08-18,,2.48299308049152,0.000106400238007645,0.00135445297297395,2.44039546391591,2.48299308049152
2022-08-19,10601.27680949979483354416851894180199,2.41841764914262,0.000104147103111346,0.00130781784896617,2.39609145864287,2.41841764914262
2022-08-20,,2.09788693742809,0.000100344879064767,0.00129831730176935,2.08942476051993,2.09788693742809
2022-08-21,10868.1106184621449621817754879338624,2.08949743986096,0.0000988098334894693,0.00132596192549306,2.08228565321874,2.08949743986096
2022-08-22,10547.10023348637216941762180764004352,2.1743061802738,0.000100877172054404,0.00134097416924811,2.16808393399283,2.1743061802738
2022-08-23,10845.4378991982633317426764335602912,2.11008389836224,0.0000990599301238188,0.00131229048710286,2.12226735154365,2.11008389836224
2022-08-24,,2.16977020936315,0.000100757796246666,0.00130404059173353,2.17702056071993,2.16977020936315
2022-08-25,10922.57155962595430840101735360772672,2.18993463603875,0.000102214115000748,0.00132023558380266,2.19600083342607,2.18993463603875
2022-08-26,9732.20028349842875840364499332419008,2.18520179636689,0.00010122373699407,0.00128913011430105,2.19131708265308,2.18520179636689
2022-08-27,9747.79252285799015076834961713682688,1.94705261723471,0.0000961689565454168,0.00129045446692851,1.95575629102734,1.94705261723471
2022-08-28,,1.95017204650756,0.0000972945982420171,0.00130633060194752,1.95915970443642,1.95017204650756
2022-08-29,,1.85387991298183,0.0000942321411461464,0.00128659601042049,1.86615974982583,1.85387991298183
2022-08-30,,1.9572599206099,0.000096554868814017,0.00126251860157446,1.95735103065519,1.9572599206099
