time,AdrActCnt,AdrBalCnt,AssetCompletionTime,AssetEODCompletionTime,CapMVRVCur,CapMrktCurUSD,IssTotNtv,IssTotUSD,PriceBTC,PriceUSD,ROI30d,SplyCur,TxCnt,TxTfrCnt,volume_reported_spot_usd_1d
2017-08-28,2,1,1614334987,1614334987,,,100000000000,,,,,100000000000,0,0,
2017-08-29,3,3,1614334987,1614334987,,,0,,,,,100000000000,2,2,
2017-08-30,3,5,1614334987,1614334987,,,0,,,,,100000000000,2,2,
2017-08-31,4,6,1614334987,1614334987,,,0,,,,,100000000000,3,3,
2017-09-01,17,19,1614334987,1614334987,,,0,,,,,100000000000,26,25,
2017-09-02,15,29,1614334987,1614334987,,,0,,,,,100000000000,15,15,
2017-09-03,316,328,1614334987,1614334987,,,0,,,,,100000000000,423,423,
2017-09-04,1011,1243,1614334987,1614334987,,,0,,,,,100000000000,1360,1359,
2017-09-05,1043,2069,1614334987,1614334987,,,0,,,,,100000000000,1397,1397,
2017-09-06,1336,2222,1614334987,1614334987,,,0,,,,,100000000000,1540,1540,
2017-09-07,603,2283,1614334987,1614334987,,,0,,,,,100000000000,686,685,
2017-09-08,462,2329,1614334987,1614334987,,,0,,,,,100000000000,526,526,
2017-09-09,441,2448,1614334988,1614334988,,,0,,,,,100000000000,468,468,
2017-09-10,550,2612,1614334988,1614334988,,,0,,,,,100000000000,531,531,
2017-09-11,803,2825,1614334988,1614334988,,,0,,,,,100000000000,642,642,
2017-09-12,365,2940,1614334988,1614334988,,,0,,,,,100000000000,329,329,
2017-09-13,391,3080,1614334988,1614334988,,,0,,,,,100000000000,384,384,
2017-09-14,283,3169,1614334988,1614334988,,,0,,,,,100000000000,334,334,
2017-09-15,176,3239,1614334988,1614334988,,,0,,,,,100000000000,169,169,
2017-09-16,151,3284,1614334988,1614334988,,,0,,,,,100000000000,204,204,
2017-09-17,187,3331,1614334988,1614334988,,,0,,,,,100000000000,258,258,
2017-09-18,383,3453,1614334988,1614334988,,,0,,,,,100000000000,463,463,
2017-09-19,303,3551,1614334988,1614334988,,,0,,,,,100000000000,377,377,
2017-09-20,264,3659,1614334988,1614334988,,,0,,,,,100000000000,310,310,
2017-09-21,252,3732,1614334988,1614334988,,,0,,,,,100000000000,363,363,
2017-09-22,1776,5373,1614334988,1614334988,,,0,,,,,100000000000,1801,1801,
2017-09-23,4172,9459,1614334988,1614334988,,,0,,,,,100000000000,5616,5616,
2017-09-24,4846,14219,1614334988,1614334988,,,0,,,,,100000000000,4857,4856,
2017-09-25,7860,21870,1614334988,1614334988,,,0,,,,,100000000000,7873,7873,
2017-09-26,8948,30607,1614334988,1614334988,,,0,,,,,100000000000,8941,8941,
2017-09-27,9973,40361,1614334988,1614334988,,,0,,,,,100000000000,9973,9973,
2017-09-28,8419,48554,1614334988,1614334988,,,0,,,,,100000000000,8415,8415,
2017-09-29,8326,56705,1614334988,1614334988,,,0,,,,,100000000000,8322,8322,
2017-09-30,3209,59791,1614334988,1614334988,,,0,,,,,100000000000,3185,3185,
2017-10-01,6684,66300,1614334988,1614334988,,,0,,,,,100000000000,6692,6692,
2017-10-02,6955,72838,1614334988,1614334988,,,0,,,,,100000000000,7092,7092,
2017-10-03,7935,80222,1614334988,1614334988,,,0,,,,,100000000000,7973,7973,
2017-10-04,5742,85646,1614334989,1614334989,,,0,,,,,100000000000,5840,5840,
2017-10-05,5786,91160,1614334989,1614334989,,,0,,,,,100000000000,5926,5926,
2017-10-06,3723,94674,1614334989,1614334989,,,0,,,,,100000000000,3777,3777,
2017-10-07,5316,99771,1614334989,1614334989,62.03565103,278167094.463996,0,0,0.0000006266639392168314,0.00278167094463996,,100000000000,5353,5353,
2017-10-08,6904,106450,1614334989,1614334989,59.52645603,252996590.547829,0,0,0.0000005499041496201049,0.00252996590547829,,100000000000,6946,6946,
2017-10-09,7605,113810,1614334989,1614334989,44.24466803,209554115.624531,0,0,0.00000043862395706695737,0.00209554115624531,,100000000000,7631,7631,
2017-10-10,7658,121277,1614334989,1614334989,34.58075028,264973330.497121,0,0,0.0000005588883693746345,0.00264973330497121,,100000000000,7637,7637,
2017-10-11,8473,129579,1614334989,1614334989,32.94784464,249481428.642592,0,0,0.0000005181373465809469,0.00249481428642592,,100000000000,8473,8473,
2017-10-12,7664,137081,1614334989,1614334989,33.02417475,249845174.644068,0,0,0.00000046321933259664636,0.00249845174644068,,100000000000,7662,7662,
2017-10-13,7604,144512,1614334989,1614334989,31.27740253,222503330.142992,0,0,0.0000003963310616283783,0.00222503330142992,,100000000000,7579,7579,
2017-10-14,5036,149413,1614334989,1614334989,31.97669533,238433591.346067,0,0,0.00000041210573026966196,0.00238433591346067,,100000000000,5022,5022,
2017-10-15,9310,158591,1614334989,1614334989,31.15787784,233202105.167956,0,0,0.00000040985524739977886,0.00233202105167956,,100000000000,9283,9283,
2017-10-16,31487,189934,1614334989,1614334989,29.62748979,225905951.399438,0,0,0.00000039246023475991625,0.00225905951399438,,100000000000,31481,31481,
2017-10-17,39398,229155,1614334989,1614334989,27.32304521,201093254.417267,0,0,0.00000035971069549970816,0.00201093254417267,,100000000000,39390,39390,
2017-10-18,28705,257674,1614334989,1614334989,28.23632367,216927666.894214,0,0,0.00000038848979355413557,0.00216927666894214,,100000000000,28689,28689,
2017-10-19,18245,275749,1614334989,1614334989,26.02415524,184424309.243516,0,0,0.00000032308023322511457,0.00184424309243516,,100000000000,18233,18231,
2017-10-20,20468,296024,1614334989,1614334989,27.13143827,202485760.806726,0,0,0.0000003374266027331963,0.00202485760806726,,100000000000,20495,20495,
2017-10-21,9094,304977,1614334989,1614334989,30.06169415,233836952.010569,0,0,0.00000038777593769461707,0.00233836952010569,,100000000000,9113,9113,
2017-10-22,252,305011,1614334989,1614334989,31.53144823,256858231.707827,0,0,0.00000042833991166681237,0.00256858231707827,,100000000000,299,299,
2017-10-23,226,305046,1614334989,1614334989,27.76315728,253406644.418276,0,0,0.0000004303598585342481,0.00253406644418276,,100000000000,252,252,
2017-10-24,223,305086,1614334989,1614334989,27.16173866,268589816.033695,0,0,0.0000004867719304174917,0.00268589816033695,,100000000000,318,318,
2017-10-25,370,305183,1614334989,1614334989,29.17735858,317203718.877398,0,0,0.0000005530033724618723,0.00317203718877398,,100000000000,507,507,
2017-10-26,295,305230,1614334989,1614334989,26.9271779,289727672.932255,0,0,0.0000004910374088891041,0.00289727672932255,,100000000000,385,385,
2017-10-27,277,305292,1614334989,1614334989,28.20957566,301648979.312436,0,0,0.0000005226123549331102,0.00301648979312436,,100000000000,386,385,
2017-10-28,371,305432,1614334990,1614334990,27.93705531,302820001.656283,0,0,0.0000005255112487077757,0.00302820001656283,,100000000000,475,475,
2017-10-29,470,305633,1614334990,1614334990,20.00725649,297632727.413782,0,0,0.0000004820174859388387,0.00297632727413782,,100000000000,666,666,
2017-10-30,4466,305712,1614334990,1614334990,20.25844944,264289646.062255,0,0,0.00000043189830508474563,0.00264289646062255,,100000000000,4830,4830,
2017-10-31,783,305850,1614334990,1614334990,18.49487063,269872217.53827,0,0,0.00000041980493593762714,0.0026987221753827,,100000000000,755,755,
2017-11-01,4264,305911,1614334990,1614334990,17.08138765,244217435.447268,0,0,0.0000003630723801225644,0.00244217435447268,,100000000000,4252,4252,
2017-11-02,8697,305969,1614334990,1614334990,16.54244293,237252818.820087,0,0,0.00000033682609088086745,0.00237252818820087,,100000000000,8710,8710,
2017-11-03,27591,306028,1614334990,1614334990,14.23125446,230700802.628796,0,0,0.0000003204786674459376,0.00230700802628796,,100000000000,27600,27600,
2017-11-04,54933,306060,1614334990,1614334990,13.78247166,222069316.342008,0,0,0.0000002992647043224297,0.00222069316342008,,100000000000,54906,54906,
2017-11-05,68167,306099,1614334990,1614334990,14.70677371,243130169.965997,0,0,0.0000003298407057346721,0.00243130169965997,,100000000000,68169,68169,
2017-11-06,52316,306137,1614334990,1614334990,13.74339167,217165713.788674,0,0,0.0000003108912113273071,0.00217165713788674,-21.929761603494626,100000000000,52329,52329,
2017-11-07,50509,306184,1614334990,1614334990,14.06482994,224047143.558992,0,0,0.00000031475241422157583,0.00224047143558992,-11.442623367433919,100000000000,50551,50551,
2017-11-08,35532,306180,1614334990,1614334990,13.86246851,237715331.70707,0,0,0.0000003190290473682263,0.0023771533170707,13.438636601629392,100000000000,35564,35564,
2017-11-09,225,306219,1614334990,1614334990,13.42113821,229495665.86538,0,0,0.00000032242780538368426,0.0022949566586538,-13.389145452933239,100000000000,272,272,
2017-11-10,185,306257,1614334990,1614334990,12.16003776,202387857.449357,0,0,0.0000003056956408222923,0.00202387857449357,-18.87658390023949,100000000000,282,282,
2017-11-11,172,306281,1614334990,1614334990,11.43848237,195988627.847494,0,0,0.00000030880294561164927,0.00195988627847494,-21.55596836052512,100000000000,207,207,
2017-11-12,192,306314,1614334990,1614334990,10.83600782,184345318.518941,0,0,0.0000003162501710754049,0.00184345318518941,-17.149411471517627,100000000000,205,205,
2017-11-13,168,306346,1614334990,1614334990,12.08102139,213287911.167391,0,0,0.0000003271565379205152,0.00213287911167391,-10.54619864454379,100000000000,230,230,
2017-11-14,314,306416,1614334990,1614334990,13.54868381,248771715.065478,0,0,0.00000037736284391485395,0.00248771715065478,6.676444831537216,100000000000,392,392,
2017-11-15,273,306491,1614334990,1614334990,12.69886984,232967753.912561,0,0,0.00000032100836914701136,0.00232967753912561,3.1259922411856316,100000000000,333,333,
2017-11-16,237,306551,1614334990,1614334990,12.04896152,219072148.727775,0,0,0.00000027965332441508456,0.00219072148727775,8.940575536761624,100000000000,392,392,
2017-11-17,211,306592,1614334990,1614334990,11.25296597,201975562.166171,0,0,0.000000261320601309448,0.00201975562166171,-6.892668391318867,100000000000,260,260,
2017-11-18,173,306631,1614334990,1614334990,11.35518231,206108862.170282,0,0,0.0000002643724787845431,0.00206108862170282,11.757968901015891,100000000000,205,205,
2017-11-19,175,306706,1614334990,1614334990,11.09790392,200888331.237699,0,0,0.00000025053666352626727,0.00200888331237699,-0.7889095819195576,100000000000,202,202,
2017-11-20,207,306774,1614334990,1614334990,11.83720074,215708345.346905,0,0,0.0000002608363061294862,0.00215708345346905,-7.752669758903055,100000000000,246,246,
2017-11-21,222,306825,1614334990,1614334990,11.85282008,216312109.496298,0,0,0.00000026731606614602997,0.00216312109496298,-15.785408916794902,100000000000,264,264,
2017-11-22,322,306947,1614334990,1614334990,12.56067527,234000705.914244,0,0,0.0000002836510638612104,0.00234000705914244,-7.658022759655959,100000000000,361,361,
2017-11-23,389,307098,1614334991,1614334991,11.5715273,212471518.359054,0,0,0.0000002632311814767715,0.00212471518359054,-20.893680372304534,100000000000,608,608,
2017-11-24,271,307094,1614334991,1614334991,10.57107933,199623097.079833,0,0,0.0000002424840332550446,0.00199623097079833,-37.06785727912948,100000000000,406,406,
2017-11-25,219,307152,1614334991,1614334991,10.61963846,201180253.099145,0,0,0.00000022965348591637994,0.00201180253099145,-30.562292837596644,100000000000,243,243,
2017-11-26,224,307217,1614334991,1614334991,11.10309222,214774361.889567,0,0,0.00000023044698494903847,0.00214774361889567,-28.799904319546098,100000000000,271,271,
2017-11-27,250,307286,1614334991,1614334991,10.77635252,210730235.365984,0,0,0.00000021656162089470404,0.00210730235365984,-30.410727754643457,100000000000,346,346,
2017-11-28,348,307428,1614334991,1614334991,11.53657513,234430807.217189,0,0,0.00000023603123636967907,0.00234430807217189,-21.234869144187545,100000000000,487,487,
2017-11-29,446,307612,1614334991,1614334991,10.43713003,207838794.323624,0,0,0.00000021207980612978836,0.00207838794323624,-21.359463974360036,100000000000,633,633,
2017-11-30,244,307682,1614334991,1614334991,11.08208397,223710068.653463,0,0,0.00000022378358218800908,0.00223710068653463,-17.105187523892056,100000000000,324,324,
2017-12-01,263,307745,1614334991,1614334991,9.51549896,206880880.437137,0,0,0.000000191397611196316,0.00206880880437137,-15.288243012523486,100000000000,384,382,
2017-12-02,223,307816,1614334991,1614334991,9.46426911,206339411.543217,0,0,0.00000018869872299546275,0.00206339411543217,-13.02973234653628,100000000000,268,268,
2017-12-03,356,307737,1614334991,1614334991,9.61630036,209795923.820777,0,0,0.00000018708489089565887,0.00209795923820777,-9.06146774081906,100000000000,378,378,
2017-12-04,332,307721,1614334991,1614334991,8.93198529,214679548.121232,0,0,0.00000018567476298044803,0.00214679548121232,-3.327685401343366,100000000000,443,441,
2017-12-05,233,307711,1614334991,1614334991,8.17691353,208691661.267962,0,0,0.0000001778103725040666,0.00208691661267962,-14.164638104292612,100000000000,240,240,
2017-12-06,281,307837,1614334991,1614334991,11.50806036,314817807.178956,0,0,0.000000224996304774292,0.00314817807178956,44.966625572077284,100000000000,386,386,
2017-12-07,1464,307720,1614334991,1614334991,10.28879415,385066117.173141,0,0,0.00000022608001674452065,0.00385066117173141,71.86834478510208,100000000000,1961,1961,
2017-12-08,617,307825,1614334991,1614334991,9.97025099,419130048.477188,0,0,0.0000002571588637445021,0.00419130048477188,76.31595129659972,100000000000,878,878,
2017-12-09,398,307977,1614334991,1614334991,9.55730021,450207411.779953,0,0,0.00000029914070102515367,0.00450207411779953,96.17251161686009,100000000000,504,504,
2017-12-10,1235,307574,1614334991,1614334991,9.0322007,432248968.216837,0,0,0.0000002793208277704859,0.00432248968216837,113.57455613412853,100000000000,1407,1407,
2017-12-11,609,307740,1614334991,1614334991,10.18105854,517776772.082603,0,0,0.0000003068579962983793,0.00517776772082603,164.18715094301507,100000000000,845,845,
2017-12-12,912,308060,1614334991,1614334991,11.2785445,770133319.032583,0,0,0.0000004417439363497505,0.00770133319032583,317.7666811503292,100000000000,1380,1380,
2017-12-13,1570,308482,1614334991,1614334991,13.92081325,1559813179.15828,0,0,0.0000009444739746369687,0.0155981317915828,631.3181373575924,100000000000,2407,2404,
2017-12-14,2834,309959,1614334991,1614334991,10.08698909,1710962892.7309,0,0,0.0000010305209537867956,0.017109628927309,587.7642389049597,100000000000,4226,4221,
2017-12-15,2231,311286,1614334991,1614334991,9.3788678,1745667521.77268,0,0,0.0000009861412877475997,0.0174566752177268,649.3172305845707,100000000000,3302,3300,
2017-12-16,2911,312899,1614334991,1614334991,11.16325478,3563094194.73244,0,0,0.0000018141552791771224,0.0356309419473244,1526.447823433748,100000000000,4297,4294,
2017-12-17,3421,314752,1614334992,1614334992,9.51982803,3530300016.01044,0,0,0.0000018338775348482234,0.0353030001601044,1647.8847332559776,100000000000,4980,4978,
2017-12-18,4140,315708,1614334992,1614334992,5.7977443,4377685808.58295,0,0,0.0000023062269715634884,0.0437768580858295,2023.96777241253,100000000000,5807,5802,
2017-12-19,3533,317836,1614334992,1614334992,1.90582981,4161526413.09976,0,0,0.0000023573610955917924,0.0416152641309976,1971.5620401942,100000000000,5220,5216,
2017-12-20,3066,319569,1614334992,1614334992,2.07667692,4653168471.66754,0,0,0.000002828050251797027,0.0465316847166754,2057.157371071691,100000000000,5221,5218,
2017-12-21,5001,322457,1614334992,1614334992,1.90467056,4643198183.31072,0,0,0.000002969967755262109,0.0464319818331072,2046.527161203698,100000000000,8877,8872,
2017-12-22,4044,324347,1614334992,1614334992,1.59534074,3732825484.20948,0,0,0.0000026093240440904743,0.0373282548420948,1495.2197535581267,100000000000,6644,6636,
2017-12-23,3763,326297,1614334992,1614334992,2.07085262,5200573306.79378,0,0,0.0000034877760020273357,0.0520057330679378,2347.656677449526,100000000000,5346,5335,
2017-12-24,3070,327743,1614334992,1614334992,1.55031429,3655001117.91102,0,0,0.0000026058111586624587,0.0365500111791102,1730.951012872682,100000000000,4439,4438,
2017-12-25,2684,329161,1614334992,1614334992,1.42137878,3317370580.92385,0,0,0.0000023559293970889266,0.0331737058092385,1548.954372917005,100000000000,4281,4280,
2017-12-26,3135,330738,1614334992,1614334992,1.51784348,3637695836.73471,0,0,0.0000023130045064654325,0.0363769583673471,1593.7290860652845,100000000000,4683,4682,
2017-12-27,3190,332429,1614334992,1614334992,1.48095418,3539301831.90502,0,0,0.000002299890636108009,0.0353930183190502,1579.541536010799,100000000000,4417,4416,
2017-12-28,3845,334383,1614334992,1614334992,1.61203786,3917825060.42793,0,0,0.0000027417601479614206,0.0391782506042793,1571.2074265897363,100000000000,5430,5426,
2017-12-29,4570,336094,1614334992,1614334992,1.46812471,3552168245.77494,0,0,0.0000024377094040463774,0.0355216824577494,1609.0977925150437,100000000000,6250,6252,
2017-12-30,4187,338341,1614334992,1614334992,1.50130658,3646743966.75842,0,0,0.0000028162977701886535,0.0364674396675842,1530.1206238541688,100000000000,5734,5734,
2017-12-31,3965,340757,1614334992,1614334992,1.75791118,4389112347.72899,0,0,0.0000031527625981568622,0.0438911234772899,2021.5649983965864,100000000000,6417,6417,
2018-01-01,4382,343293,1614334992,1614334992,1.96127885,5074842259.21531,0,0,0.0000037690106300482356,0.0507484225921531,2359.4633769964025,100000000000,7298,7297,
2018-01-02,9703,349470,1614334992,1614334992,2.59034021,7778504790.7299,0,0,0.000005272017706223363,0.077785047907299,3607.6529653525904,100000000000,14866,14864,
2018-01-03,10785,357342,1614334992,1614334992,2.95419193,9467321725.07655,0,0,0.0000063072226767971995,0.0946732172507655,4309.978411045585,100000000000,15325,15322,
2018-01-04,16952,367908,1614334992,1614334992,4.70806242,20987078262.424,0,0,0.000013926117695206156,0.20987078262424,9956.500645455306,100000000000,23752,23743,
2018-01-05,15513,376411,1614334992,1614334992,3.24417762,21045874215.9904,0,0,0.000012381945426080777,0.210458742159904,6585.0965021896045,100000000000,18994,18979,
2018-01-06,14140,378485,1614334992,1614334992,2.55991015,17009580771.0661,0,0,0.000009945035800931742,0.170095807710661,4317.314329273463,100000000000,15482,15459,
2018-01-07,12272,384995,1614334992,1614334992,2.16457288,19184070600.1081,0,0,0.000011818895439323443,0.191840706001081,4477.116498759509,100000000000,14413,14404,
2018-01-08,14092,393558,1614334992,1614334992,1.80005175,14970604906.1247,0,0,0.000010022219250455725,0.149706049061247,3225.2684239329787,100000000000,16735,16729,
2018-01-09,13306,400924,1614334992,1614334992,1.51580733,12163417090.4149,0,0,0.000008459397124650144,0.121634170904149,2713.9840658481667,100000000000,15427,15420,
2018-01-10,11723,406577,1614334992,1614334992,1.61869674,13175098550.7803,0,0,0.000008981538806093469,0.131750985507803,2444.551872766982,100000000000,13971,13964,
2018-01-11,11874,412340,1614334992,1614334992,1.3628078,10698876695.0408,0,0,0.00000811335066247242,0.106988766950408,1289.223973386892,100000000000,14625,14614,
2018-01-12,9040,416163,1614334992,1614334992,1.36447279,10859432666.7815,0,0,0.000007875178238829186,0.108594326667815,596.200853530521,100000000000,12131,12124,
2018-01-13,8117,419387,1614334993,1614334993,1.27793124,10232170061.1953,0,0,0.00000718994325137937,0.102321700611953,498.0357671500136,100000000000,11903,11898,
2018-01-14,7676,422122,1614334993,1614334993,1.093262,8537501875.48895,0,0,0.000006240377914821713,0.0853750187548895,389.06803666825044,100000000000,9536,9529,
2018-01-15,8350,425479,1614334993,1614334993,0.99471211,7674442016.10152,0,0,0.00000564641962640584,0.0767444201610152,115.38700906215612,100000000000,9831,9830,
2018-01-16,6822,427519,1614334993,1614334993,0.71199883,5341710308.52192,0,0,0.000004672987111725047,0.0534171030852192,51.310378276533505,100000000000,7714,7707,
2018-01-17,6806,429948,1614334993,1614334993,0.97089386,7581933490.76587,0,0,0.000006794085499700142,0.0758193349076587,73.19501266858003,100000000000,7948,7946,
2018-01-18,7701,433196,1614334993,1614334993,1.0365849,8171128620.15559,0,0,0.000007265783170015529,0.0817112862015559,96.34931534819295,100000000000,9359,9352,
2018-01-19,5590,434879,1614334993,1614334993,1.00984126,8041957048.85253,0,0,0.000007029525700285815,0.0804195704885253,72.8275496109549,100000000000,6709,6707,
2018-01-20,4390,436857,1614334993,1614334993,1.06833075,8565451506.70863,0,0,0.00000670831774578445,0.0856545150670863,84.47309738998136,100000000000,5077,5070,
2018-01-21,3840,438081,1614334993,1614334993,0.8954328,7099032795.30082,0,0,0.000006215012924949112,0.0709903279530082,90.17853433896119,100000000000,4563,4559,
2018-01-22,4409,439455,1614334993,1614334993,0.89589974,7094633691.09214,0,0,0.000006607434152330321,0.0709463369109214,36.42022278243922,100000000000,5018,5015,
2018-01-23,3438,441213,1614334993,1614334993,0.86905993,6862735788.15251,0,0,0.000006325456638025667,0.0686273578815251,87.76289163147617,100000000000,3791,3790,
2018-01-24,4491,442410,1614334993,1614334993,0.88307612,6984203297.62778,0,0,0.000006221510682894164,0.0698420329762778,110.53431105314617,100000000000,5946,5940,
2018-01-25,3342,443997,1614334993,1614334993,0.86418914,6823403871.10862,0,0,0.000006130385301382231,0.0682340387110862,87.57488743845842,100000000000,4412,4410,
2018-01-26,3765,444830,1614334993,1614334993,0.83526146,6582284039.76518,0,0,0.000005964615529040788,0.0658228403976518,85.97690596572494,100000000000,4615,4611,
2018-01-27,3424,446644,1614334993,1614334993,0.86527645,6813128524.34592,0,0,0.0000060181489862146,0.0681312852434592,73.90078472778329,100000000000,4271,4269,
2018-01-28,3523,448407,1614334993,1614334993,0.82399446,6466311868.29996,0,0,0.000005566748323597835,0.0646631186829996,82.03844584195004,100000000000,4301,4299,
2018-01-29,5399,450445,1614334993,1614334993,0.80779457,6335441638.09691,0,0,0.000005690914645001228,0.0633544163809691,73.72872062988466,100000000000,6817,6811,
2018-01-30,5118,450842,1614334993,1614334993,0.69136888,5353273347.99259,0,0,0.000005375017057483732,0.0535327334799259,21.967106874411062,100000000000,5986,5982,
2018-01-31,3246,452056,1614334993,1614334993,0.69343887,5374663349.35589,0,0,0.000005347872754462879,0.0537466334935589,5.907988363503129,100000000000,3934,3954,
2018-02-01,3174,453281,1614334993,1614334993,0.59612621,4573918001.01092,0,0,0.00000505971932436079,0.0457391800101092,-41.19797925094902,100000000000,3649,3668,
2018-02-02,3484,454435,1614334993,1614334993,0.54373956,4137508480.43402,0,0,0.000004709164626642021,0.0413750848043402,-56.29694859239015,100000000000,4105,4134,
2018-02-03,2880,455335,1614334993,1614334993,0.59007857,4512935148.32882,0,0,0.000004941837024387051,0.0451293514832882,-78.4966011376203,100000000000,3449,3462,
2018-02-04,2249,456400,1614334993,1614334993,0.50717957,3845924852.94236,0,0,0.00000466142938679733,0.0384592485294236,-81.72599145337345,100000000000,2592,2607,
2018-02-05,3089,457603,1614334993,1614334993,0.39911666,2993009764.6671,0,0,0.000004369649124369189,0.029930097646671,-82.4039768824972,100000000000,3489,3511,
2018-02-06,3304,458505,1614334993,1614334993,0.47948573,3623909004.53635,0,0,0.000004682873412216804,0.0362390900453635,-81.10980156361637,100000000000,4261,4285,
2018-02-07,2391,459441,1614334993,1614334993,0.43607252,3284780213.5602,0,0,0.000004308137082352267,0.032847802135602,-78.05846701480749,100000000000,3119,3142,
2018-02-08,790,459573,1614334994,1614334994,0.50033254,3793166628.20804,0,0,0.000004615354763296316,0.0379316662820804,-68.81495882273775,100000000000,966,985,
2018-02-09,2632,460479,1614334994,1614334994,0.60451939,4638453578.43071,0,0,0.000005355901507521782,0.0463845357843071,-64.79378457358108,100000000000,3576,3644,
2018-02-10,4021,462273,1614334994,1614334994,0.62276223,4791395001.64075,0,0,0.000005616917392271495,0.0479139500164075,-55.2159059477554,100000000000,5019,5060,
2018-02-11,2548,463458,1614334994,1614334994,0.55247789,4225069238.74701,0,0,0.000005218242464850381,0.0422506923874701,-61.09309419384955,100000000000,3312,3386,
2018-02-12,3266,464127,1614334994,1614334994,0.60044404,4612332633.85066,0,0,0.000005177933781893287,0.0461233263385066,-54.92322150369091,100000000000,3837,3853,
2018-02-13,2035,465002,1614334994,1614334994,0.56268709,4306934322.14659,0,0,0.00000505273466749704,0.0430693432214659,-49.55275694273358,100000000000,2389,2397,
2018-02-14,1970,465807,1614334994,1614334994,0.59856484,4596681373.59914,0,0,0.000004855323980623365,0.0459668137359914,-40.10403148587247,100000000000,2306,2325,
2018-02-15,1885,466521,1614334994,1614334994,0.60592935,4661024028.99399,0,0,0.000004611800856369697,0.0466102402899399,-12.742852760884357,100000000000,2239,2263,
2018-02-16,2105,467363,1614334994,1614334994,0.67977819,5264069327.83577,0,0,0.000005166263445090908,0.0526406932783577,-30.570884929985937,100000000000,2898,2949,
2018-02-17,2423,468232,1614334994,1614334994,0.70796146,5496162144.44938,0,0,0.000004957930044914008,0.0549616214444938,-32.73680540418755,100000000000,2888,2899,
2018-02-18,1890,469092,1614334994,1614334994,0.64214263,4958757728.17424,0,0,0.000004744272954149459,0.0495875772817424,-38.338918026405246,100000000000,2150,2163,
2018-02-19,2059,470054,1614334994,1614334994,0.66497091,5144956382.28967,0,0,0.000004618719885362558,0.0514495638228967,-39.933623134051494,100000000000,2236,2245,
2018-02-20,2203,471043,1614334994,1614334994,0.60435536,4653104421.63521,0,0,0.0000041375888544262875,0.0465310442163521,-34.45438898781654,100000000000,2420,2429,
2018-02-21,1829,471807,1614334994,1614334994,0.57332891,4411185936.20587,0,0,0.000004217652583466325,0.0441118593620587,-37.823626584915104,100000000000,1936,1948,
2018-02-22,1872,472611,1614334994,1614334994,0.48922358,4018783921.2995,0,0,0.000004068353166416518,0.040187839212995,-41.44049770592464,100000000000,2064,2070,
2018-02-23,1570,473239,1614334994,1614334994,0.51737914,4260993714.36171,0,0,0.00000419427718737814,0.0426099371436171,-38.990983899208985,100000000000,1726,1743,
2018-02-24,1692,473890,1614334994,1614334994,0.49416646,4065812906.80181,0,0,0.000004197357338686254,0.0406581290680181,-40.413714568221444,100000000000,1839,1862,
2018-02-25,1517,474509,1614334994,1614334994,0.485174,3989160880.04006,0,0,0.000004153979367235776,0.0398916088004006,-39.395491656990664,100000000000,1611,1621,
2018-02-26,1792,475210,1614334994,1614334994,0.51059772,4172227470.71711,0,0,0.000004045849019341929,0.0417222747071711,-38.76194385871128,100000000000,1966,2003,
2018-02-27,1820,475978,1614334994,1614334994,0.52175807,4269129262.57775,0,0,0.000004007026721646255,0.0426912926257775,-33.978914881812926,100000000000,1983,2013,
2018-02-28,1939,476698,1614334994,1614334994,0.52863105,4327698682.20336,0,0,0.000004198785484961801,0.0432769868220336,-31.69065505742157,100000000000,2250,2283,
2018-03-01,2366,477561,1614334994,1614334994,0.5849393,4835323328.8178,0,0,0.000004426479977218259,0.048353233288178,-9.675388972412826,100000000000,3150,3213,
2018-03-02,11953,481892,1614334994,1614334994,0.63956393,5292653661.35645,0,0,0.000004805361871905902,0.0529265366135645,-1.5258572057218767,100000000000,20907,20797,
2018-03-03,7816,479369,1614334994,1614334994,0.59321549,4889175440.09689,0,0,0.000004279110913425545,0.0488917544009689,6.892503079773009,100000000000,11088,10679,
2018-03-04,2704,480087,1614334994,1614334994,0.57851288,4759460453.73959,0,0,0.00000415217091271261,0.0475946045373959,15.032041051921368,100000000000,4191,4202,
2018-03-05,3810,480271,1614334995,1614334995,0.56949561,4680714492.62187,0,0,0.000004055845637453459,0.0468071449262187,3.717743304048594,100000000000,5664,5667,
2018-03-06,2490,480960,1614334995,1614334995,0.53323164,4367713122.70188,0,0,0.00000409075462266733,0.0436771312270188,13.567302787008995,100000000000,3824,3837,
2018-03-07,2842,481853,1614334995,1614334995,0.47510049,3872851486.28916,0,0,0.0000039107525251875275,0.0387285148628916,29.396553663429852,100000000000,4640,4671,
2018-03-08,4299,482816,1614334995,1614334995,0.44770401,3638148414.49646,0,0,0.000003899210102252198,0.0363814841449646,0.3929295670030777,100000000000,7233,7245,
2018-03-09,2732,483619,1614334995,1614334995,0.45792081,3723256908.53845,0,0,0.000004012934958769102,0.0372325690853845,13.348737707568215,100000000000,4458,4474,
2018-03-10,2211,484426,1614334995,1614334995,0.42901234,3480346047.41955,0,0,0.000003960988008745831,0.0348034604741955,-8.246950673407987,100000000000,3181,3212,
2018-03-11,2037,485066,1614334995,1614334995,0.47412264,3860371222.67072,0,0,0.000004057767234214088,0.0386037122267072,-16.77460693749645,100000000000,2860,2893,
2018-03-12,2347,485836,1614334995,1614334995,0.44468085,3609947175.79817,0,0,0.000003946207381736317,0.0360994717579817,-24.65770042833055,100000000000,3503,3545,
2018-03-13,2288,486261,1614334995,1614334995,0.4428141,3593517107.08036,0,0,0.0000039228210963547554,0.0359351710708036,-14.947734486215031,100000000000,3390,3392,
2018-03-14,9189,480811,1614334995,1614334995,0.38528642,3109823833.43031,0,0,0.000003782261868514751,0.0310982383343031,-32.575898567965226,100000000000,11405,11338,
2018-03-15,3440,481186,1614334995,1614334995,0.3754075,3023571893.2873,0,0,0.0000036566962616156235,0.030235718932873,-29.79758530934964,100000000000,5926,5845,
2018-03-16,4212,482051,1614334995,1614334995,0.37843622,3042949306.00352,0,0,0.0000036325462545746295,0.0304294930600352,-33.80116961161196,100000000000,7699,7636,
2018-03-17,2463,482659,1614334995,1614334995,0.35127502,2818723612.66355,0,0,0.0000035763061662502945,0.0281872361266355,-39.525657985678144,100000000000,4016,4020,
2018-03-18,2345,483225,1614334995,1614334995,0.36152193,2902159250.09795,0,0,0.000003543965471830262,0.0290215925009795,-44.86852149245683,100000000000,3616,3640,
2018-03-19,3453,484066,1614334995,1614334995,0.40302942,3247329580.54589,0,0,0.0000038038229327769872,0.0324732958054589,-40.91641594261561,100000000000,6020,6020,
2018-03-20,2841,484893,1614334995,1614334995,0.46961357,3804802283.05824,0,0,0.0000042771987000221985,0.0380480228305824,-23.271059171928403,100000000000,4559,4627,
2018-03-21,4095,485359,1614334995,1614334995,0.45478164,3690327503.15617,0,0,0.000004155964108859571,0.0369032750315617,-28.272909837306415,100000000000,6930,6933,
2018-03-22,2946,486528,1614334995,1614334995,0.4646675,3774225295.49104,0,0,0.000004332878515704947,0.0377422529549104,-18.888016397347712,100000000000,4121,4144,
2018-03-23,3308,487156,1614334995,1614334995,0.49982762,4072290228.93556,0,0,0.000004642507978175308,0.0407229022893556,-7.682643900560658,100000000000,4691,4677,
2018-03-24,7408,488004,1614334995,1614334995,0.6071181,4993508940.44625,0,0,0.000005798996167462501,0.0499350894044625,24.254228100712773,100000000000,11038,11047,
2018-03-25,4711,487552,1614334995,1614334995,0.55217078,4519566277.39043,0,0,0.000005354548762946313,0.0451956627739043,6.06836293039343,100000000000,7875,7671,
2018-03-26,3578,487823,1614334995,1614334995,0.54786605,4482675114.85892,0,0,0.000005485955181522873,0.0448267511485892,10.252862529894822,100000000000,6529,6566,
2018-03-27,4350,486822,1614334995,1614334995,0.53272081,4361834148.77373,0,0,0.000005565505276406174,0.0436183414877373,9.342146881023442,100000000000,6097,6169,
2018-03-28,2637,487431,1614334995,1614334995,0.59276016,4879267850.71864,0,0,0.000006150097775967214,0.0487926785071864,16.946352636904667,100000000000,4220,4280,
2018-03-29,4398,488147,1614334996,1614334996,0.53073587,4343322522.15508,0,0,0.000006109979961160278,0.0434332252215508,1.7379014551677265,100000000000,7361,7458,
2018-03-30,3159,488776,1614334996,1614334996,0.50345507,4108030512.89566,0,0,0.000006012794031584356,0.0410803051289566,-5.075865614466952,100000000000,5347,5470,
2018-03-31,2950,489442,1614334996,1614334996,0.41808877,3385694771.45461,0,0,0.000004891010096584271,0.0338569477145461,-29.979971530003414,100000000000,6010,6169,
2018-04-01,2151,489948,1614334996,1614334996,0.39658235,3203790757.37694,0,0,0.000004708323967068292,0.0320379075737694,-39.467213190824154,100000000000,3934,4032,
2018-04-02,2229,490588,1614334996,1614334996,0.43580148,3531398105.5923,0,0,0.000005020997804175539,0.035313981055923,-27.771090465873787,100000000000,3975,4042,
2018-04-03,2693,491096,1614334996,1614334996,0.42980107,3481155558.10097,0,0,0.00000469107820758073,0.0348115555810097,-26.85818924357768,100000000000,4558,4622,
2018-04-04,1913,491601,1614334996,1614334996,0.37184261,2994253580.87151,0,0,0.000004415949158194469,0.0299425358087151,-36.02998889183905,100000000000,3281,3315,
2018-04-05,42665,474933,1614334996,1614334996,0.48919331,3898704014.66546,0,0,0.000005734718528893304,0.0389870401466546,-10.73809325064577,100000000000,57839,57097,
2018-04-06,13350,473758,1614334996,1614334996,0.45736302,3627711545.99082,0,0,0.000005487808402203323,0.0362771154599082,-6.329701543325246,100000000000,18400,17875,
2018-04-07,7587,470092,1614334996,1614334996,0.46358088,3679838354.03111,0,0,0.000005343577531305205,0.0367983835403111,1.1459109081018568,100000000000,11173,10333,
2018-04-08,2839,470308,1614334996,1614334996,0.47192891,3750355832.21456,0,0,0.00000535001129301727,0.0375035583221456,0.727828466898565,100000000000,4767,4768,
2018-04-09,3121,470686,1614334996,1614334996,0.44795749,3547569558.94625,0,0,0.000005265883919690923,0.0354756955894625,1.931518033287015,100000000000,5892,5914,
2018-04-10,2894,470982,1614334996,1614334996,0.46283413,3673421151.88833,0,0,0.000005388840817887921,0.0367342115188833,-4.842800342218186,100000000000,5242,5313,
2018-04-11,2656,471302,1614334996,1614334996,0.45587921,3614504903.08333,0,0,0.000005204631182957879,0.0361450490308333,0.12625468083621802,100000000000,4768,4743,
2018-04-12,3257,472132,1614334996,1614334996,0.49571853,4006523416.2791,0,0,0.000005068770252187344,0.040065234162791,11.493094283174207,100000000000,6629,6691,
2018-04-13,3740,473232,1614334996,1614334996,0.4878401,3937960994.41402,0,0,0.000004972760226454341,0.0393796099441402,26.6297129786361,100000000000,7009,7078,
2018-04-14,2544,473901,1614334996,1614334996,0.49986745,4041664690.74312,0,0,0.000005048031116238764,0.0404166469074312,33.671856776950165,100000000000,4042,4085,
2018-04-15,2711,474456,1614334996,1614334996,0.53179099,4320860762.82002,0,0,0.000005179477758872521,0.0432086076282002,41.995818145746725,100000000000,4325,4385,
2018-04-16,2889,475034,1614334996,1614334996,0.50860018,4119946059.88083,0,0,0.0000051198648033588855,0.0411994605988083,46.163534493816194,100000000000,4127,4145,
2018-04-17,3488,475827,1614334996,1614334996,0.51822909,4204162714.7427,0,0,0.00000532999795020027,0.042041627147427,44.863267396536095,100000000000,5426,5503,
2018-04-18,4032,476630,1614334996,1614334996,0.57703967,4718579848.33,0,0,0.000005780565120121692,0.0471857984833,45.306465860382005,100000000000,6901,6990,
2018-04-19,5077,477541,1614334996,1614334996,0.59736982,4899232767.5418,0,0,0.0000059219776658944964,0.048992327675418,28.764450898191583,100000000000,8727,8827,
2018-04-20,4201,478221,1614334996,1614334996,0.64874588,5356276572.13408,0,0,0.00000605947834849111,0.0535627657213408,45.143664554246186,100000000000,6967,7048,
2018-04-21,3694,478735,1614334996,1614334996,0.6403861,5289287594.8038,0,0,0.000005967465707914267,0.052892875948038,40.14233864424475,100000000000,6277,6330,
2018-04-22,4076,478249,1614334996,1614334996,0.63212231,5215755406.4943,0,0,0.00000592634888412221,0.052157554064943,28.079167084749397,100000000000,5464,5507,
2018-04-23,4284,478268,1614334997,1614334997,0.69783155,5808204646.20736,0,0,0.000006503577103840798,0.0580820464620736,16.3150945653119,100000000000,6572,6654,
2018-04-24,8210,478465,1614334997,1614334997,0.86208405,7334504605.15841,0,0,0.0000075987796848530185,0.0733450460515841,62.2833731159112,100000000000,13616,13832,
2018-04-25,6676,479226,1614334997,1614334997,0.81847381,6940239776.54449,0,0,0.000007837200353184321,0.0694023977654449,54.82361756575605,100000000000,11777,12023,
2018-04-26,4458,480004,1614334997,1614334997,0.86181967,7347284052.64648,0,0,0.000007930383392909546,0.0734728405264648,68.44482852957783,100000000000,7065,7148,
2018-04-27,6430,482972,1614334997,1614334997,0.86860729,7419802423.42582,0,0,0.000008261361925938083,0.0741980242342582,52.06794647137476,100000000000,10743,10749,
2018-04-28,5500,483499,1614334997,1614334997,0.94616015,8171666970.19986,0,0,0.000008747399192359574,0.0817166697019986,88.14322280964812,100000000000,8169,8235,
2018-04-29,6514,485909,1614334997,1614334997,1.00706603,8768139943.83919,0,0,0.000009330788714984152,0.0876813994383919,113.43901697698739,100000000000,8148,9588,
2018-04-30,11111,490490,1614334997,1614334997,1.04913037,9190475235.72182,0,0,0.000009958551975745181,0.0919047523572182,171.45020021321292,100000000000,13133,16532,
2018-05-01,77747,562748,1614334997,1614334997,1.0541286,9235015677.38469,0,0,0.000010179501643197664,0.0923501567738469,188.25277231730746,100000000000,9589,81027,
2018-05-02,124493,680177,1614334997,1614334997,1.03349042,9086792458.83963,0,0,0.000009872518954208792,0.0908679245883963,157.31430405566124,100000000000,9697,127034,
2018-05-03,45552,720649,1614334997,1614334997,0.98572909,8620497592.62816,0,0,0.000008840901128321461,0.0862049759262816,147.6332197384132,100000000000,8678,48292,
2018-05-04,19957,736520,1614334997,1614334997,0.99222507,8684744584.50376,0,0,0.000008956444684121086,0.0868474458450376,190.04706348137591,100000000000,6927,22257,
2018-05-05,119428,850237,1614334997,1614334997,0.98952524,8658205104.83003,0,0,0.000008838577696783145,0.0865820510483003,122.07905684199456,100000000000,7661,121115,
2018-05-06,236549,1078846,1614334997,1614334997,0.96359617,8401817099.61719,0,0,0.000008756374233765601,0.0840181709961719,131.60102431248956,100000000000,9632,238355,
2018-05-07,4179,1080195,1614334997,1614334997,0.94751084,8247355542.90597,0,0,0.000008830607595909687,0.0824735554290597,124.12276707403016,100000000000,4098,4975,
2018-05-08,3798,1080636,1614334997,1614334997,0.95085615,8280806072.61545,0,0,0.000008988790507720705,0.0828080607261545,120.80054381734998,100000000000,4715,4752,
2018-05-09,4083,1081017,1614334997,1614334997,0.92270472,8007031117.4035,0,0,0.000008616156993297472,0.080070311174035,125.70469681732929,100000000000,5406,5481,
2018-05-10,4507,1081390,1614334997,1614334997,0.8554756,7357823506.61948,0,0,0.000008141409314462787,0.0735782350661948,100.29893666935455,100000000000,6206,6314,
2018-05-11,4091,1081849,1614334997,1614334997,0.76941011,6533823483.69212,0,0,0.000007760107865192984,0.0653382348369212,80.76676222291145,100000000000,6321,6432,
2018-05-12,3237,1082031,1614334997,1614334997,0.79228979,6748549655.28084,0,0,0.000007952779142857635,0.0674854965528084,68.43904188505377,100000000000,4869,4962,
2018-05-13,3572,1082434,1614334997,1614334997,0.86078729,7396158548.57503,0,0,0.000008505405369204139,0.0739615854857503,87.81695804164762,100000000000,5235,5318,
2018-05-14,3936,1083041,1614334997,1614334997,0.82743717,7077257344.56941,0,0,0.000008161915354359362,0.0707725734456941,75.10748382415046,100000000000,5696,5795,
2018-05-15,3637,1083479,1614334997,1614334997,0.79393138,6755081716.79351,0,0,0.000007957955853082486,0.0675508171679351,56.336482187053605,100000000000,4761,4834,
2018-05-16,3495,1083894,1614334997,1614334997,0.82984659,7094615363.35634,0,0,0.000008519239987130206,0.0709461536335634,72.201656532405,100000000000,5065,5140,
2018-05-17,3246,1084025,1614334997,1614334997,0.77829773,6617103202.07002,0,0,0.000008219476869992212,0.0661710320207002,57.39407941719008,100000000000,4305,4367,
2018-05-18,2994,1084234,1614334998,1614334998,0.80660233,6886266993.55713,0,0,0.00000836413783695066,0.0688626699355713,45.939397337830755,100000000000,4178,4219,
2018-05-19,3216,1084050,1614334998,1614334998,0.80520037,6873763711.78345,0,0,0.00000835260704163587,0.0687376371178345,40.302860425886124,100000000000,4033,4085,
2018-05-20,3914,1084145,1614334998,1614334998,0.88419564,7693385812.96079,0,0,0.000009038867490630645,0.0769338581296079,43.63309491868799,100000000000,6118,6228,
2018-05-21,5743,1084400,1614334998,1614334998,0.92208789,8098495699.67722,0,0,0.00000964264686921269,0.0809849569967722,53.111275469936416,100000000000,8054,8234,
2018-05-22,4921,1084157,1614334998,1614334998,0.84385906,7356978181.77531,0,0,0.000009187578901227345,0.0735697818177531,41.05297523374864,100000000000,6622,6731,
2018-05-23,4506,1084110,1614334998,1614334998,0.78773673,6803698073.30998,0,0,0.000009046427039509472,0.0680369807330998,17.139434433541474,100000000000,6182,6295,
2018-05-24,5294,1083399,1614334998,1614334998,0.8309228,7237273790.13094,0,0,0.000009553369235145348,0.0723727379013094,-1.3256630169553227,100000000000,7032,7186,
2018-05-25,4605,1082931,1614334998,1614334998,0.80565813,6988512341.74617,0,0,0.000009411661642634644,0.0698851234174617,0.6955460726994329,100000000000,5543,5655,
2018-05-26,4535,1082505,1614334998,1614334998,0.82999992,7233896500.9475,0,0,0.000009873869968056734,0.072338965009475,-1.5432580377525822,100000000000,5566,5675,
2018-05-27,4457,1082075,1614334998,1614334998,0.80486233,6981950725.69064,0,0,0.000009514536730539144,0.0698195072569064,-5.901123409334904,100000000000,5525,5605,
2018-05-28,6008,1081281,1614334998,1614334998,0.70134096,5965367272.3505,0,0,0.000008389136577754525,0.059653672723505,-26.99938342929557,100000000000,8644,8793,
2018-05-29,6216,1080113,1614334998,1614334998,0.74789417,6413795172.82936,0,0,0.000008604924000094717,0.0641379517282936,-26.85113132419923,100000000000,8288,8397,
2018-05-30,5738,1079728,1614334998,1614334998,0.71472401,6091890358.59133,0,0,0.000008260561006923632,0.0609189035859133,-33.71517574071486,100000000000,7506,7554,
2018-05-31,5236,1079525,1614334998,1614334998,0.70446259,5992504631.38335,0,0,0.000008012717563893755,0.0599250463138335,-35.11105080137345,100000000000,6992,7097,
2018-06-01,3678,1079445,1614334998,1614334998,0.68630066,5818344588.36418,0,0,0.000007737329366801349,0.0581834458836418,-35.96921449764053,100000000000,5112,5173,
2018-06-02,3423,1079216,1614334998,1614334998,0.71152668,6059014736.85135,0,0,0.000007933297269041546,0.0605901473685135,-29.713863129748656,100000000000,4589,4672,
2018-06-03,3625,1079133,1614334998,1614334998,0.72180732,6158703003.41913,0,0,0.000007996074680536035,0.0615870300341913,-29.085962822578125,100000000000,4604,4671,
2018-06-04,5626,1079245,1614334998,1614334998,0.69080784,5858023028.66286,0,0,0.000007824621860383464,0.0585802302866286,-32.34136916674649,100000000000,9833,9889,
2018-06-05,4918,1078877,1614334998,1614334998,0.70845753,6026265479.8392,0,0,0.00000791768076631339,0.060262654798392,-28.274260098880593,100000000000,7852,7941,
2018-06-06,3318,1078498,1614334998,1614334998,0.69597977,5906085232.48424,0,0,0.000007719589988481845,0.0590608523248424,-28.388133605269296,100000000000,4691,4801,
2018-06-07,3199,1078256,1614334998,1614334998,0.68970936,5845586690.90189,0,0,0.0000076253931933899105,0.0584558669090189,-29.407999177360384,100000000000,4440,4558,
2018-06-08,152375,1226089,1614334998,1614334998,0.6794028,5746675025.83367,0,0,0.000007538993609903613,0.0574667502583367,-28.22964040512949,100000000000,7581,154032,
2018-06-09,4145,1224498,1614334998,1614334998,0.67813339,5733479147.29481,0,0,0.000007587809510648969,0.0573347914729481,-22.07642460930635,100000000000,4822,4925,
2018-06-10,3077,1224424,1614334998,1614334998,0.5614969,4645621267.81772,0,0,0.0000068877735242548295,0.0464562126781772,-28.89888624305807,100000000000,4758,4952,
2018-06-11,4238,1223685,1614334998,1614334998,0.58005915,4811545666.36277,0,0,0.000007024715529858268,0.0481154566636277,-28.702522584276096,100000000000,5683,5818,
2018-06-12,3223,1223815,1614334999,1614334999,0.52311244,4290527455.63984,0,0,0.000006573808610774251,0.0429052745563984,-41.9897852721604,100000000000,4668,4787,
2018-06-13,5910,1221000,1614334999,1614334999,0.5029745,4108806772.75132,0,0,0.000006515179883521208,0.0410880677275132,-41.94351607259089,100000000000,7157,7209,
2018-06-14,5728,1219805,1614334999,1614334999,0.54531682,4486915154.73568,0,0,0.000006767829156489128,0.0448691515473568,-33.57718910222864,100000000000,7215,7277,
2018-06-15,3639,1220191,1614334999,1614334999,0.51606032,4224022547.44356,0,0,0.0000066003713888794255,0.0422402254744356,-40.46157076730868,100000000000,4630,4647,
2018-06-16,2741,1220148,1614334999,1614334999,0.52534571,4304304730.57837,0,0,0.00000662678334413987,0.0430430473057837,-34.951827119276906,100000000000,3228,3276,
2018-06-17,3856,1219066,1614334999,1614334999,0.51836775,4242546974.62912,0,0,0.000006576884584051233,0.0424254697462912,-38.39119251985879,100000000000,4320,4354,
2018-06-18,3927,1218565,1614334999,1614334999,0.54802333,4503871150.16024,0,0,0.000006718372701932351,0.0450387115016024,-34.477364381329934,100000000000,4713,4771,
2018-06-19,8529,1216801,1614334999,1614334999,0.59390274,4906789904.79936,0,0,0.000007288204210162729,0.0490678990479936,-36.22067027324881,100000000000,10238,10327,
2018-06-20,12035,1211807,1614334999,1614334999,0.60130679,4968621707.09329,0,0,0.000007357425642713863,0.0496862170709329,-38.647597142129456,100000000000,13201,13271,
2018-06-21,6503,1209709,1614334999,1614334999,0.59048949,4870334576.29928,0,0,0.000007247119179919836,0.0487033457629928,-33.79979584057946,100000000000,6682,6748,
2018-06-22,6578,1206499,1614334999,1614334999,0.52365943,4284720524.01043,0,0,0.000007070990814551494,0.0428472052401043,-37.02365275703768,100000000000,6512,6544,
2018-06-23,8015,1201268,1614334999,1614334999,0.53957948,4413653314.78719,0,0,0.000007148512983660943,0.0441365331478719,-39.01497383164031,100000000000,7915,7945,
2018-06-24,2945,1200587,1614334999,1614334999,0.51411673,4196268057.0508,0,0,0.000006827099648921749,0.041962680570508,-39.954773607764594,100000000000,2920,2946,
2018-06-25,69155,1132590,1614334999,1614334999,0.51589452,4207049110.70361,0,0,0.0000067382481455889214,0.0420704911070361,-41.84255870743287,100000000000,69328,69344,
2024-05-13,,,,,,,,,,,,,,,4.93611019017485
2024-05-14,,,,,,,,,,,,,,,16.7241115206
2024-05-15,,,,,,,,,,,,,,,0
2024-05-16,,,,,,,,,,,,,,,0
2024-05-17,,,,,,,,,,,,,,,0
2024-05-18,,,,,,,,,,,,,,,0
2024-05-19,,,,,,,,,,,,,,,0
2024-05-20,,,,,,,,,,,,,,,0
2024-05-21,,,,,,,,,,,,,,,0
2024-05-22,,,,,,,,,,,,,,,0
2024-05-23,,,,,,,,,,,,,,,0
2024-05-24,,,,,,,,,,,,,,,0
2024-05-25,,,,,,,,,,,,,,,0
2024-05-26,,,,,,,,,,,,,,,0
2024-05-27,,,,,,,,,,,,,,,0
2024-05-28,,,,,,,,,,,,,,,0
2024-05-29,,,,,,,,,,,,,,,0
2024-05-30,,,,,,,,,,,,,,,0
2024-05-31,,,,,,,,,,,,,,,0
2024-06-01,,,,,,,,,,,,,,,0
2024-06-02,,,,,,,,,,,,,,,0
2024-06-03,,,,,,,,,,,,,,,0
2024-06-04,,,,,,,,,,,,,,,0
2024-06-05,,,,,,,,,,,,,,,0
2024-06-06,,,,,,,,,,,,,,,0
2024-06-07,,,,,,,,,,,,,,,0
2024-06-08,,,,,,,,,,,,,,,0
2024-06-09,,,,,,,,,,,,,,,0
2024-06-10,,,,,,,,,,,,,,,0
2024-06-11,,,,,,,,,,,,,,,0
2024-06-12,,,,,,,,,,,,,,,0
2024-06-16,,,,,,,,,,,,,,,1.57162787724628
2024-06-17,,,,,,,,,,,,,,,0
2024-06-18,,,,,,,,,,,,,,,0
2024-06-19,,,,,,,,,,,,,,,0
2024-06-20,,,,,,,,,,,,,,,0
2024-06-21,,,,,,,,,,,,,,,0
2024-06-22,,,,,,,,,,,,,,,0
2024-06-23,,,,,,,,,,,,,,,0
2024-06-24,,,,,,,,,,,,,,,0
2024-06-25,,,,,,,,,,,,,,,0
2024-06-26,,,,,,,,,,,,,,,0
2024-06-27,,,,,,,,,,,,,,,0
2024-06-28,,,,,,,,,,,,,,,0
2024-06-29,,,,,,,,,,,,,,,1.22375643677784
2024-06-30,,,,,,,,,,,,,,,0
2024-07-01,,,,,,,,,,,,,,,0
2024-07-02,,,,,,,,,,,,,,,354.592771931071
2024-07-03,,,,,,,,,,,,,,,65.5916672993404
2024-07-04,,,,,,,,,,,,,,,77.3756207723598
2024-07-05,,,,,,,,,,,,,,,20.3575740847413
2024-07-06,,,,,,,,,,,,,,,737.25460219441
2024-07-07,,,,,,,,,,,,,,,28.3328958306988
2024-07-08,,,,,,,,,,,,,,,10.8216810418517
2024-07-09,,,,,,,,,,,,,,,0
2024-07-10,,,,,,,,,,,,,,,0
2024-07-11,,,,,,,,,,,,,,,10.2603620216266
2024-07-12,,,,,,,,,,,,,,,4.25965174768172
2024-07-13,,,,,,,,,,,,,,,429.444796685687
2024-07-14,,,,,,,,,,,,,,,797.263538884961
2024-07-15,,,,,,,,,,,,,,,13.4189019978155
2024-07-16,,,,,,,,,,,,,,,0
2024-07-17,,,,,,,,,,,,,,,118.902805448994
2024-07-18,,,,,,,,,,,,,,,105.564561404564
2024-07-19,,,,,,,,,,,,,,,50.6819530957139
2024-07-20,,,,,,,,,,,,,,,122.79290719547
2024-07-21,,,,,,,,,,,,,,,0
2024-07-22,,,,,,,,,,,,,,,0
2024-07-23,,,,,,,,,,,,,,,152.149564296533
2024-07-24,,,,,,,,,,,,,,,179.425207731241
2024-07-25,,,,,,,,,,,,,,,1403.12233991346
2024-07-26,,,,,,,,,,,,,,,164.389803973252
2024-07-27,,,,,,,,,,,,,,,340.353477050165
2024-07-28,,,,,,,,,,,,,,,16.6141637530093
2024-07-29,,,,,,,,,,,,,,,12.1051634685292
2024-07-30,,,,,,,,,,,,,,,12.101569058304
2024-07-31,,,,,,,,,,,,,,,61.1073905847916
2024-08-01,,,,,,,,,,,,,,,50.0151487325203
2024-08-02,,,,,,,,,,,,,,,0.276847675650417
2024-08-03,,,,,,,,,,,,,,,26.3346560579882
2024-08-04,,,,,,,,,,,,,,,94.1466378040835
2024-08-05,,,,,,,,,,,,,,,10.1679437478013
2024-08-06,,,,,,,,,,,,,,,15.9563233971215
2024-08-07,,,,,,,,,,,,,,,1.07749629031132
2024-08-08,,,,,,,,,,,,,,,0
2024-08-09,,,,,,,,,,,,,,,31.9724446939335
2024-08-10,,,,,,,,,,,,,,,110.499586992959
2024-08-11,,,,,,,,,,,,,,,50.143019606856
2024-08-12,,,,,,,,,,,,,,,205.697824036388
2024-08-13,,,,,,,,,,,,,,,3.71967852700995
2024-08-14,,,,,,,,,,,,,,,110.772169519162
2024-08-15,,,,,,,,,,,,,,,408.854253302203
2024-08-16,,,,,,,,,,,,,,,62.949123761078
2024-08-17,,,,,,,,,,,,,,,193.028297270962
2024-08-18,,,,,,,,,,,,,,,1132.04250293087
2024-08-19,,,,,,,,,,,,,,,190.991510402101
2024-08-20,,,,,,,,,,,,,,,2161.65985050398
2024-08-21,,,,,,,,,,,,,,,1102.60948794116
2024-08-22,,,,,,,,,,,,,,,233.256804779856
2024-08-23,,,,,,,,,,,,,,,24.6391163651455
2024-08-24,,,,,,,,,,,,,,,28.417636572753
2024-08-25,,,,,,,,,,,,,,,165.286135910671
2024-08-26,,,,,,,,,,,,,,,2242.46200164422
2024-08-27,,,,,,,,,,,,,,,247.041619487118
2024-08-28,,,,,,,,,,,,,,,101.154047054444
2024-08-29,,,,,,,,,,,,,,,69.5185954036297
2024-08-30,,,,,,,,,,,,,,,78.1167131543302
2024-08-31,,,,,,,,,,,,,,,233.506467772212
2024-09-01,,,,,,,,,,,,,,,0
2024-09-02,,,,,,,,,,,,,,,152.50943370696
2024-09-03,,,,,,,,,,,,,,,60.5442538154884
2024-09-04,,,,,,,,,,,,,,,138.465602495005
2024-09-05,,,,,,,,,,,,,,,1011.99500272166
2024-09-06,,,,,,,,,,,,,,,16.1058858360822
2024-09-07,,,,,,,,,,,,,,,15.9764983880761
2024-09-08,,,,,,,,,,,,,,,192.282520307047
2024-09-09,,,,,,,,,,,,,,,1.47082813770832
2024-09-10,,,,,,,,,,,,,,,515.40458216251
2024-09-11,,,,,,,,,,,,,,,126.331448049726
2024-09-12,,,,,,,,,,,,,,,274.662822956972
2024-09-13,,,,,,,,,,,,,,,159.483376495816
2024-09-14,,,,,,,,,,,,,,,4785.1025615649
2024-09-15,,,,,,,,,,,,,,,443.137831741446
2024-09-16,,,,,,,,,,,,,,,0
2024-09-17,,,,,,,,,,,,,,,1119.35567178523
2024-09-18,,,,,,,,,,,,,,,0
2024-09-19,,,,,,,,,,,,,,,248.401387717393
2024-09-20,,,,,,,,,,,,,,,13.8318771764807
2024-09-21,,,,,,,,,,,,,,,42.7494654941
2024-09-22,,,,,,,,,,,,,,,3822.35181248181
2024-09-23,,,,,,,,,,,,,,,0
2024-09-24,,,,,,,,,,,,,,,10.0440703958074
2024-09-25,,,,,,,,,,,,,,,0
2024-09-26,,,,,,,,,,,,,,,0
2024-09-27,,,,,,,,,,,,,,,10.9135170909975
2024-09-28,,,,,,,,,,,,,,,0
2024-09-29,,,,,,,,,,,,,,,175.320445839703
2024-09-30,,,,,,,,,,,,,,,0
2024-10-01,,,,,,,,,,,,,,,0
2024-10-02,,,,,,,,,,,,,,,56.4659200390349
2024-10-03,,,,,,,,,,,,,,,0
2024-10-04,,,,,,,,,,,,,,,213.875076221132
2024-10-05,,,,,,,,,,,,,,,0
2024-10-06,,,,,,,,,,,,,,,77.9123648618439
2024-10-07,,,,,,,,,,,,,,,0
2024-10-08,,,,,,,,,,,,,,,118.304405797351
2024-10-09,,,,,,,,,,,,,,,0
2024-10-10,,,,,,,,,,,,,,,337.543962575472
2024-10-11,,,,,,,,,,,,,,,775.514179183308
2024-10-12,,,,,,,,,,,,,,,58.6313526400869
2024-10-13,,,,,,,,,,,,,,,431.351943555939
2024-10-14,,,,,,,,,,,,,,,0
2024-10-15,,,,,,,,,,,,,,,0
2024-10-16,,,,,,,,,,,,,,,258.135023181983
2024-10-17,,,,,,,,,,,,,,,4577.14906197236
2024-10-18,,,,,,,,,,,,,,,722.298131889907
2024-10-19,,,,,,,,,,,,,,,15.1649995112161
2024-10-20,,,,,,,,,,,,,,,374.816573617946
2024-10-21,,,,,,,,,,,,,,,0
2024-10-22,,,,,,,,,,,,,,,442.90826075538
2024-10-23,,,,,,,,,,,,,,,0
2024-10-24,,,,,,,,,,,,,,,414.954944778328
2024-10-25,,,,,,,,,,,,,,,43.9144125853498
2024-10-26,,,,,,,,,,,,,,,344.089507427495
2024-10-27,,,,,,,,,,,,,,,0
2024-10-28,,,,,,,,,,,,,,,7.61048939398851
2024-10-29,,,,,,,,,,,,,,,0
2024-10-30,,,,,,,,,,,,,,,0
2024-10-31,,,,,,,,,,,,,,,13.4339654543874
2024-11-01,,,,,,,,,,,,,,,424.736706213914
2024-11-02,,,,,,,,,,,,,,,0
2024-11-03,,,,,,,,,,,,,,,82.7516128467699
2024-11-04,,,,,,,,,,,,,,,175.536832296557
2024-11-05,,,,,,,,,,,,,,,62.0402815082554
2024-11-06,,,,,,,,,,,,,,,142.247273380116
2024-11-07,,,,,,,,,,,,,,,305.140458009553
2024-11-08,,,,,,,,,,,,,,,0
2024-11-09,,,,,,,,,,,,,,,99.1643110494824
2024-11-10,,,,,,,,,,,,,,,0
2024-11-11,,,,,,,,,,,,,,,83.899217306498
2024-11-12,,,,,,,,,,,,,,,158.664754965111
2024-11-13,,,,,,,,,,,,,,,753.951593901349
2024-11-14,,,,,,,,,,,,,,,717.621949338496
2024-11-15,,,,,,,,,,,,,,,167.337431924652
2024-11-16,,,,,,,,,,,,,,,18.415540686962
2024-11-17,,,,,,,,,,,,,,,6249.26266479406
2024-11-18,,,,,,,,,,,,,,,14672.6551757902
2024-11-19,,,,,,,,,,,,,,,0
2024-11-20,,,,,,,,,,,,,,,0
2024-11-21,,,,,,,,,,,,,,,4050.33744274445
2024-11-22,,,,,,,,,,,,,,,3136.20674123636
2024-11-23,,,,,,,,,,,,,,,35515.494830822
2024-11-24,,,,,,,,,,,,,,,45203.9327831435
2024-11-25,,,,,,,,,,,,,,,32323.5891389692
2024-11-26,,,,,,,,,,,,,,,6028.31868389566
2024-11-27,,,,,,,,,,,,,,,513.095012442796
2024-11-28,,,,,,,,,,,,,,,3039.90445919088
2024-11-29,,,,,,,,,,,,,,,297.776704606384
2024-11-30,,,,,,,,,,,,,,,47457.3840353265
2024-12-01,,,,,,,,,,,,,,,141710.452075752
2024-12-02,,,,,,,,,,,,,,,1043.95355882084
2024-12-03,,,,,,,,,,,,,,,20485.9093987883
2024-12-04,,,,,,,,,,,,,,,165656.524249663
2024-12-05,,,,,,,,,,,,,,,19774.7670028994
2024-12-06,,,,,,,,,,,,,,,20780.7751958024
2024-12-07,,,,,,,,,,,,,,,2395.89917363996
2024-12-08,,,,,,,,,,,,,,,11922.6866313815
2024-12-09,,,,,,,,,,,,,,,15556.0428564154
2024-12-10,,,,,,,,,,,,,,,22728.5888471383
2024-12-11,,,,,,,,,,,,,,,11207.0909004571
2024-12-12,,,,,,,,,,,,,,,44480.2354806142
2024-12-13,,,,,,,,,,,,,,,3060.71909737214
2024-12-14,,,,,,,,,,,,,,,4001.20993007621
2024-12-15,,,,,,,,,,,,,,,8067.76810532066
2024-12-16,,,,,,,,,,,,,,,6199.20818136476
2024-12-17,,,,,,,,,,,,,,,26331.4270307325
2024-12-18,,,,,,,,,,,,,,,18792.7710917682
2024-12-19,,,,,,,,,,,,,,,9789.04180825912
2024-12-20,,,,,,,,,,,,,,,6333.92038996428
2024-12-21,,,,,,,,,,,,,,,403.152500109822
2024-12-22,,,,,,,,,,,,,,,2403.15870947367
2024-12-23,,,,,,,,,,,,,,,3317.08198450027
2024-12-24,,,,,,,,,,,,,,,886.266456568367
2024-12-25,,,,,,,,,,,,,,,645.465011104171
2024-12-26,,,,,,,,,,,,,,,796.190131374222
2024-12-27,,,,,,,,,,,,,,,935.72553108445
2024-12-28,,,,,,,,,,,,,,,646.985604491772
2024-12-29,,,,,,,,,,,,,,,3772.68713915241
2024-12-30,,,,,,,,,,,,,,,6063.06746924122
2024-12-31,,,,,,,,,,,,,,,1662.77896450107
2025-01-01,,,,,,,,,,,,,,,1091.8282721295
2025-01-02,,,,,,,,,,,,,,,13844.34778864
2025-01-03,,,,,,,,,,,,,,,277.492075769798
2025-01-04,,,,,,,,,,,,,,,1576.89858850683
2025-01-05,,,,,,,,,,,,,,,814.64142757382
2025-01-06,,,,,,,,,,,,,,,393.789450598298
2025-01-07,,,,,,,,,,,,,,,5898.68765438254
2025-01-08,,,,,,,,,,,,,,,1097.59439018895
2025-01-09,,,,,,,,,,,,,,,1624.33033792899
2025-01-10,,,,,,,,,,,,,,,21.98581223884
2025-01-11,,,,,,,,,,,,,,,19333.1508875055
2025-01-12,,,,,,,,,,,,,,,38.8113395269841
2025-01-13,,,,,,,,,,,,,,,159.615155152522
2025-01-14,,,,,,,,,,,,,,,5664.61074207589
2025-01-15,,,,,,,,,,,,,,,228.377900166732
2025-01-16,,,,,,,,,,,,,,,360.756277351549
2025-01-17,,,,,,,,,,,,,,,285.414300716681
2025-01-18,,,,,,,,,,,,,,,12195.0110888194
2025-01-19,,,,,,,,,,,,,,,250.784138945964
2025-01-20,,,,,,,,,,,,,,,502.753027207501
2025-01-21,,,,,,,,,,,,,,,30837.221561775
2025-01-22,,,,,,,,,,,,,,,11909.0933206105
2025-01-23,,,,,,,,,,,,,,,430.382449397075
2025-01-24,,,,,,,,,,,,,,,16288.4236881155
2025-01-25,,,,,,,,,,,,,,,9237.9207691654
2025-01-26,,,,,,,,,,,,,,,4560.91528951918
2025-01-27,,,,,,,,,,,,,,,3011.19954318046
2025-01-28,,,,,,,,,,,,,,,3046.46019563397
2025-01-29,,,,,,,,,,,,,,,1304.07548007666
2025-01-30,,,,,,,,,,,,,,,327.137822173781
2025-01-31,,,,,,,,,,,,,,,377.522695139822
2025-02-01,,,,,,,,,,,,,,,169.335188436914
2025-02-02,,,,,,,,,,,,,,,213.681214307003
2025-02-03,,,,,,,,,,,,,,,2753.36709635777
2025-02-04,,,,,,,,,,,,,,,46340.6052782371
2025-02-05,,,,,,,,,,,,,,,597.079570592205
2025-02-06,,,,,,,,,,,,,,,1557.39095863376
2025-02-07,,,,,,,,,,,,,,,344.3832839331
2025-02-08,,,,,,,,,,,,,,,1315.84196871104
2025-02-09,,,,,,,,,,,,,,,30355.9038472686
2025-02-10,,,,,,,,,,,,,,,490.071907787964
2025-02-11,,,,,,,,,,,,,,,2876.9145660255
2025-02-12,,,,,,,,,,,,,,,1708.76847472311
2025-02-13,,,,,,,,,,,,,,,1868.01557801539
2025-02-14,,,,,,,,,,,,,,,302.215394152735
2025-02-15,,,,,,,,,,,,,,,241.864723283589
2025-02-16,,,,,,,,,,,,,,,301.113348607448
2025-02-17,,,,,,,,,,,,,,,791.835511888162
2025-02-18,,,,,,,,,,,,,,,4684.64250830498
2025-02-19,,,,,,,,,,,,,,,7217.23340807077
2025-02-20,,,,,,,,,,,,,,,539.537979436267
2025-02-21,,,,,,,,,,,,,,,15591.0698740172
2025-02-22,,,,,,,,,,,,,,,54895.9142544921
2025-02-23,,,,,,,,,,,,,,,1045.24319194859
2025-02-24,,,,,,,,,,,,,,,8876.57980942008
2025-02-25,,,,,,,,,,,,,,,3492.71304835628
2025-02-26,,,,,,,,,,,,,,,96270.188819438
2025-02-27,,,,,,,,,,,,,,,2578.4054103533
2025-02-28,,,,,,,,,,,,,,,785.531489169475
2025-03-01,,,,,,,,,,,,,,,1285.78273944508
2025-03-02,,,,,,,,,,,,,,,1059.40086022554
2025-03-03,,,,,,,,,,,,,,,5848.97859139981
2025-03-04,,,,,,,,,,,,,,,4892.2588437665
2025-03-05,,,,,,,,,,,,,,,20215.7936367712
2025-03-06,,,,,,,,,,,,,,,779.447173602809
2025-03-07,,,,,,,,,,,,,,,474.644832318005
2025-03-08,,,,,,,,,,,,,,,616.683526734231
2025-03-09,,,,,,,,,,,,,,,4409.10354745762
2025-03-10,,,,,,,,,,,,,,,1172.21585724442
2025-03-11,,,,,,,,,,,,,,,2212.06977749495
2025-03-12,,,,,,,,,,,,,,,639.239899797428
2025-03-13,,,,,,,,,,,,,,,16785.4071240357
2025-03-14,,,,,,,,,,,,,,,278.382614499371
2025-03-15,,,,,,,,,,,,,,,5645.20782366371
2025-03-16,,,,,,,,,,,,,,,1674.16633414933
2025-03-17,,,,,,,,,,,,,,,296.43513169274
2025-03-18,,,,,,,,,,,,,,,30285.6248632304
2025-03-19,,,,,,,,,,,,,,,1938.70674464276
2025-03-20,,,,,,,,,,,,,,,3401.46696558944
2025-03-21,,,,,,,,,,,,,,,777.671548696922
2025-03-22,,,,,,,,,,,,,,,328.273640168486
2025-03-23,,,,,,,,,,,,,,,640.399180156545
2025-03-24,,,,,,,,,,,,,,,725.013909085776
2025-03-25,,,,,,,,,,,,,,,127.426170522778
2025-03-26,,,,,,,,,,,,,,,106.871377513387
2025-03-27,,,,,,,,,,,,,,,312.854599082233
2025-03-28,,,,,,,,,,,,,,,232.544552163694
2025-03-29,,,,,,,,,,,,,,,426.395148408176
2025-03-30,,,,,,,,,,,,,,,377.184727573678
2025-03-31,,,,,,,,,,,,,,,2553.56688283554
2025-04-01,,,,,,,,,,,,,,,183.530764882238
2025-04-02,,,,,,,,,,,,,,,1087.62608159487
2025-04-03,,,,,,,,,,,,,,,404.040937753289
2025-04-04,,,,,,,,,,,,,,,433.198355998942
2025-04-05,,,,,,,,,,,,,,,283.177505007128
2025-04-06,,,,,,,,,,,,,,,826.592315538392
2025-04-07,,,,,,,,,,,,,,,720.809307574232
2025-04-08,,,,,,,,,,,,,,,328.711259430384
2025-04-09,,,,,,,,,,,,,,,419.037781714727
2025-04-10,,,,,,,,,,,,,,,2485.82966113895
2025-04-11,,,,,,,,,,,,,,,14421.1879572397
2025-04-12,,,,,,,,,,,,,,,119.486975273646
2025-04-13,,,,,,,,,,,,,,,106.959617170357
2025-04-14,,,,,,,,,,,,,,,287.85560725364
2025-04-15,,,,,,,,,,,,,,,1602.70983039613
2025-04-16,,,,,,,,,,,,,,,9990.47282384524
2025-04-17,,,,,,,,,,,,,,,2728.08252176974
2025-04-18,,,,,,,,,,,,,,,25562.8421487862
2025-04-19,,,,,,,,,,,,,,,4081.13648303407
2025-04-20,,,,,,,,,,,,,,,12015.7308400954
2025-04-21,,,,,,,,,,,,,,,118.7050832867
2025-04-22,,,,,,,,,,,,,,,223.085999050348
2025-04-23,,,,,,,,,,,,,,,5036.16474596256
2025-04-24,,,,,,,,,,,,,,,1542.02059068649
2025-04-25,,,,,,,,,,,,,,,426.758320670298
2025-04-26,,,,,,,,,,,,,,,982.806337369336
2025-04-27,,,,,,,,,,,,,,,23.2363770270266
2025-04-28,,,,,,,,,,,,,,,1738.57011952849
2025-04-29,,,,,,,,,,,,,,,17844.0673396928
2025-04-30,,,,,,,,,,,,,,,894.040666511708
2025-05-01,,,,,,,,,,,,,,,165.044430545765
2025-05-02,,,,,,,,,,,,,,,994.610627778124
2025-05-03,,,,,,,,,,,,,,,710.24462628562
2025-05-04,,,,,,,,,,,,,,,658.168856160882
2025-05-05,,,,,,,,,,,,,,,1132.94638325799
2025-05-06,,,,,,,,,,,,,,,307.322756338958
2025-05-07,,,,,,,,,,,,,,,291.298451909654
2025-05-08,,,,,,,,,,,,,,,2916.20872828247
2025-05-09,,,,,,,,,,,,,,,327.396559927603
2025-05-10,,,,,,,,,,,,,,,2828.26616251467
2025-05-11,,,,,,,,,,,,,,,16668.1916651218
2025-05-12,,,,,,,,,,,,,,,6205.6887310002
2025-05-13,,,,,,,,,,,,,,,3667.01276386756
2025-05-14,,,,,,,,,,,,,,,1772.60104768078
2025-05-15,,,,,,,,,,,,,,,68.9590751502423
2025-05-16,,,,,,,,,,,,,,,184.877143893487
2025-05-17,,,,,,,,,,,,,,,109.454570099187
2025-05-18,,,,,,,,,,,,,,,437.273385179733
2025-05-19,,,,,,,,,,,,,,,59.4699701322151
2025-05-20,,,,,,,,,,,,,,,285.527132614784
2025-05-21,,,,,,,,,,,,,,,220.732212713953
2025-05-22,,,,,,,,,,,,,,,639.741895428751
2025-05-23,,,,,,,,,,,,,,,380.195971414085
2025-05-24,,,,,,,,,,,,,,,584.580428913035
2025-05-25,,,,,,,,,,,,,,,293.761020289423
2025-05-26,,,,,,,,,,,,,,,13036.9034178284
2025-05-27,,,,,,,,,,,,,,,1592.57728940299
2025-05-28,,,,,,,,,,,,,,,7248.88276599514
2025-05-29,,,,,,,,,,,,,,,1299.37160978492
2025-05-30,,,,,,,,,,,,,,,189.585053648073
2025-05-31,,,,,,,,,,,,,,,2060.22146031877
2025-06-01,,,,,,,,,,,,,,,210.724063240261
2025-06-02,,,,,,,,,,,,,,,694.769712898638
2025-06-03,,,,,,,,,,,,,,,166.966187875439
2025-06-04,,,,,,,,,,,,,,,21546.1682893539
2025-06-05,,,,,,,,,,,,,,,1633.41442887308
2025-06-06,,,,,,,,,,,,,,,21586.5843302955
2025-06-07,,,,,,,,,,,,,,,227.542515849931
2025-06-08,,,,,,,,,,,,,,,133.351482202392
2025-06-09,,,,,,,,,,,,,,,662.967740713265
2025-06-10,,,,,,,,,,,,,,,3069.51044504046
2025-06-11,,,,,,,,,,,,,,,3653.55649048138
2025-06-12,,,,,,,,,,,,,,,1110.07598716513
2025-06-13,,,,,,,,,,,,,,,2192.62093606658
2025-06-14,,,,,,,,,,,,,,,197.530973141073
2025-06-15,,,,,,,,,,,,,,,225.00924642968
2025-06-16,,,,,,,,,,,,,,,465.468749882903
2025-06-17,,,,,,,,,,,,,,,323.150476282671
2025-06-18,,,,,,,,,,,,,,,8560.46665438453
2025-06-19,,,,,,,,,,,,,,,1047.46832002122
2025-06-20,,,,,,,,,,,,,,,7419.96493137924
2025-06-21,,,,,,,,,,,,,,,6084.30949392033
2025-06-22,,,,,,,,,,,,,,,6270.85661951159
2025-06-23,,,,,,,,,,,,,,,2270.07383021817
2025-06-24,,,,,,,,,,,,,,,5907.11847080883
2025-06-25,,,,,,,,,,,,,,,28.0740456268007
2025-06-26,,,,,,,,,,,,,,,248.767945131803
2025-06-27,,,,,,,,,,,,,,,3002.26616384283
2025-06-28,,,,,,,,,,,,,,,4351.320451676
2025-06-29,,,,,,,,,,,,,,,582.355131284354
2025-06-30,,,,,,,,,,,,,,,665.818997523578
2025-07-01,,,,,,,,,,,,,,,1191.96778484837
2025-07-02,,,,,,,,,,,,,,,2684.64147222183
2025-07-03,,,,,,,,,,,,,,,806.32879161838
2025-07-04,,,,,,,,,,,,,,,550.134719949103
2025-07-05,,,,,,,,,,,,,,,257.010848003845
2025-07-06,,,,,,,,,,,,,,,712.760373828821
2025-07-07,,,,,,,,,,,,,,,939.014892456704
2025-07-08,,,,,,,,,,,,,,,442.240931300787
2025-07-09,,,,,,,,,,,,,,,6155.34984793307
2025-07-10,,,,,,,,,,,,,,,5194.60431528367
2025-07-11,,,,,,,,,,,,,,,77367.7430789059
2025-07-12,,,,,,,,,,,,,,,2300.76147793357
2025-07-13,,,,,,,,,,,,,,,594.438980698126
2025-07-14,,,,,,,,,,,,,,,369.850647862263
2025-07-15,,,,,,,,,,,,,,,6142.83369369958
2025-07-16,,,,,,,,,,,,,,,23819.0600381627
2025-07-17,,,,,,,,,,,,,,,3595.31625390368
2025-07-18,,,,,,,,,,,,,,,5887.66166465467
2025-07-19,,,,,,,,,,,,,,,3307.44284064146
2025-07-20,,,,,,,,,,,,,,,2137.31721624852
2025-07-21,,,,,,,,,,,,,,,140.007148660973
2025-07-22,,,,,,,,,,,,,,,461.497436033352
2025-07-23,,,,,,,,,,,,,,,348.858350738762
2025-07-24,,,,,,,,,,,,,,,418.75481883466
2025-07-25,,,,,,,,,,,,,,,4484.50373926998
2025-07-26,,,,,,,,,,,,,,,1145.81361533224
2025-07-27,,,,,,,,,,,,,,,17904.4060776831
2025-07-28,,,,,,,,,,,,,,,674.744423603378
2025-07-29,,,,,,,,,,,,,,,1111.24802061764
2025-07-30,,,,,,,,,,,,,,,469.870302286062
2025-07-31,,,,,,,,,,,,,,,1166.00931456665
2025-08-01,,,,,,,,,,,,,,,1293.19881838738
2025-08-02,,,,,,,,,,,,,,,229.917580194429
2025-08-03,,,,,,,,,,,,,,,7707.90590380556
2025-08-04,,,,,,,,,,,,,,,8465.04546557399
2025-08-05,,,,,,,,,,,,,,,168.79922977476
2025-08-06,,,,,,,,,,,,,,,4140.41827597339
2025-08-07,,,,,,,,,,,,,,,18650.9680752405
2025-08-08,,,,,,,,,,,,,,,12105.7370295539
2025-08-09,,,,,,,,,,,,,,,752.626838163725
2025-08-10,,,,,,,,,,,,,,,3438.1408462071
2025-08-11,,,,,,,,,,,,,,,609.212219087744
2025-08-12,,,,,,,,,,,,,,,769.422847930977
2025-08-13,,,,,,,,,,,,,,,6352.00059058421
2025-08-14,,,,,,,,,,,,,,,2042.19283068997
2025-08-15,,,,,,,,,,,,,,,33460.7700192804
2025-08-16,,,,,,,,,,,,,,,991.435760502645
2025-08-17,,,,,,,,,,,,,,,764.460034847837
2025-08-18,,,,,,,,,,,,,,,376.189016429109
2025-08-19,,,,,,,,,,,,,,,514.223548472589
2025-08-20,,,,,,,,,,,,,,,222.742696320206
2025-08-21,,,,,,,,,,,,,,,10508.7514652846
2025-08-22,,,,,,,,,,,,,,,480.287159683961
2025-08-23,,,,,,,,,,,,,,,1683.20820898524
2025-08-24,,,,,,,,,,,,,,,325.685990268064
2025-08-25,,,,,,,,,,,,,,,578.149053342405
2025-08-26,,,,,,,,,,,,,,,229.33240779497
2025-08-27,,,,,,,,,,,,,,,194.059252564313
2025-08-28,,,,,,,,,,,,,,,322.42270786748
2025-08-29,,,,,,,,,,,,,,,303.649242504443
2025-08-30,,,,,,,,,,,,,,,224.225694602499
2025-08-31,,,,,,,,,,,,,,,407.178445334087
2025-09-01,,,,,,,,,,,,,,,235.959563467229
2025-09-02,,,,,,,,,,,,,,,429.162123806576
2025-09-03,,,,,,,,,,,,,,,214.25304698143
2025-09-04,,,,,,,,,,,,,,,597.03087593515
2025-09-05,,,,,,,,,,,,,,,408.477731157615
2025-09-06,,,,,,,,,,,,,,,432.158138856408
2025-09-07,,,,,,,,,,,,,,,720.311159039008
2025-09-08,,,,,,,,,,,,,,,2880.61349647331
2025-09-09,,,,,,,,,,,,,,,2977.47840231041
2025-09-10,,,,,,,,,,,,,,,512.617557424832
2025-09-11,,,,,,,,,,,,,,,521.864203792672
2025-09-12,,,,,,,,,,,,,,,1305.65081231325
2025-09-13,,,,,,,,,,,,,,,671.385603549313
2025-09-14,,,,,,,,,,,,,,,853.450051538419
2025-09-15,,,,,,,,,,,,,,,2170.72896781535
2025-09-16,,,,,,,,,,,,,,,701.248537184546
2025-09-17,,,,,,,,,,,,,,,313.230190284606
2025-09-18,,,,,,,,,,,,,,,719.110292598926
2025-09-19,,,,,,,,,,,,,,,3781.25758036208
2025-09-20,,,,,,,,,,,,,,,758.282882372857
2025-09-21,,,,,,,,,,,,,,,1099.84954203497
2025-09-22,,,,,,,,,,,,,,,2034.22985032037
2025-09-23,,,,,,,,,,,,,,,422.075388092585
2025-09-24,,,,,,,,,,,,,,,280.036112685409
2025-09-25,,,,,,,,,,,,,,,262.799429215224
2025-09-26,,,,,,,,,,,,,,,150.937182334296
2025-09-27,,,,,,,,,,,,,,,336.00931122113
2025-09-28,,,,,,,,,,,,,,,370.98859436954
2025-09-29,,,,,,,,,,,,,,,2151.04734249137
2025-09-30,,,,,,,,,,,,,,,344.216120405208
2025-10-01,,,,,,,,,,,,,,,341.018427216906
2025-10-02,,,,,,,,,,,,,,,406.355875847399
2025-10-03,,,,,,,,,,,,,,,1034.90217963212
2025-10-04,,,,,,,,,,,,,,,582.673720120781
2025-10-05,,,,,,,,,,,,,,,498.850785066716
2025-10-06,,,,,,,,,,,,,,,611.351460344398
2025-10-07,,,,,,,,,,,,,,,1118.89596073016
2025-10-08,,,,,,,,,,,,,,,1328.25019741065
2025-10-09,,,,,,,,,,,,,,,9146.51853641099
2025-10-10,,,,,,,,,,,,,,,552.219982741327
2025-10-11,,,,,,,,,,,,,,,3128.70220506752
2025-10-12,,,,,,,,,,,,,,,4199.45311248528
2025-10-13,,,,,,,,,,,,,,,313.287404698004
2025-10-14,,,,,,,,,,,,,,,362.881313018573
2025-10-15,,,,,,,,,,,,,,,695.060867528852
2025-10-16,,,,,,,,,,,,,,,445.029379707484
2025-10-17,,,,,,,,,,,,,,,456.734150189117
2025-10-18,,,,,,,,,,,,,,,190.722532326268
2025-10-19,,,,,,,,,,,,,,,235.28353005419
2025-10-20,,,,,,,,,,,,,,,8600.89082202808
2025-10-21,,,,,,,,,,,,,,,96.9797863551549
2025-10-22,,,,,,,,,,,,,,,0
2025-10-23,,,,,,,,,,,,,,,0
2025-10-24,,,,,,,,,,,,,,,0
2025-10-25,,,,,,,,,,,,,,,0
2025-10-26,,,,,,,,,,,,,,,0
2025-10-27,,,,,,,,,,,,,,,0
2025-10-28,,,,,,,,,,,,,,,0
2025-10-29,,,,,,,,,,,,,,,0
2025-10-30,,,,,,,,,,,,,,,0
2025-10-31,,,,,,,,,,,,,,,0
2025-11-01,,,,,,,,,,,,,,,1.63786891839933
2025-11-02,,,,,,,,,,,,,,,0
2025-11-03,,,,,,,,,,,,,,,0
2025-11-04,,,,,,,,,,,,,,,0
2025-11-05,,,,,,,,,,,,,,,0
2025-11-06,,,,,,,,,,,,,,,0
2025-11-07,,,,,,,,,,,,,,,0
2025-11-08,,,,,,,,,,,,,,,0.446294918024022
2025-11-09,,,,,,,,,,,,,,,0
2025-11-10,,,,,,,,,,,,,,,0
2025-11-11,,,,,,,,,,,,,,,0
2025-11-12,,,,,,,,,,,,,,,0
2025-11-13,,,,,,,,,,,,,,,0
2025-11-14,,,,,,,,,,,,,,,1.21582531955438
2025-11-15,,,,,,,,,,,,,,,0
2025-11-16,,,,,,,,,,,,,,,0
2025-11-17,,,,,,,,,,,,,,,0
2025-11-18,,,,,,,,,,,,,,,0
2025-11-19,,,,,,,,,,,,,,,0.567031150160386
2025-11-20,,,,,,,,,,,,,,,9.02796847134833
2025-11-21,,,,,,,,,,,,,,,0
2025-11-22,,,,,,,,,,,,,,,0.5417934051915
2025-11-23,,,,,,,,,,,,,,,0
2025-11-24,,,,,,,,,,,,,,,2.64964794546271
2025-11-25,,,,,,,,,,,,,,,0
2025-11-26,,,,,,,,,,,,,,,0.54226975367565
2025-11-27,,,,,,,,,,,,,,,0.55372621932573
2025-11-28,,,,,,,,,,,,,,,0
2025-11-29,,,,,,,,,,,,,,,2.18389997195412
2025-11-30,,,,,,,,,,,,,,,0.7107511884743
2025-12-01,,,,,,,,,,,,,,,1.70311938943239
2025-12-02,,,,,,,,,,,,,,,3.90518153285867
2025-12-03,,,,,,,,,,,,,,,4.58909968596857
2025-12-04,,,,,,,,,,,,,,,0.712253566923022
2025-12-05,,,,,,,,,,,,,,,0.745235637420528
2025-12-06,,,,,,,,,,,,,,,0
2025-12-07,,,,,,,,,,,,,,,0
2025-12-08,,,,,,,,,,,,,,,0
2025-12-09,,,,,,,,,,,,,,,0.556851195966326
2025-12-10,,,,,,,,,,,,,,,0
2025-12-11,,,,,,,,,,,,,,,0
2025-12-12,,,,,,,,,,,,,,,0.543449270529523
2025-12-13,,,,,,,,,,,,,,,1.00405135869941
2025-12-14,,,,,,,,,,,,,,,0.560489964325319
2025-12-15,,,,,,,,,,,,,,,1.47363494498755
2025-12-16,,,,,,,,,,,,,,,0
2025-12-17,,,,,,,,,,,,,,,0.677129898930686
2025-12-18,,,,,,,,,,,,,,,0
2025-12-19,,,,,,,,,,,,,,,0.869219007588877
2025-12-20,,,,,,,,,,,,,,,0
2025-12-21,,,,,,,,,,,,,,,0.683100680018403
2025-12-22,,,,,,,,,,,,,,,0.561660225026477
2025-12-23,,,,,,,,,,,,,,,0
2025-12-24,,,,,,,,,,,,,,,0.634875347885693
2025-12-25,,,,,,,,,,,,,,,2.01973543526493
2025-12-26,,,,,,,,,,,,,,,1.30863698820917
2025-12-27,,,,,,,,,,,,,,,1.17678427905296
2025-12-28,,,,,,,,,,,,,,,1.20688240367853
2025-12-29,,,,,,,,,,,,,,,2.1953560673208
2025-12-30,,,,,,,,,,,,,,,18.2472144081028
2025-12-31,,,,,,,,,,,,,,,1.38093615574581
2026-01-01,,,,,,,,,,,,,,,1.0679518073897
2026-01-02,,,,,,,,,,,,,,,0.649995325387248
2026-01-03,,,,,,,,,,,,,,,0
2026-01-04,,,,,,,,,,,,,,,2.70139137722609
