time,AdrActCnt,CapMrktCurUSD,IssTotNtv,IssTotUSD,NVTAdj,NVTAdj90,PriceBTC,PriceUSD,ROI1yr,ROI30d,SplyCur,SplyExpFut10yrCMBI,SplyFF,TxCnt,TxTfrCnt,TxTfrValAdjNtv,TxTfrValAdjUSD,TxTfrValMeanNtv,TxTfrValMeanUSD,TxTfrValMedNtv,TxTfrValMedUSD,TxTfrValNtv,TxTfrValUSD,VtyDayRet180d,VtyDayRet30d,VtyDayRet60d
2020-09-14,6.0,,1000000000.0,,62500000.0,,,,,,1000000000.0,1000000000.0,10.0,5.0,5.0,16.0,,3.2,,2.0,,16.0,,,,
2020-09-15,6.0,,0.0,,99990000.999900009999,,,,,,1000000000.0,1000000000.0,0.0,6.0,6.0,10.001,,2.00016667,,2.0,,12.001,,,,
2020-09-16,53.0,,0.0,,0.714281228031,,,,,,1000000000.0,1000000000.0,215077040.739565384,14.0,96.0,1400008793.1146598,,14583424.928277706,,79999.0,,1400008793.114659776,,,,
2020-09-17,178334.0,,0.0,,4.768498699041,,,,,,1000000000.0,1000000000.0,84502337.246060841172817971,294007.0,294514.0,209709609.48381758,,881.49489192291718301,,400.0,,259612586.599786031236893986,,,,
2020-09-18,86131.0,6995452038.24067,0.0,0.0,6.858446750012,,0.0006406025412196853,6.99545203824067,,,1000000000.0,1000000000.0,103306030.272471738283458536,128553.0,130510.0,145805608.24478257,1019976139.3828848679096494811219,1411.313063969090858407,9872.77284993826172955585868035881269,400.0,2798.180815296268,184190467.9786060479307176,1288495584.645442538324475235277954604792,,,
2020-09-19,41214.0,5678053001.46792,0.0,0.0,15.597391833523,,0.0005127475201176195,5.67805300146792,,,1000000000.0,1000000000.0,109899084.540046890814645819,61458.0,63757.0,64113283.21256286,364038620.1790553556049652734512,1214.839820575300107719,6897.92488952033217195308564112287448,400.0,2271.221200587168,77454542.440419408967824315,439790997.1811478182871222140707436684748,,,
2020-09-20,22758.0,5254967485.35677,0.0,0.0,25.550380631953,,0.0004811704552847561,5.25496748535677,,,1000000000.0,1000000000.0,113101320.433811949995674786,34982.0,36970.0,39138360.183543004,205670810.19470051088190757753708,1336.538335239682833399,7023.46549461739975308787867598676123,398.0,2091.47705917199446,49411822.253811074350771655,259657519.33600526887171470868076247835435,,,
2020-09-21,18384.0,4345573356.50123,0.0,0.0,26.521492914119,,0.0004156303618012327,4.34557335650123,,,1000000000.0,1000000000.0,115213357.738466559807898306,28235.0,29734.0,37705268.07213225,163851008.3339944032241258476675,1558.09817074199645732,6770.8298975897241012971940502225036,400.0,1738.229342600492,46328491.008842522661959311,201323856.17493285642799871427157158145253,,,
2020-09-22,14669.0,3918920404.62963,0.0,0.0,28.331281548584,,0.00037252664641469974,3.91892040462963,,,1000000000.0,1000000000.0,116522932.879430569343171314,23274.0,26013.0,35296673.68859185,138324854.7337763876476554865155,1666.187547345795619821,6529.65637723323616356567702379189623,347.21443037069264,1360.7057159615612923029257669232,43342536.669106181458394359,169855951.34096817232279745559524987625717,,,
2020-09-23,15469.0,4352970884.92621,0.0,0.0,26.670536949976,,0.00042537315121966184,4.35297088492621,,,1000000000.0,1000000000.0,118076430.677796993374074563,25785.0,28609.0,37494558.20389534,163212720.2047275851573104628614,1711.201277534096153026,7448.80933935445560664344169287821146,400.0,1741.188353970484,48955757.348972956841925192,213102986.38959162045048119363866926008232,,,
2020-09-24,15785.0,5148096335.73024,0.0,0.0,32.946689875248,,0.0004793813075367887,5.14809633573024,,,1000000000.0,1000000000.0,118926372.422743688746933503,23008.0,25094.0,30352062.79557914,156255343.2597751151722956111936,1489.1767879303221923,7666.425565198620371167033698205152,400.0,2059.238534292096,37369402.316323505093573669,192381283.13309417959405251379093435105056,,,
2020-09-25,10538.0,4930314651.74057,0.0,0.0,51.451361276506,,0.00046148307118257573,4.93031465174057,,,1000000000.0,1000000000.0,119661339.286975464981430938,16770.0,18622.0,19435831.729035825,95824765.94242958400494413592025,1320.822788954962186629,6512.07194873749278070433134803083853,181.19451937362447,893.3459936828712926256350437479,24596361.975919305839407461,121267803.82938959056228701845250109439277,,,
2020-09-26,11522.0,4872415565.12027,0.0,0.0,39.47637090755,,0.000453584227051512,4.87241556512027,,,1000000000.0,1000000000.0,120266294.63539712012880745,16872.0,20180.0,25331609.18823811,123426126.8983150147272515474897,1426.462847543879048484,6950.31978143857898298493358662117068,90.0,438.5174008608243,28786020.263435479198402203,140257453.18943052387661200211068152795481,,,
2020-09-27,9037.0,4832717206.036,0.0,0.0,86.553472309709,,0.00044918636793348237,4.832717206036,,,1000000000.0,1000000000.0,120824814.615015458446338239,13639.0,15940.0,11553551.501917286,55835047.134138737895091938296,950.509101569461760677,4593.541689648557782639292731846372,100.0,483.2717206036,15151115.079017220465192264,73221054.532998011055274598267641305504,,,
2020-09-28,8429.0,4261445042.90827,0.0,0.0,46.022789404966,,0.00039724956211645106,4.26144504290827,,,1000000000.0,1000000000.0,121337639.761707574380167377,12746.0,14497.0,21728365.727699805,92594236.42080427882111471188735,1725.302531933573625733,7352.28192222541453140116338283051191,140.0,596.6023060071578,25011710.805441016852248097,106586031.02650183446170901189097645306219,,,
2020-09-29,7653.0,4325658376.16839,0.0,0.0,63.903659491662,,0.00039900391297514545,4.32565837616839,,,1000000000.0,1000000000.0,121797162.668979179379545857,10859.0,11937.0,15648556.091384422,67690307.73163790682044689482058,1597.583532191652260931,6910.60058765350333076127003227417109,163.49188113608605,707.2100250718374159037603299595,19070354.623771753038736491,82491839.21481986925931088024519145371949,,,
2020-09-30,7181.0,4164279396.05593,0.0,0.0,76.778303173273,,0.0003865710558105733,4.16427939605593,,,1000000000.0,1000000000.0,122768010.451327496840014846,10325.0,11476.0,13024512.898431772,54237710.70660412985777900100796,1493.791898512807822448,6220.56682497215643801165402291751664,174.40838609159408,726.2852487005928571736785368944,17142755.827332982570414005,71387224.88338046728262489392650423529965,,,
2020-10-01,7308.0,4238178463.22974,0.0,0.0,54.40371213335,,0.00039957870924802906,4.23817846322974,,,1000000000.0,1000000000.0,123142988.663848851950019375,11768.0,13189.0,18381098.65644623,77902376.4562515217088764468802,1767.00147526846392633,7488.8675969779818745924015332250542,218.0,923.92290498408332,23304982.45731577072436187,98770674.7365426029439801120186207060138,,,
2020-10-02,6762.0,3895634816.69296,0.0,0.0,33.529521387585,,0.00036855211626485513,3.89563481669296,,,1000000000.0,1000000000.0,123530079.87595164499243763,10284.0,11381.0,29824463.893787615,116185219.9338411196034429056904,3062.097085378762123594,11928.81201789554107193894844986969824,175.1527386518482,682.331106931262592443115928672,34849726.92869569172862266,135761809.5756691529397346245627969184736,,,
2020-10-03,5554.0,3912896899.00195,0.0,0.0,44.319745238228,,0.0003706902322619323,3.91289689900195,,,1000000000.0,1000000000.0,123908761.637285251876303942,8354.0,9345.0,22563306.59449399,88287892.4048257823929962732805,2663.536146691821431113,10422.14232877003108194984887037767035,111.51429968619512,436.343957436487011041320960484,24890745.29083507127375065,97394920.0623559404608200268732181637675,,,
2020-10-04,5662.0,3728490906.01519,0.0,0.0,65.176667537826,,0.0003495803701596415,3.72849090601519,,,1000000000.0,1000000000.0,124822273.990370085583377186,8677.0,9615.0,15342913.925748674,57205915.04392774911309076635806,2054.079989809379514578,7658.61856223204566865197190249443982,148.64184907802897,554.2097825407133687370420800543,19749979.102017184032672238,73637617.47586111910410648728712391929522,,,
2020-10-05,6600.0,3306447794.51683,0.0,0.0,63.501923194732,,0.000306930255270344,3.30644779451683,,,1000000000.0,1000000000.0,125285623.788701001195931255,10846.0,12158.0,15747554.557260387,52068467.03488706190156516381321,1959.099693124625655209,6477.66085957051695913920293632766747,200.0,661.289558903366,23818734.069009198716025013,78755400.73065834518919456085507452946879,,,
2020-10-06,7245.0,2703810043.75681,0.0,0.0,31.179115197041,,0.00025516371531781305,2.70381004375681,,,1000000000.0,1000000000.0,125693421.806690901783013317,11863.0,12934.0,32072751.06045722,86718626.4481761103379250886682,3483.605085156176155165,9419.00641772756647630929899808542365,275.3570049443143,744.513035587230595000421405383,45056948.171409982390897953,121825429.00688834480456782588279745880993,,,
2020-10-07,6617.0,2964421068.3312,0.0,0.0,39.670132046415,,0.00027790072616989064,2.9644210683312,,,1000000000.0,1000000000.0,126001728.457938500334359875,11529.0,13259.0,25207881.8096694,74726775.92458678593028170528,2646.564798063214538289,7845.5324460823010342263409277333168,344.137997903978,1020.1699313998707291143015136,35090802.657520161563176021,104023914.7026052294128134871545343261552,,,
2020-10-08,6056.0,3311910206.72365,0.0,0.0,53.0726692263,,0.0003037744817041285,3.31191020672365,,,1000000000.0,1000000000.0,126345076.392803143572037341,10528.0,11892.0,18842089.809653863,62403309.55659630448778179595995,2134.175026567564704802,7068.1960534238344523747392078419673,200.0,662.38204134473,25379609.415941479469499794,84054987.4673162393076218850816010899281,,,
2020-10-09,5361.0,3419839392.17125,0.0,0.0,53.315061463513,,0.0003088141027987773,3.41983939217125,,,1000000000.0,1000000000.0,126709117.331944945562223438,9212.0,10453.0,18756425.90573325,64143964.1687678849305408190625,2358.021260819817001416,8064.05399532892753658915024056449,200.0,683.96787843425,24648396.23934954711579628,84293556.41317327953994871373464187295,,,
2020-10-10,4916.0,3303337545.04313,0.0,0.0,111.957469618363,,0.000292256934516614,3.30333754504313,,,1000000000.0,1000000000.0,127159294.099793354639051491,7952.0,9207.0,8931963.212537453,29505289.43091901878692962534789,1339.162465329792331152,4423.70565063642189167714864508258576,151.74702,501.2716285144107489726,12329668.818291397992913926,40729057.92540953635666312370458604762838,,,
2020-10-11,4373.0,3359470111.04641,0.0,0.0,135.465857955095,,0.00029525334844776553,3.35947011104641,,,1000000000.0,1000000000.0,127452374.686988489184348293,7183.0,8534.0,7381933.832593346,24799386.07231961905365206318786,1176.626488954999162467,3952.84152150979854569032103496709347,127.38908607447476,427.9598271407164037286147336116,10041330.456741962852490718,33733549.54456462078891226352191379222238,,,
2020-10-12,5364.0,3443647977.89385,0.0,0.0,77.30273181261,,0.00029819260795433154,3.44364797789385,,,1000000000.0,1000000000.0,128018532.143457998773475105,8191.0,9486.0,12936153.439235648,44547558.6327484124131448799648,1770.47546113488322972,6096.894241647822249091919651325222,106.33535964826405,366.1815462313597885659276710925,16794730.224325502317120623,57835138.77627124185487459610508793986855,,,
2020-10-13,5361.0,3351448110.53139,0.0,0.0,95.520783980995,,0.00029308764838526094,3.35144811053139,,,1000000000.0,1000000000.0,128291816.228467352821683797,7300.0,8400.0,10468925.801519435,35086061.59679562804068726256465,1466.313326801065500384,4914.27302855442755597697927048905376,163.77921623633597,548.8975447995801376973432710983,12317031.945128950203226643,41279893.43985719147021012143248733582377,,,
2020-10-14,5265.0,3105061725.25967,0.0,0.0,73.371801140405,,0.00027196569343830834,3.10506172525967,,,1000000000.0,1000000000.0,128828762.449460357499235952,8574.0,9990.0,13629214.282015359,42319551.61244834516564520327153,1946.042094658153040836,6042.58082386718671701210820221388412,175.59019109890298,545.2183817122348376090926368166,19440960.525634948877948491,60365382.43043319530294118310074385965797,,,
2020-10-15,4924.0,3082208809.6173,0.0,0.0,59.969102618381,,0.0002679580126898663,3.0822088096173,,,1000000000.0,1000000000.0,129511237.763510564136698514,7611.0,8676.0,16675253.694616646,51396613.8401508562849214695758,2589.167329271665153888,7980.3543518544228837713330988870624,182.84591276814888,563.569283136504834511262223624,22463615.748760966875135143,69237554.3566889729396088856720956107739,,,
2020-10-16,5399.0,3051883772.05886,0.0,0.0,57.329389364083,,0.00026914959198179637,3.05188377205886,,,1000000000.0,1000000000.0,129848140.636453262430391442,8663.0,9968.0,17443060.37605376,53234192.8967213860773172443136,2405.177391525339416647,7340.32185011904243372210743054784242,200.04287765539047,610.5076120324421074952491230642,23974808.238724583305134,73168328.20198661497933190785878818724,,,
2020-10-17,4665.0,3062799208.80578,0.0,0.0,39.100402471254,,0.00026954611637182034,3.06279920880578,,,1000000000.0,1000000000.0,130216537.76032235007171293,7116.0,8077.0,25575184.31517879,78331654.2855915924078830854062,3550.773350488545650792,10875.30580852496618267424248723117776,121.45546264531228,371.9936948952024187870139689784,28679596.351895983221444248,87839845.01545615185745147675073093015344,,,
2020-10-18,4600.0,3268414972.07846,0.0,0.0,45.869817371994,,0.0002844666962360153,3.26841497207846,,-53.27800184731945,1000000000.0,1000000000.0,130556499.725863644636886214,7587.0,8727.0,21800828.023582976,71254152.71598626080944699229696,2792.774533798620444197,9127.94609990685218268060507753569662,114.21202887141165,373.292305154779175420474758059,24372543.35646056061650572,79659585.6138870989982487411576108787912,,0.09007261284739745,
2020-10-19,4284.0,3162642610.81349,0.0,0.0,35.181544303257,,0.0002692570440891983,3.16264261081349,,-44.30057961776921,1000000000.0,1000000000.0,131030775.871546451855319648,8558.0,13966.0,28423993.88100242,89894934.2175601577873728586458,2975.224199665959551858,9409.57083058702657942887690522096442,5.0,15.81321305406745,41551981.172534791101249929,131414066.21997841320830717692783049474221,,0.0831932243429279,
2020-10-20,4622.0,2854528116.02339,0.0,0.0,60.368169444995,,0.0002392839888712095,2.85452811602339,,-45.67943333659674,1000000000.0,1000000000.0,131380381.231572612991832591,7588.0,9774.0,16565021.089651592,47285318.44293088185144762273688,2091.67289889902978444,5970.7390994314301939106476216980516,69.32834760213578,197.8997174677393557100044358942,20444010.913839117113121114,58358003.95784279871529566937551712685646,,0.08391781744497481,
2020-10-21,5000.0,2933553749.76297,0.0,0.0,107.88451352994,,0.00022831893932399622,2.93355374976297,,-32.49328663675179,1000000000.0,1000000000.0,131877569.689704419240135882,7331.0,8378.0,9269170.961432539,27191611.23110445856248289528083,1558.8842580749235728,4573.070760722157492259338865539216,140.0,410.6975249668158,13060332.314151709692916034,38313186.83333023547014180022731561246098,,0.07793250914265493,
2020-10-22,5456.0,3042516084.43257,0.0,0.0,111.451907513223,,0.00023408472694824793,3.04251608443257,,-22.363412106092206,1000000000.0,1000000000.0,132406169.312870176013066532,7673.0,8695.0,8972479.900187962,27298914.41356981463860511472234,1410.504318275384221297,4291.48207551445348753232079355444329,140.74245786,428.2111918016231852365002,12264335.047404465804179461,37314436.64659817307409975428786463344477,,0.07651738104086617,
2020-10-23,4388.0,3011713459.26635,0.0,0.0,84.129225378301,,0.00023250316940948647,3.01171345926635,,-30.81246029704598,1000000000.0,1000000000.0,132733588.800209587350097585,6194.0,7068.0,11886475.78179081,35798659.0952628924239917722435,2334.481289837823199959,7030.78872101004115012727275749007965,144.81634264117218,436.145328254145694904846830143,16500113.756573734377311471,49693614.68009897084910335559718509930085,,0.07345539683972697,
2020-10-24,4476.0,2945757696.5527,0.0,0.0,155.811195542192,,0.0002246292198797436,2.9457576965527,,-42.77967030050042,1000000000.0,1000000000.0,133155371.860707928906712751,6157.0,6962.0,6418024.048401636,18905943.7372394376375422402172,1224.197647777627219582,3606.1896430426567186294529673349714,99.46843925019083,293.009920485334313314708151741,8522864.023827840702727694,25106292.2948629760750918003492306204738,,0.06511354437320474,
2020-10-25,4466.0,2779320873.36835,0.0,0.0,108.271103534775,,0.00021311128449130406,2.77932087336835,,-43.627920940357136,1000000000.0,1000000000.0,133654974.211487164362179763,6429.0,7261.0,9236074.69908918,25670015.199167860177863639453,1937.646049645762950834,5385.3401109801951476500257410217039,140.02517652967512,389.174895926014038699485590452,14069247.966477884786005141,39102954.54582719696708535552753308668735,,0.0653648489430849,
2020-10-26,4479.0,2722340291.39934,0.0,0.0,114.688624423508,,0.00020811955119466927,2.72234029139934,,-44.12750195431776,1000000000.0,1000000000.0,133997326.863497907410823095,6702.0,7440.0,8719260.563343436,23736794.34279914300654544373224,1520.862324430147820618,4140.30478346744618779215715052359212,174.42237527587497,474.8370599350905024520841805198,11315215.693760299785396743,30803867.58899779963717044500537254834962,,0.06535080131362263,
2020-10-27,4247.0,2812043889.65835,0.0,0.0,110.790749150362,,0.00020562604435197672,2.81204388965835,,-41.81236414689971,1000000000.0,1000000000.0,134669024.747710249613843876,6512.0,7355.0,9026024.353737598,25381576.6318352698987217696433,1619.419826654571835527,4553.87962833557308688325081242220045,154.71200564010496,435.056950117045334999752540416,11910832.82504437585029866,33493784.666408140054019490518932862811,,0.06600831159480956,
2020-10-28,3860.0,2672158713.99145,0.0,0.0,132.867853420944,,0.00020106039091971655,2.67215871399145,,-37.294540065972406,1000000000.0,1000000000.0,134883358.623776603878064928,5621.0,6303.0,7526274.973615,20111401.25464109268008559175,1543.953499374369649742,4125.6887973508146053955622912827059,139.46909956535583,372.6835697361067328439188276535,9731538.906556651902323114,26004216.4897021844578063265449505333753,,0.06314913587922626,
2020-10-29,3968.0,2540781822.89322,0.0,0.0,135.72508776844,,0.0001885521966878403,2.54078182289322,,-41.26254082173243,1000000000.0,1000000000.0,135114746.482479927534745536,6132.0,7371.0,7367834.616589779,18720060.26791474735042766039838,1432.031070495011846745,3638.4785137320454346719003511395689,99.85895956,253.7198293030771381781832,10555501.020618732322360727,26819225.12471890689897504337328364257094,,0.06318776436316224,
2020-10-30,5376.0,2398248555.31753,0.0,0.0,67.740382552161,,0.0001762990777599068,2.39824855531753,,-42.409038221859994,1000000000.0,1000000000.0,135549528.261541842898750162,7659.0,9530.0,14762243.174962597,35403528.36760011550964320842541,2180.709414670491533475,5229.88320330084278173647405524931675,100.0,239.824855531753,20782160.721809784314013255,49840786.92745703170994021586782515386015,,0.0635076509266271,
2020-10-31,4417.0,2265179890.56535,0.0,0.0,101.275427546185,,0.00016405747555057942,2.26517989056535,,-46.552984726387606,1000000000.0,1000000000.0,135899375.853474145768931001,6418.0,7585.0,9874063.47451825,22366530.0206445691233113926375,1793.961978640396729807,4063.64659845505261860492827242638745,82.6005773425781,187.105166745495789275035528835,13607201.607987409195588147,30822759.44928157411212302909548958890645,,0.06351207174451821,
2020-11-01,3765.0,2380214695.043,0.0,0.0,90.175699554677,,0.00017327161128431184,2.380214695043,,-38.90046662372768,1000000000.0,1000000000.0,136997675.427397592628635228,5798.0,6828.0,11089462.071693344,26395300.583166487791572893792,2393.03299616506286592,5695.93230319486169789669639763456,108.9657294047026,259.3618303851522569891092118,16339629.297815049248499504,38891825.766214515673233273238696758672,,0.06360515885180403,
2020-11-02,3771.0,2260587641.48002,0.0,0.0,140.284456903483,,0.00016627390485967757,2.26058764148002,,-42.22726282267696,1000000000.0,1000000000.0,137436593.243775067539658983,5119.0,5860.0,7128373.463982593,16114312.95653317020511403729186,1600.825813184661822061,3618.80704944744977256053911592672122,121.01200943665741,273.5582530031712981668540999482,9380839.265262118277274757,21206209.30976205566719864885093566585514,,0.06379358172364229,
2020-11-03,3721.0,2138067194.44436,0.0,0.0,111.850157659855,,0.000152752741125993,2.13806719444436,,-42.65596327471237,1000000000.0,1000000000.0,137823251.403123338712727473,5552.0,6564.0,8940532.771004876,19115459.81854025493176167069936,1778.655032772793313231,3802.88397580486738912468568048132716,142.8244738465712,305.368322095130355303675178432,11675091.635120615308046778,24962130.41718314954221121687748459827208,,0.06392865517993014,
2020-11-04,3936.0,1923605728.40633,0.0,0.0,65.203267918827,,0.00013614449376495467,1.92360572840633,,-41.822588833965675,1000000000.0,1000000000.0,138172187.547787624584737241,6173.0,7353.0,15336654.617448283,29501676.67671290879327278483139,2848.474916068529397772,5479.34266577116320273673518821269676,165.38035298699208,318.1265943716388734078387318664,20944836.057851896661820154,40289606.62141536302972828831083949517482,,0.06318799017457934,
2020-11-05,5402.0,2208496204.42155,0.0,0.0,17.148179119513,,0.00014151160720435188,2.20849620442155,,-18.319106420917272,1000000000.0,1000000000.0,138587305.91853372292864795,10010.0,11602.0,58315229.44976105,128788962.8997690726066009706275,6815.485476298404214615,15051.97380569522558176842111813095325,321.2203852,709.41400149702823418106,79073262.496014085697963748,174633000.0936760071996783658135892099694,,0.0595362588650848,
2020-11-06,4774.0,2557078720.14716,0.0,0.0,39.240044074664,,0.00016371619354830803,2.55707872014716,,-13.741042139244767,1000000000.0,1000000000.0,138912552.694944004190295551,8223.0,9574.0,25484171.172113076,65165031.80479805470303088026416,3526.902226795672810516,9018.56663217884766354830703031553456,316.22296146,808.6070055712815022084536,33766561.919341771487882638,86343756.93648028753081776657942016900808,,0.06336518844992811,
2020-11-07,4593.0,2502186992.45629,0.0,0.0,40.884409748812,,0.00016831205583972423,2.50218699245629,,-24.448827526286983,1000000000.0,1000000000.0,139344215.39250325238083963,8725.0,9967.0,24459201.102421634,61201494.84435196116520889537786,3034.704545074464329919,7593.39823863330765456334554274674051,387.0,968.34636608058423,30246900.200757185976298195,75683400.24445817739302166023120454339655,,0.05951881280479731,
2020-11-08,3608.0,2877140972.26519,0.0,0.0,103.293413180347,,0.00018562198974163873,2.87714097226519,,-15.869120086411483,1000000000.0,1000000000.0,139695466.710730418119386347,5779.0,6589.0,9681159.419662401,27854060.42534178299149404412119,1795.619674238106236027,5166.25093535592871677318759097600013,182.1485,524.066912386645960715,11831338.033554881989181414,34040427.41306021431481712611500542717866,,0.06507969758967909,
2020-11-09,3143.0,2670113311.66555,0.0,0.0,76.726685723514,,0.00017429142878005202,2.67011331166555,,-19.16922581308028,1000000000.0,1000000000.0,140008763.991617919187093065,4943.0,5621.0,13033275.066819897,34800321.25051451764007094944835,2884.661612666142591964,7702.3733716304800701370692348856402,232.97498843378926,622.069617902188248846948301993,16214682.924796387509430376,43295040.7219349284742424206922363227468,,0.0660946270011512,
2020-11-10,3896.0,3076019749.80559,0.0,0.0,37.332097852521,,0.00020079407243659247,3.07601974980559,,-8.437353269159772,1000000000.0,1000000000.0,140616667.439179807325619796,6713.0,7599.0,26786600.74101564,82396112.9095211606488291494276,4010.340993389639970734,12335.88809912150160284232608978960306,331.58695482614155,1019.9680218231054042078623212645,30474581.208767874137606471,93740413.66522429067999516011271017597289,,0.07136111870938411,
2020-11-11,3767.0,2936974358.48056,0.0,0.0,88.553087101492,,0.0001866969261185829,2.93697435848056,,-14.713281458088336,1000000000.0,1000000000.0,140987261.025150103537092129,5933.0,6685.0,11292661.07746069,33166256.0235134994903715291864,2211.979340462586919594,6496.52660442735843304648654073209264,223.22552689416204,655.6076486464665505812288299424,14787081.890992393557482575,43429280.350596891124906026454795676242,,0.0715883243145309,
2020-11-12,3575.0,2967811852.08352,0.0,0.0,95.026251311909,,0.00018218818757104437,2.96781185208352,,-11.446880446764318,1000000000.0,1000000000.0,141308705.414804236115425927,5415.0,6045.0,10523407.86039905,31231494.572401177064041128656,2465.483836445552816048,7317.09215092345841017916277209232896,200.0,593.562370416704,14903849.791313366773013041,44231822.05233230608954158922324398118432,,0.07152188523993497,
2020-11-13,5643.0,3869769776.88072,0.0,0.0,48.60467663594,,0.0002369721312076323,3.86976977688072,,24.62778905166849,1000000000.0,1000000000.0,141755286.465083713384704458,9938.0,11164.0,20574151.896745104,79617231.19497734329367805199488,2390.509920934160624206,9250.72304336453436704680674280670832,273.5754896917136,1058.674161704336252209439601792,26687652.757308969208633905,103275072.0561216616737032791792833328116,,0.08546294594440446,
2020-11-14,5749.0,3835069399.63543,0.0,0.0,41.893675917148,,0.00023817333336636812,3.83506939963543,,24.426008636047225,1000000000.0,1000000000.0,141964258.302053162613149202,10338.0,11821.0,23869951.206422415,91542919.44254141912927558016345,2783.012006046918979415,10673.04418320855125518917114867467345,210.48068467089473,807.2080329956625064337939082839,32897984.92348062925566975,126166055.2897082843876105017229104792425,,0.08547308501719508,
2020-11-15,6211.0,3866736870.69104,0.0,0.0,55.953466216566,,0.00024187127862827548,3.86673687069104,,26.70000430856724,1000000000.0,1000000000.0,142443880.623119084263497789,10965.0,12472.0,17871993.776570138,69106297.28862455732494908816352,1871.711400815633277809,7237.41548482658471412264833812713136,197.7464177108662,764.633364409678019671710978848,23343984.5909725782408337,90265045.926757164554537097796064720048,,0.0854115522275285,
2020-11-16,5212.0,3595262086.33409,0.0,0.0,49.69748828537,,0.00021473155968204205,3.59526208633409,,17.384844425891163,1000000000.0,1000000000.0,142852818.540958049479549943,8951.0,10235.0,20121741.248931166,72342933.42330698167742768924894,2640.913992473655385524,9494.77795040972551714967397081371316,209.43275044821135,752.9656273231231607671190299215,27029754.712967862870834264,97179052.32244354066801297785543172325976,,0.08667328577119283,
2020-11-17,7212.0,3796459295.09572,0.0,0.0,64.508169469032,,0.00021470551802442293,3.79645929509572,,16.15597552722825,1000000000.0,1000000000.0,144130093.412456619538769845,10900.0,11848.0,15501912.521019004,58852379.88218332367395411906288,1704.399117105387800799,6470.68187068768809441229969699748028,133.89074756973892,508.3107731384500059146368094224,20193720.739464634663863809,76664638.80390772854258651312217969879748,,0.08644460326887772,0.08885429745426582
2020-11-18,6258.0,3463550897.30835,0.0,0.0,60.778728198829,,0.00019453025537916697,3.46355089730835,,9.51445748141175,1000000000.0,1000000000.0,144395255.159619342046311894,8335.0,9038.0,16453124.796041053,56986235.15085425219783379969255,2390.989065219554588898,8281.3123222956412765785837989926983,200.0,692.71017946167,21609759.171454334374463461,74846500.76890800585772879824464032519935,,0.08798903680989606,0.08565307790088228
2020-11-19,5057.0,3715175856.63573,0.0,0.0,77.151981427885,,0.00020849907066962546,3.71517585663573,,30.15026321798147,1000000000.0,1000000000.0,144614543.652225692713741122,7818.0,8645.0,12961429.913951183,48153991.48378756248343383356859,1836.066827306403385378,6821.31114797851413567650885775435594,160.7363543502882,597.163822965836209832807917386,15872797.722063857266589775,58970234.87427425470291214351656151766075,,0.08648152221442715,0.08575106005382137
2020-11-20,4833.0,3840117483.34746,0.0,0.0,59.084270849852,,0.00020575237717451714,3.84011748334746,,30.903259695096445,1000000000.0,1000000000.0,144749908.199373603779766924,7068.0,7709.0,16924978.266064357,64993904.94478951586718015248322,2736.832870015587776535,10509.7597531468650522087667902398511,207.76787888,797.8530641651054862356448,21098244.594950166169305427,81019737.93700918268746629292666710466542,,0.0865305318723164,0.08239820997629141
2020-11-21,4367.0,3803346960.86201,0.0,0.0,73.110044321713,,0.00020331589541344085,3.80334696086201,,25.006634486579394,1000000000.0,1000000000.0,144899307.921467627675860183,6380.0,6995.0,13678011.130722348,52022222.06466958724465605119948,2342.8494561242290477,8910.669358707299590587136673407877,202.50592,770.2002753885653280992,16388231.945588982188658045,62330132.16415756063614388046673832137045,,0.0864346671616303,0.08132707037114889
2020-11-22,3967.0,3722827905.47369,0.0,0.0,82.032875779892,,0.00020142237820269676,3.72282790547369,,23.61162360978944,1000000000.0,1000000000.0,145304513.092384731015932318,5725.0,6261.0,12190234.59183806,45382145.5127654072328720706414,2399.41981010084759821,8932.6270259898174726150865488460949,252.15609569,938.7337495700260504173961,15022767.431041406812394051,55927177.80972224719604767691175609301819,,0.0865377555293374,0.0801759509748318
2020-11-23,4270.0,4137308221.42845,0.0,0.0,75.899828724944,,0.0002251809818116778,4.13730822142845,,40.449712692601054,1000000000.0,1000000000.0,145488700.710333377078302978,6187.0,6781.0,13175260.297673909,54510112.74902611115744427531105,2591.263040576549212127,10720.85388166104028487913250600281315,245.00330336193474,1013.654181276461203592918479353,17571354.678149580207433435,72698110.17154351417176642357564399022575,,0.08817681976910675,0.0783160815809372
2020-11-24,4678.0,4077804654.88167,0.0,0.0,65.113307205082,,0.00021293739933498274,4.07780465488167,,46.71946279954518,1000000000.0,1000000000.0,145605522.307188471888747709,7021.0,7635.0,15357843.779158497,62626286.85159801739501571004999,2454.468813404230668395,10008.84435256166092158476976373381965,284.4,1159.727643848346948,18739869.390341301153196367,76417526.63180828113630192731623065889289,,0.08734674718080385,0.07815762648424462
2020-11-25,3570.0,3674633276.5927,0.0,0.0,36.422243696324,,0.00019599723223425835,3.6746332765927,,34.98067409874983,1000000000.0,1000000000.0,145785594.220977653621344682,4956.0,5490.0,27455749.5232214,100889810.83182351389771972378,5539.506369894994699723,20355.6544427133775748825271410738221,200.74944716,737.680598791723893491732,30411889.970723520901480506,111752542.8904964428861096158512251519062,,0.08974339196678321,0.07923154760493333
2020-11-26,3200.0,3374107478.08922,0.0,0.0,52.549012723261,,0.0001971580752118176,3.37410747808922,,19.987724604794774,1000000000.0,1000000000.0,145828263.277698783897894744,5322.0,5858.0,19029853.23941852,64208770.1220623962097134803544,4355.880518584408539025,14697.2090314188024855994082588018105,400.0,1349.642991235688,25516748.077867465221609294,86096250.50605134496064418132677251321068,,0.09129031808182292,0.07991192072434562
2020-11-27,2732.0,3319189629.35541,0.0,0.0,136.807988603478,,0.00019408646229539324,3.31918962935541,,24.21379059470157,1000000000.0,1000000000.0,145877110.716070117668877414,4127.0,4524.0,7309514.672409834,24261665.29628392806013276510194,2164.362286345537462079,7183.92885500607225475366504808849739,287.4688444559071,954.163607280830296115539842411,9791574.983427211478447467,32500094.14004747088051245471927475724647,,0.09076096984448995,0.07836497790312702
2020-11-28,2891.0,3476605474.70098,0.0,0.0,137.808226684293,,0.00019591612020906696,3.47660547470098,,36.83211377599221,1000000000.0,1000000000.0,145931710.293595696764743976,3968.0,4375.0,7256460.837355657,25227851.47410393472883598644386,2084.514824665819353243,7247.03565152854098597399950241827814,135.28622760198715,470.336839532711358792100052407,9119752.357912959670436488,31705780.97543736681363055661991788135824,,0.09036015894187771,0.07859911151885356
2020-11-29,2719.0,3548864505.22323,0.0,0.0,197.230809752123,,0.00019509045547702532,3.54886450522323,,47.97734360579476,1000000000.0,1000000000.0,145961062.303455227649718894,3642.0,4030.0,5070201.766431869,17993459.08321018153523043111687,1493.655904660369883073,5300.78242306627956580610439286338579,114.15029239428287,405.1039209389237120437051150701,6019433.295781290628784741,21362153.16495710665020055612758182273343,,0.08944897695437723,0.07852868630282732
2020-11-30,3024.0,3776651188.30359,0.0,0.0,93.75257329087,,0.0001920551721590622,3.77665118830359,,66.72632509380976,1000000000.0,1000000000.0,146026549.993127201201592208,4183.0,4521.0,10666373.891386073,40283173.63179360001179062190207,2980.949900072702128167,11258.00798238303835887510045148621953,200.0,755.330237660718,13476874.498228686321442126,50897454.08835371642047100191147230303234,,0.08887279787901732,0.07893398310567551
2020-12-01,3085.0,3558437493.47188,0.0,0.0,88.601664121805,,0.00018907133782570192,3.55843749347188,,49.50069423916377,1000000000.0,1000000000.0,146061665.755229606818397584,4405.0,4870.0,11286469.728438232,40162197.05060999241888780891616,2841.727059292838734128,10112.10811400122558266283860296432064,200.25489121595035,712.594513153970363133455201158,13839210.778756124635202409,49245966.51518596858756463992237994975892,,0.08972393213726274,0.07855995897934824
2020-12-02,3459.0,4006508438.49797,0.0,0.0,98.071813594954,,0.0002085108030248198,4.00650843849797,,77.23305060072279,1000000000.0,1000000000.0,146107782.694589499453646033,5811.0,6884.0,10196609.640870836,40852802.57021875980497861820292,1944.992880189152666603,7792.63038729631129936291264950229591,200.0,801.301687699594,13389330.98722212695689479,53644467.5861478069848132409739629185763,,0.09084671295214478,0.08007430209163112
2020-12-03,3287.0,3889441889.36769,0.0,0.0,171.079351165258,,0.00019976269756574367,3.88944188936769,,81.91392204483434,1000000000.0,1000000000.0,146153278.037451768971258859,4433.0,5107.0,5845240.779724636,22734724.34210125772597435541084,1486.091459912306642114,5780.06637561451068934627914258489666,134.95611032210377,524.9039487129176978471558651913,7589469.0857721500212774,29518798.980263306090496122690332087206,,0.09022916975720513,0.0799184173968836
2020-12-04,3100.0,3535837142.88864,0.0,0.0,187.960166146949,,0.00018874944506722032,3.53583714288864,,83.8129867609623,1000000000.0,1000000000.0,146205556.108052096209105985,3876.0,4372.0,5320276.207982222,18811630.22661026767275084575808,1663.278124002548569996,5881.08056980234840856446835267324544,113.76576013602046,402.2572002779009196271985415744,7271851.958139142348023054,25712084.25117586724224577206161887470656,,0.08974913553777701,0.07934467703846332
2020-12-05,2741.0,3674491344.24355,0.0,0.0,286.11475712425,,0.00019223446869613854,3.67449134424355,,66.3797898718134,1000000000.0,1000000000.0,146260364.728896640865459932,3584.0,4134.0,3495101.0917823203,12842718.709010317345489067309065,1292.299583602689872671,4748.54363411762783583248677831302205,124.14318248000001,456.1630494696075619579174424355,5342366.478613519933621467,19630479.38344227347332985784391515628785,,0.08704147332015807,0.07489414338727005
2020-12-06,2849.0,3639527517.55847,0.0,0.0,198.187108984288,,0.0001880279260984102,3.63952751755847,,42.33146163560484,1000000000.0,1000000000.0,146306585.310376337462401657,3668.0,4152.0,5045736.855060932,18364098.13035319538711172269404,1539.797612595035261515,5604.13578251046738457508295075328205,110.13916387800992,400.8545176948989538899208400224,6393239.687494586405809646,23268371.76898346058075343695108149500162,,0.08362682434280369,0.07403953151452095
2020-12-07,2850.0,3758119472.79894,0.0,0.0,131.535640546981,,0.0001959172572303569,3.75811947279894,,50.193390187427795,1000000000.0,1000000000.0,146351712.379430023928777261,4171.0,4712.0,7602502.225568503,28571111.65590627052228611578682,2240.547928957344928511,8420.24680155393399561881822337657834,200.3215300233739,752.832242801718951923455143666,10557461.84124700930314435,39676202.928922136987357818174437346989,,0.08346082847839244,0.07279021632696413
2020-12-08,2681.0,3314690534.5373,0.0,0.0,137.896345913317,,0.00018072594109495334,3.3146905345373,,15.207790180945658,1000000000.0,1000000000.0,146388798.481970430396963166,3523.0,4072.0,7251823.776596729,24037551.6304177132668287084917,2214.533658339043405074,7340.4937557106862720394833910622602,200.0,662.93810690746,9017581.056756584745462452,29890490.5732539144997485020805663434596,,0.08369058961714652,0.07451447914291638
2020-12-09,2542.0,3362682334.52675,0.0,0.0,85.5333555475,,0.00018103565201937278,3.36268233452675,,25.93781394352858,1000000000.0,1000000000.0,146603037.525085721855502594,3459.0,3847.0,11691345.365781454,39314280.5283644796420590168945,3701.028316867098813459,12445.38254071226407176068503329552825,250.00011012322148,840.67095394109899197274123459,14237855.934987729135377972,47877386.634120079884067387179206994751,,0.08234591661387305,0.07440251475379518
2020-12-10,2223.0,3246117031.68326,0.0,0.0,203.031143698688,,0.0001774334073573007,3.24611703168326,,5.5297851025963105,1000000000.0,1000000000.0,146627062.720439422616865424,2977.0,3452.0,4925352.740385815,15988271.4176142120957112769569,1812.889065396993806335,5884.8500717375289537687091795014521,188.04998,610.4322428856964093348,6258093.053750422619468588,20314502.44763794994841012943530033543688,,0.07868288460389239,0.07451022977168849
2020-12-11,2471.0,2974084636.87077,0.0,0.0,103.118192390261,,0.00016466195058711459,2.97408463687077,,1.263554728799495,1000000000.0,1000000000.0,146647397.316785249208927369,3601.0,4198.0,9697609.867087284,28841512.52007068115933221828868,2931.290876313358685255,8717.90716144301654374143858453949635,266.87103172601667,793.6970354821980280229456557359,12305559.098763479760699163,36597774.26373778345062261256758367816551,,0.07990314115446243,0.07526945912941019
2020-12-12,2318.0,3130485357.07444,0.0,0.0,275.050748943062,,0.00016639760477682154,3.13048535707444,,5.4812607098632915,1000000000.0,1000000000.0,146667292.881487526599205634,3090.0,3563.0,3635692.6997752246,11381482.759468778766257449919224,1420.011894450615686044,4445.32644244918765021815508937711536,174.50550837,546.2869386811161281330628,5059502.379927543689375901,15838698.11444645559773082090141879907044,,0.08042534030755956,0.07551348068459367
2020-12-13,2409.0,3331020046.53114,0.0,0.0,236.455559271394,,0.00017388837438790837,3.33102004653114,,-13.922009871704732,1000000000.0,1000000000.0,146710412.986735658847053199,3151.0,3621.0,4229124.50475416,14087298.5046121864513464845424,1453.141698452278995496,4840.44412799485019009786317848374544,121.09721499746,403.3772507356306738569109044,5261826.090095702242692374,17527248.18746935253834888609451283152636,,0.06442277714168419,0.07529092704531001
2020-12-14,2313.0,3484029410.61756,0.0,0.0,128.985320053724,,0.0001806436634434547,3.48402941061756,,-9.153419467487096,1000000000.0,1000000000.0,146732797.132798148125588044,3487.0,3972.0,7752820.2401908,27011053.732055842878960230448,2544.252866041193362036,8864.25181333553674478260085141895216,323.3234431999108,1126.468385250625362159164913648,10105772.383915620034005926,35208808.20256875195027277660648435966056,,0.06505604101042844,0.07549262834471213
2020-12-15,2146.0,3336110554.8522,0.0,0.0,137.064441382964,,0.00017167607707140547,3.3361105548522,,-13.722845220238892,1000000000.0,1000000000.0,146754865.251103121174169493,2820.0,3221.0,7295838.292631699,24339723.1345434648618319798878,3002.482849792106135525,10016.614725954157869205939679544405,211.92400879760908,707.001922576294142051552777976,9670997.259180373862526401,32263516.0322983424967135860853811529322,,0.06542483036004407,0.07570589872605266
2020-12-16,2227.0,3525258264.01177,0.0,0.0,120.225715724018,,0.00016495739083423818,3.52525826401177,,-1.9471131906742212,1000000000.0,1000000000.0,146782369.569984460792731692,2843.0,3222.0,8317688.058481,29321998.56563215972543232137,3082.579344257918162111,10866.88830781720890729941013207204647,234.69166037992437,827.3487152489720858801653898349,9932070.647199012318321294,35013114.12778704709931747265566025763038,,0.06501658515672717,0.07602215716820937
2020-12-17,3016.0,3678045353.93459,0.0,0.0,71.017179916922,63.148081676953005,0.00016139375113658058,3.67804535393459,,-3.119062577968302,1000000000.0,1000000000.0,146815746.352301740124910301,4659.0,5117.0,14081099.829222003,51790923.80515913682889465078377,3702.085820511747260608,13616.43955200035648078180822691563072,401.865507,1478.07956092791845518713,18943573.143558610732533072,69675321.18758582411216763339293249976048,,0.06470144942579857,0.0757625868764916
2020-12-18,2607.0,3758088115.29222,0.0,0.0,75.175938400984,68.63417832963896,0.00016304943830433558,3.75808811529222,,8.503909043541574,1000000000.0,1000000000.0,146846013.474653322430623792,3461.0,3815.0,13302128.596866509,49990571.38797280173301686625998,5165.599061992597148513,19412.77644323901891970507196173346886,263.05948064309865,988.600707819772834771071037503,19706760.4215017581215774,74059742.130956857178675995750888347828,,0.062492594815042025,0.07566382915349563
2020-12-19,3874.0,3952052756.41926,0.0,0.0,70.289190957771,74.43383474158439,0.00016565747053908674,3.95205275641926,,6.375926979619032,1000000000.0,1000000000.0,146879864.3004845087996953,6064.0,6820.0,14226938.543093929,56225611.68464177312489588467254,2820.617686789950995549,11147.22990388314279642792403743787374,380.167,1502.44004024964081642,19236612.623907465789643317,76024107.94448303387163503131379750908542,,0.06185724175567677,0.07462152038795385
2020-12-20,2750.0,3762874485.78853,0.0,0.0,162.951268839183,73.02177601039195,0.00015992801883937628,3.76287448578853,,-2.011474854451506,1000000000.0,1000000000.0,146913712.100133298692867699,3790.0,4248.0,6136804.009712271,23092023.23243105080308385205163,1872.28282416064374132,7045.1652692141790507233606295430596,194.20025739166874,730.7511936726756822791514515522,7953457.437034414613125809,29927862.06362183260746699973597145917077,,0.06225332740379685,0.07489259695149394
2020-12-21,2262.0,3539451791.80277,0.0,0.0,160.481515907974,70.45231738461904,0.000154309074316523,3.53945179180277,,-6.938498427170293,1000000000.0,1000000000.0,146940779.336861545387852202,3218.0,3578.0,6231247.220853992,22055199.14101769286538463115784,2421.229495860891519241,8569.82507749054997702651629553209757,261.39167314685466,925.1832258819587258057965754082,8663159.136190269855842531,30662834.12726118781779462109409772961087,,0.06321405163215084,0.07523900153546145
2020-12-22,2608.0,3739512574.52942,0.0,0.0,112.361895003944,76.63676389331974,0.00015740750444893603,3.73951257452942,,0.44817191337796014,1000000000.0,1000000000.0,146963470.740204782950194738,4071.0,4667.0,8899814.300612317,33280967.48811651500780413086614,2571.71885691482522889,9616.9750035874151876744298355389438,375.89100636902856,1405.6491449695006008770045402352,12002211.905221489343229795,44882422.3417424666808771810620350480689,,0.06395620273209099,0.07552234081583781
2020-12-23,2514.0,3352544034.13874,0.0,0.0,141.941454038919,70.84603474157132,0.00014384112358166004,3.35254403413874,,-18.96798945810138,1000000000.0,1000000000.0,146990512.292992428739155049,3409.0,3866.0,7045158.20815681,23619203.1203196887517712158194,2252.952003503867489249,7553.12079854781260797442066592440626,289.935,972.0198545380155819,8709912.445545951713436331,29200365.00718584354242809447362141056294,,0.06377134358856917,0.07685093441935216
2020-12-24,2391.0,3503438075.02875,0.0,0.0,144.210043052679,75.29941800636202,0.0001477767969715303,3.50343807502875,,-14.085191137474615,1000000000.0,1000000000.0,147004838.15368093208874279,3140.0,3500.0,6934329.806937947,24293995.07043316466408149097625,2493.920712738867237718,8737.2967811121852334825597459343925,203.7,713.650335883356375,8728722.494586035332014345,30580538.73389264831719367123498128741875,,0.06442622818673144,0.07662355486122946
2020-12-25,2681.0,3497873831.95769,0.0,0.0,282.237256346378,77.22758156452743,0.00014179133862404387,3.49787383195769,,-4.810260815982972,1000000000.0,1000000000.0,147060375.674230108731831526,3395.0,3909.0,3543118.3428623653,12393380.935027562223408322924157,1233.354546903402979813,4314.11859513944668395923397334011197,101.179033,353.91149187348357111377,4821182.923845402248089047,16863889.58840009708759675053800145642143,,0.06165064336565985,0.07655934939489062
2020-12-26,3120.0,3405840420.3736,0.0,0.0,197.007532127416,75.91348376691874,0.00012862873555735452,3.4058404203736,,0.940484038829442,1000000000.0,1000000000.0,147102290.551331174222495523,4068.0,4866.0,5075948.057423717,17287869.0656905506194946406712,1386.715884536049954951,4722.9330111270089381739631825896936,70.0,238.408829426152,6747759.494152419080789638,22981792.0321440254931479383861509687568,,0.0598078415181759,0.07656990852951417
2020-12-27,2805.0,3622679063.45224,0.0,0.0,121.012268130186,82.01939689520088,0.00013706249171798523,3.62267906345224,,9.143479824494628,1000000000.0,1000000000.0,147655948.699855718707187217,3833.0,4427.0,8263624.9650671305,29936461.14916994180604068059732,2415.797933223422136156,8751.66059421968393118403692868318944,185.58757425341548,672.3242196847362402164598566752,10694737.450380089796761281,38743601.45061054076334690969744702471944,,0.06074833193216238,0.07660025097494057
2020-12-28,2881.0,3726531215.55553,0.0,0.0,103.472487970734,85.04836148139566,0.00013781882148127035,3.72653121555553,,7.188786380083745,1000000000.0,1000000000.0,147693735.740678627156210467,3822.0,4421.0,9664404.709035674,36014705.82798329845757449797722,2926.20671804234905349,10904.6006779531130578302558600352997,212.74740942,792.8098622322026136550926,12936759.90046522516547709,48209239.5972307128286593627885418378077,,0.0603914856665891,0.07630716247480412
2020-12-29,2758.0,3667647365.48875,0.0,0.0,52.069201704571,83.36203241988198,0.00013468546740912982,3.66764736548875,,3.347066648802599,1000000000.0,1000000000.0,147844140.834539925446270417,3564.0,4090.0,19205210.89748569,70437941.1518192228798529809875,5466.386309636330723232,20048.77734728145879416514572465964,157.01826489147993,575.8876255628510531805952657875,22357520.00641259265801893,81999499.3503811664681356293962262020375,,0.06037864226813693,0.07590157663471735
2020-12-30,3765.0,4137206225.68767,0.0,0.0,79.782795023757,94.65729223305607,0.00014343080728498284,4.13720622568767,,9.54695097341081,1000000000.0,1000000000.0,147882069.567903609266017816,5621.0,6256.0,12534030.672931794,51855869.73301363401007265677998,2689.96020299835963424,11128.9200986968820763623331136778208,395.5515,1636.478128380096400005,16828391.029957737871805965,69622524.13744769426972492799243693295155,,0.0632793025139343,0.07681329908201279
2020-12-31,5442.0,5151001087.81704,0.0,0.0,42.370907048158,117.69134529095136,0.00017748197657561156,5.15100108781704,,44.75457549182168,1000000000.0,1000000000.0,147921905.710896332960589061,8970.0,9995.0,23601099.66169496,121569290.0310691136900127701184,3084.202444870874930537,15886.73014857785110739443614696495048,385.604829,1986.25089364650369248616,30826603.43648439493071662,158787867.8350356218184038093431586472048,,0.07342233332299997,0.08128343529735907
2021-01-01,4636.0,4747146726.42158,0.0,0.0,70.407828378618,109.0415539913173,0.00016157367724520182,4.74714672642158,,18.48587864702647,1000000000.0,1000000000.0,148404603.726599763272397584,6970.0,7946.0,14202966.105167989,67423564.05162487711197073480262,2409.389339744562075292,11437.72471684344988987569577369360136,246.0496785398392,1168.033926017479742325284609936,19145007.693610290250269823,90884160.60003805282495033703475824998034,,0.07252491443973591,0.08177885377617784
2021-01-02,3984.0,4849113729.97269,0.0,0.0,67.69154985899,110.97503725289087,0.00015142747483294606,4.84911372997269,,24.673767288525173,1000000000.0,1000000000.0,148447464.71972788660770298,6542.0,7242.0,14772892.659174174,71635436.62501424990628697330806,2696.316324626180750678,13074.74451009431379674885561263898382,399.587115565,1937.64336840642548332391985,19526722.822942800996407704,94687299.74210302051604371024896402560376,,0.07226537626931419,0.08129495794113221
2021-01-03,3839.0,5502748606.98052,0.0,0.0,77.02587876512,125.31658169736914,0.0001653577691136571,5.50274860698052,,55.62788625736847,1000000000.0,1000000000.0,148493480.297208583679765199,5678.0,6251.0,12982649.676083134,71440257.41998256481900423854968,2718.471814748560933834,14959.06699172344990295836070224691368,378.6439911777431,2083.582694994870147980719264412,16993167.313993254397397544,93509127.76526328534339937107555990384288,,0.07274221235174039,0.08104252207940316
2021-01-04,4038.0,5330531569.4862,0.0,0.0,65.580275996301,121.56181811712679,0.00016761546374489386,5.3305315694862,,45.06855698100907,1000000000.0,1000000000.0,148577874.713412745837264243,5669.0,6201.0,15248487.21369207,81282542.479492242663254914434,3300.384339095598016701,17592.8029109869330026267494895890262,400.0,2132.21262779448,20465683.286731803301563584,109092970.8510299715492921143380035105408,,0.07308242095840493,0.07971491711264977
2021-01-05,4455.0,6352674735.03193,0.0,0.0,81.296422768096,144.74634606627376,0.00018677100534134308,6.35267473503193,,74.54668784297418,1000000000.0,1000000000.0,148620385.618789585736613819,6133.0,6660.0,12300664.235283392,78142118.91159566013253371870656,2440.733779929904557029,15505.18781869968737999265681482093597,295.14459999999997,1874.9576436011047764977579490421,16255286.974333164349813327,103264550.87253991795075228233688288453111,,0.0787496965474774,0.0806065651415077
2021-01-06,4517.0,6359754728.22761,0.0,0.0,96.375962176783,144.77623874594536,0.00017355856581417582,6.35975472822761,,69.22705023773624,1000000000.0,1000000000.0,148676498.345872629178943667,5974.0,6597.0,10376031.29881798,65989014.1128953176003334004278,2037.102469967472062228,12955.47206525977334715172953006771508,191.902957,1220.45573814160972804277,13438764.994375413194521176,85467249.21451872477117942055932509286936,,0.07876951097465529,0.0804834233688986
2021-01-07,3974.0,6251990200.89441,0.0,0.0,117.112580578349,142.71142807951497,0.00015942589292051472,6.25199020089441,,88.61459722263724,1000000000.0,1000000000.0,148728034.697139817647795042,5145.0,5725.0,8538792.289108446,53384445.71897875234053068518686,2042.902281893526126589,12772.20504778315501682677613068246749,200.0,1250.398040178882,11695615.563840437074724311,73120873.89855856247134758539775637100151,,0.07433995547512064,0.07891596760807842
2021-01-08,3490.0,5897581960.61793,0.0,0.0,85.747377802891,133.29379162745298,0.0001446357681490594,5.89758196061793,,75.38326175100723,1000000000.0,1000000000.0,148783392.687262040191447513,4501.0,4978.0,11662164.20400307,68778569.2312926665431968170451,2952.550740230118932437,17412.90998339026534350530742844079541,246.25051853415317,1452.2826158998329621866224683381,14697797.584865532045671391,86681465.89731674087996944986668808264063,,0.07574134874232588,0.07863652897997414
2021-01-09,3488.0,6291905180.85819,0.0,0.0,147.079172239683,141.5668614201501,0.0001558533275803206,6.29190518085819,,93.82866111871357,1000000000.0,1000000000.0,148827826.071412544000903973,4476.0,5043.0,6799059.205815891,42779035.84203457532905451949729,1918.147353030543859673,12068.80126818230248579102424107277187,220.48,1387.2392542756137312,9673217.101333032684332584,60862964.79544335143585448543175250026296,,0.07548265519610999,0.07712315574052553
2021-01-10,3737.0,6011646974.26237,0.0,0.0,112.267401732098,134.95744394074862,0.00015684191139574336,6.01164697426237,,102.1343609302128,1000000000.0,1000000000.0,149252633.036995865333688509,4956.0,5534.0,8907305.099892527,53547573.75260068730382210030899,2148.851022584313630516,12918.13374805958873955391182582248292,249.66202009,1500.8799276622795318710133,11891741.558981591631273335,71488952.16176176408467806831593547490395,,0.07375104737871326,0.0771143662347208
2021-01-11,2776.0,5197197671.27264,0.0,0.0,56.653995699784,115.04791491782397,0.000147356658015478,5.19719767127264,,66.01891011972735,1000000000.0,1000000000.0,149283063.623931442536312882,4000.0,4401.0,17651005.681913752,91735765.62566228890638855734528,4897.112925700485887404,25451.26389340971016564741750842582656,487.139875,2531.76222393404494052,21552193.986007838390466656,112011012.39489613443902287022513500509184,,0.07970792557560082,0.07975118214149493
2021-01-12,2866.0,5531798007.84867,0.0,0.0,118.309566972944,122.32129895521982,0.00016408759864073108,5.53179800784867,,66.06918993505843,1000000000.0,1000000000.0,149314042.20709956238324961,4062.0,4668.0,8452401.826715223,46756979.58655972980623896930341,2557.690930428723327503,14148.62959363822292056244831287297101,400.0,2212.719203139468,11939301.263241280492783128,66045802.94310322459318066286943615323976,,0.07971386477823783,0.07269983460804291
2021-01-13,3215.0,6312246666.30061,0.0,0.0,99.561920520018,139.1684514670555,0.00016924479837180964,6.31224666630061,,81.1766182875516,1000000000.0,1000000000.0,149509992.267583444064315792,4616.0,5276.0,10044000.706062555,63400209.97316433583844109465855,2712.133788123725053786,17119.65746264522840430922216589460946,313.97860000000003,1981.9103711397328963133999890183,14309217.86614077338377753,90323312.7729162250611518301151123432933,,0.08231126013251033,0.07446503381338922
2021-01-14,3604.0,6736792014.46626,0.0,0.0,74.735940328406,147.1977234107334,0.00017253688261422207,6.73679201446626,,101.93551453706908,1000000000.0,1000000000.0,149550320.7008080526434858,5620.0,6321.0,13380443.138947332,90141262.48848024400217223101832,2992.611858171451980828,20160.60366852647355221757270817286328,400.0,2694.716805786504,18916299.555501747970816116,127435175.78875583932358296034017034624616,,0.08182064540373205,0.07482502795149118
2021-01-15,4167.0,7321307509.68952,0.0,0.0,57.155694176998,158.0597456213833,0.00019943460104008954,7.32130750968952,,107.68145087213605,1000000000.0,1000000000.0,149581925.790830689594989835,6202.0,6820.0,17496069.54126445,128094105.322509493009847713564,3682.854556210361316431,26963.31071947718276318757371528450312,400.0,2928.523003875808,25117068.073354664178058089,183889779.10683438644492950807794491452728,,0.08235435098796745,0.07463583152066924
2021-01-16,5719.0,8391397398.18959,0.0,0.0,59.685100287883,178.19791753262228,0.00023195225795799587,8.39139739818959,,128.14828504528606,1000000000.0,1000000000.0,149631417.786291953887470975,8499.0,9279.0,16754600.31358982,140594509.4791641042607418539738,2585.370509170813501743,21694.87136401205995090317319650945537,291.2192824682691,2443.736729206872607066960938669,23989652.954595978482673602,201306711.38666790428443310346661768420318,,0.08481639829211962,0.07616327014397821
2021-01-17,5228.0,8750660209.31421,0.0,0.0,67.777741375394,184.1235447973695,0.00024260257540403938,8.75066020931421,,132.8487236290834,1000000000.0,1000000000.0,149687709.966242238702947082,8029.0,8972.0,14754106.284855315,129108170.79087611202842522352615,2203.364531306422932218,19280.89433071736910846694786309421778,223.62,1956.8226360068436402,19768586.574881226547861224,172988183.93519623564117707710443929119304,,0.08484865593201009,0.07498611164106524
2021-01-18,5129.0,9124193044.94252,0.0,0.0,65.348979809591,187.92622450250505,0.0002493337471161429,9.12419304494252,,130.8722481025141,1000000000.0,1000000000.0,149743866.125762277441749387,7757.0,8760.0,15302457.711103158,139622578.21817446823190190047816,2383.090387549168334421,21743.77673954549627698199610608248092,215.86053655,1969.553206267070631109106,20875871.794930714609531926,190475484.23841854738639847243889877489352,,0.08478616802736473,0.07472467185283069
2021-01-19,4413.0,8723414720.14973,0.0,0.0,54.449060917881,174.36366433516278,0.00024064495283910038,8.72341472014973,,131.8284798787726,1000000000.0,1000000000.0,149790808.851865582911144772,6417.0,7174.0,18365789.659957178,160212399.86684415082064554826194,3075.756907667401362676,26831.10308394802299310091699675347748,247.41713959999998,2158.3223176039805058440135970054,22065480.055605937375837737,192486333.52424311695250696428057282436101,,0.08466009252760726,0.0750819906706476
2021-01-20,3681.0,8978071368.02064,0.0,0.0,94.589914570885,176.7987648323056,0.0002527931866546707,8.97807136802064,,153.65711686802732,1000000000.0,1000000000.0,149827087.12268559546698189,5202.0,5882.0,10571951.61383303,94915736.0882539244569945537392,2463.047427102847194392,22113.41558334897688614534813434825088,200.0,1795.614273604128,14487644.966218947197412677,130071110.46125868204429735812408673365328,,0.082966480823885,0.07504368176628382
2021-01-21,3199.0,7673281966.83879,0.0,0.0,74.686454368662,148.92320329575503,0.00024734210358969087,7.67328196683879,,105.19470957533535,1000000000.0,1000000000.0,149861009.811788019768811339,4896.0,5504.0,13389308.790371379,102739941.68959279524352672299141,3445.519998263593332527,26438.44646905844975218078975947232233,376.7702060533927,2891.064027751633319161573462833,18964142.070442817702227533,145517209.36569770743599481805802131040507,,0.0896192677126291,0.07811794842623562
2021-01-22,3200.0,8729129944.56292,0.0,0.0,98.855083577607,166.91721320665317,0.00026462786124886625,8.72912994456292,,160.3733121973866,1000000000.0,1000000000.0,149881037.173899524646421083,4692.0,5143.0,10115817.657621475,88302286.828881953315775680707,2996.126717561667163484,26153.57944797255915517954144456441328,297.0,2592.55159353518724,15409079.708419654221795662,134507859.10092287173506612236803614205304,,0.08794631499298529,0.0786482791260711
2021-01-23,3537.0,9327131365.90341,0.0,0.0,92.872049560996,175.56348592359222,0.0002911427514156961,9.32713136590341,,166.22794997816166,1000000000.0,1000000000.0,149922859.008564631106305814,4689.0,5306.0,10767502.221895339,100429907.70627467531649020320599,2895.961551497924572935,27011.01382142659564186500864471020835,160.46135079650264,1496.6440980292898947723720500024,15365971.992247987783990961,143320439.33648951647571569186352703907701,,0.08814552680214256,0.07887020398209771
2021-01-24,6162.0,11985038093.2179,0.0,0.0,55.813325423783,216.92759667705357,0.0003720200923474781,11.9850380932179,,242.63780424893469,1000000000.0,1000000000.0,149986665.581873400473960316,9137.0,10198.0,17916868.282030072,214734348.8712979658901870486888,2518.801217014322951837,30187.9285351602670895580702980462823,210.07162366,2517.716411869234687175514,25686734.811112065462830619,307856495.2015644037792759633861203588801,,0.09641679280747227,0.08307173532445761
2021-01-25,6360.0,11402633458.3254,0.0,0.0,49.600363952706,198.2330931127535,0.0003517192129144304,11.4026334583254,,234.79646873985365,1000000000.0,1000000000.0,150039255.794077905422499608,9538.0,10546.0,20161142.385033578,229890116.7176462306883426502812,2693.794710236597945583,30716.3536928038076291097680875067082,256.4889930245339,2924.64997355374038132540953106,28408759.014155161934119982,323934666.0443089552566105882329203981428,,0.09706790145459357,0.0824348938931134
2021-01-26,7002.0,13810183896.3212,0.0,0.0,42.895714106651,226.86103847302107,0.00042309783935248985,13.8101838963212,,281.2146661195197,1000000000.0,1000000000.0,150084566.153972732919059902,11094.0,12464.0,23312352.31365331,321947872.507381210252241203172,2597.322717436772744897,35869.5043658945374166289569843729164,210.0,2900.138618227452,32373030.350131935492401629,447077502.4165095143609381848601259872348,,0.10087685837135967,0.0851916407456272
2021-01-27,7893.0,14960983808.1892,0.0,0.0,49.262368061129,233.61379861957334,0.0004928033194979651,14.9609838081892,,301.47211824600004,1000000000.0,1000000000.0,150130035.969701660620733579,11591.0,12768.0,20299470.759487573,303700053.3475037018979130328116,2102.871900879064104229,31461.0324597477223932104122525521268,152.08007994500002,2275.267613605264380905270163784,26849468.430423890482798902,401694462.4460589195165558754215243682584,,0.10103040599795629,0.08545372506758742
2021-01-28,8282.0,14308107826.5876,0.0,0.0,50.936565643919,214.2918152322949,0.00042696383378174947,14.3081078265876,,290.1167806158732,1000000000.0,1000000000.0,152674924.888285397066322325,12025.0,13306.0,19632261.958740328,280900520.9854704932855627447328,2192.943208377515986892,31376.8678830484586837321670106897392,100.0,1430.81078265876,29179302.330671227721578397,417500604.0518427912456464245974343880772,,0.1017731819917843,0.08591542692481209
2021-01-29,7463.0,15427464664.675,0.0,0.0,63.619669575586,222.89146558268243,0.0004515423869497454,15.427464664675,,272.8957132686976,1000000000.0,1000000000.0,152737640.801999429690463984,10841.0,11844.0,15718409.206949826,242495202.62512063005063959655,1687.178679020053395337,26028.889453574917512293325913620475,102.62569271999999,1583.25424812559423439135335325,19982944.274313512414375465,308286166.688141323015664432795772198875,,0.10095498246128058,0.0860328448684288
2021-01-30,9771.0,19286345324.8549,0.0,0.0,56.305188319367,265.1854121663063,0.0005614670123181445,19.2863453248549,,274.4193603544418,1000000000.0,1000000000.0,152801882.667895919339103561,14096.0,15484.0,17760352.63975912,342532294.101592685970084951688,1573.483436866371363816,30346.7449263443615555572752753102984,93.7525630619238,1808.14430630249826873594985662,24363817.536438894197324589,469888998.4395160943262034310196646271361,,0.10120158144364015,0.08910075291322933
2021-01-31,10963.0,17794533498.7345,0.0,0.0,52.629957870095,233.20128968150811,0.0005366615401879378,17.7945334987345,,274.8469243576151,1000000000.0,1000000000.0,152871223.051369912824890978,15159.0,16760.0,19000585.226920813,338106550.3160022681710672111485,1602.542813263793566793,28516.5017737788010311971953067234585,74.5173921,1326.00222996178359029745,26858617.550301180179456883,477936569.7285327052829753728319778145635,,0.10115292051382078,0.08938294313522167
2021-02-01,8304.0,20446357891.5744,0.0,0.0,57.963044037812,255.53955217272855,0.0006090614334265159,20.4463578915744,,321.65144045177,1000000000.0,1000000000.0,152921118.624978979465457665,12254.0,13346.0,17252372.034630347,352748173.0986416831482098483168,1731.000563457111718474,35392.6570309610491487392053494254656,101.21550682,2069.488476618809503737408,23101933.519898612994747448,472350400.7352061619389393882710951021312,,0.10251064661301552,0.09028538871262802
2021-02-02,7708.0,19147480601.0954,0.0,0.0,59.332214615695,229.94331095465574,0.0005379087678789275,19.1474806010954,,247.96211800055403,1000000000.0,1000000000.0,152977408.858541502680505308,10782.0,11812.0,16854250.367648788,322716431.9605601816962352823752,2008.923089690217201013,38465.8158889360682186293817697896402,100.0,1914.74806010954,23729399.535420845578364505,454358217.280112837798430133462643478777,,0.1034341174125399,0.08967943995240518
2021-02-03,7288.0,19783403133.4903,0.0,0.0,110.289482344335,235.98719040552982,0.0005264571466297411,19.7834031334903,,271.1337767275841,1000000000.0,1000000000.0,153127093.971023744854255626,9325.0,10055.0,9067047.725166576,179377060.3775665360849317802128,1276.276428514689636284,25249.0910950773198198842684064420452,72.09599765,1426.304185821119305097795,12832959.488715204292837944,253879610.9610024507889822954556569959432,,0.1025230992772622,0.08967126946211024
2021-02-04,7145.0,20228543675.384,0.0,0.0,76.347321651706,235.07236855956478,0.0005448149185784434,20.228543675384,,218.42561628149102,1000000000.0,1000000000.0,153185667.522025744854255626,9333.0,10145.0,13098036.425717289,264954201.899392719726572513976,1733.272033126053976978,35061.569023412006114427322241309552,100.0,2022.8543675384,17584044.776063817596438859,355699617.742514802030805489705699346856,,0.09950725189029752,0.08953902524347902
2021-02-05,8055.0,21224299778.1132,0.0,0.0,44.578873927203,234.1023853990755,0.0005578675000504694,21.2242997781132,,233.72827546178286,1000000000.0,1000000000.0,153230642.818433995684364655,9660.0,10240.0,22432150.296864655,476106682.568346450626151668946,2543.216151948256333792,53977.9820094892832411891821151612544,50.86330601,1079.538054462146792020332,26042533.395950144858029623,552734535.7771702603897675253542526473236,,0.09926611912362751,0.0895733303067737
2021-02-06,7940.0,19307571729.4875,0.0,0.0,74.979087322498,207.131325546696,0.000490765738108502,19.3075717294875,,208.82280856302938,1000000000.0,1000000000.0,153272532.47482040424849697,9416.0,10059.0,13337052.179614166,257506091.617818114527074919925,1694.586417041774417519,32718.3487988492784339931517488915125,51.07081296779621,986.053384658965712951147742375,17045844.769023208865818651,329113870.5676248917674411548106041713625,,0.10178687278576114,0.0887554945782407
2021-02-07,6479.0,18614612605.8046,0.0,0.0,110.998682675094,196.5830491301679,0.0004772608976726009,18.6146126058046,,215.63126600201107,1000000000.0,1000000000.0,153311867.809489966530557527,7870.0,8489.0,9009115.927322472,167701202.9078918858660832209712,1456.104648340661046768,27104.8239423727432552550031888695328,59.56,1108.686326801721976,12360872.359763871626012691,230092850.4468022174938436948888598661786,,0.10115397150427018,0.08914395521442815
2021-02-08,5800.0,19141265596.5677,0.0,0.0,114.201023234802,200.1436071339757,0.00041501437399591037,19.1412655965677,,204.22050311249143,1000000000.0,1000000000.0,153362025.666392913278507592,7149.0,7697.0,8756488.967213161,167610281.0148419094343958674997,1655.917011188607260472,31696.3473170356993092802766630819544,67.81918,1298.144936921432228486,12745593.235118710083849382,243966785.2992237775834613426370629661614,,0.10104582839496176,0.08874984006195699
2021-02-09,6156.0,19572709091.576,0.0,0.0,139.780739412842,202.14526568281713,0.000420482963328655,19.572709091576,,225.57981490550807,1000000000.0,1000000000.0,153425055.860741985389000902,7168.0,7617.0,7154061.4551086435,140024363.684098374423270637156,1234.090222938858387798,24154.488926340446272428300502989648,59.37888512,1162.20564463587086374912,9400065.22812528433985635,183984742.1519351792570664790588351076,,0.09988471826495829,0.08741640349937595
2021-02-10,7436.0,20759142396.4434,0.0,0.0,62.712301024771,207.2681414647149,0.00046051473644030043,20.7591423964434,,299.4295331730205,1000000000.0,1000000000.0,153480103.098164573310745499,10077.0,10785.0,15945834.926468438,331021857.8687388770480935534092,1868.414800704758091584,38786.6889034524895005579549330723456,91.78985373,1905.478644129781358223882,20150853.625600816017730583,418314439.8237350992634582350833586085022,,0.09360979600946241,0.08745114430522247
2021-02-11,6416.0,21645408616.8235,0.0,0.0,180.071621430361,215.14826084495868,0.0004519549937286877,21.6454086168235,,291.29065425224104,1000000000.0,1000000000.0,153519350.729662184924622839,7677.0,8268.0,5553345.896797681,120204441.1267459514722323863035,1018.802992380540556074,22052.407070119319167406965881510939,57.25692677,1239.349576080190129515095,8423463.141002309317616109,182329301.6557465308760402080520520097615,,0.0935621533201795,0.08737017109730848
2021-02-12,8045.0,22847094751.099,0.0,0.0,106.294505472459,224.03936635070386,0.00048073633263268415,22.847094751099,,261.9487000258324,1000000000.0,1000000000.0,153560640.722286602456367532,10230.0,11045.0,9407824.003274545,214941446.404477038457737474955,1160.86347888882194669,26522.35789526332869520469419691231,50.0,1142.35473755495,12821737.124327038401192879,292939442.953183465438577634741196224021,,0.09214874497636891,0.08740236873529697
2021-02-13,7213.0,21927900469.5494,0.0,0.0,59.010984226222,208.16513374378295,0.00046448928468008176,21.9279004695494,,225.49469276270506,1000000000.0,1000000000.0,153604592.840037384044303559,8454.0,8983.0,16945997.649631444,371590149.8183363696734547513336,2400.233209356024787414,52632.0749184660392491312759153712516,49.237368762572736,1079.6721216081956577791706451584,21561294.919645170665335841,472793928.9925804305748558866699449400454,,0.09329734907770415,0.08736925963316307
2021-02-14,5512.0,21055961625.2068,0.0,0.0,251.258426175844,199.64636381645352,0.0004312110588768394,21.0559616252068,,187.59837771244952,1000000000.0,1000000000.0,153638709.323314931878364608,6690.0,7442.0,3979966.026294164,83802011.9192767151196941331152,772.099800589118995155,16257.303772034312193304070735073054,50.0,1052.79808126034,5745966.715984223561947169,120986854.6714793513426459381740002995492,,0.09402475392628243,0.08780085273256133
2021-02-15,5443.0,20185595840.3767,0.0,0.0,123.141634848055,189.29841390978046,0.00041956961996151535,20.1855958403767,,140.5510653652473,1000000000.0,1000000000.0,153679945.315781885260576687,6776.0,7365.0,8120730.2569427965,163921778.89536572323615691144155,1376.231886982084735139,27780.0606532593463359754515414868613,79.39380704,1602.611301138294360711968,10135947.847623054074301492,204600146.7112550857645148522907826520364,,0.09304576432183778,0.08827302017761338
2021-02-16,6442.0,20381371766.56,0.0,0.0,109.127039658962,188.584148132685,0.0004147581004504834,20.38137176656,,132.91238922597006,1000000000.0,1000000000.0,153706851.846397629991192895,7476.0,8084.0,9163631.700494653,186767384.41961592264044420368,1450.7613983010404253,29568.507403347932075682634717968,42.70564607152859,870.3996491149567824878459504,11727955.143865610798125372,239031813.84866468289982192465599716032,,0.09308084419438228,0.08830194753389595
2021-02-17,5666.0,21477635799.1077,0.0,0.0,139.201111407255,196.58253654091766,0.00041125248135259496,21.4776357991077,,135.3921677601134,1000000000.0,1000000000.0,153755576.721007379231707336,6811.0,7304.0,7183850.688334965,154292128.7192275367065457107305,1342.454955927489172185,28832.7586201177910914588216346593245,50.051582260055845,1074.9896549505592997206031695065,9805290.998094380913637299,210594468.9613403461319735451284656381023,,0.09315432364167056,0.08831113256163421
2021-02-18,5568.0,21127122804.1739,0.0,0.0,160.130725039947,192.06673655132485,0.0004090434499936163,21.1271228041739,,142.18867819471583,1000000000.0,1000000000.0,153794531.272503464753586046,6556.0,7045.0,6244897.721849056,131936721.0690108277773025748384,1249.815443412550389702,26405.0043555300078236816534771771778,51.92364217,1096.997164565572566053363,8804949.798841417495449653,186023255.6847089051178174526326457066567,,0.09252318544989867,0.08792717697019403
2021-02-19,7359.0,19911948417.57,0.0,0.0,100.389505593831,178.3830060435878,0.00035671387477097054,19.91194841757,,121.78425188838646,1000000000.0,1000000000.0,153827593.392107188793057963,8710.0,9332.0,9961200.566580478,198346911.85881953633815419846,1463.82294122724166515,29147.5668981724377881595143166855,64.44955871,1283.3162885686693105347,13660395.687532619219181921,272005094.29374518943914682084590275197,,0.09393112712804058,0.08789331217574642
2021-02-20,11611.0,28692230401.3862,0.0,0.0,34.45025125887,238.35815163397217,0.0005136286306122826,28.6922304013862,,273.9238376145158,1000000000.0,1000000000.0,153872575.508825646926666799,17489.0,19171.0,29027364.48816225,832859829.83936708223589051095,2017.122657255217838322,57875.7480298230772468119563562819564,144.91030104061724,4157.799744991624267594599618088,38670258.462239781178469794,1109535965.4797382138985956335581324284428,,0.10632139088776535,0.0980091265261685
2021-02-21,8512.0,28854823212.003,0.0,0.0,76.485851677573,232.77429511590236,0.0005018167627105624,28.854823212003,,230.55783789741488,1000000000.0,1000000000.0,153916710.240778692739316163,11732.0,12824.0,13074313.458853984,377257003.473543167382253169952,1269.010644761721169748,36617.077808749405249850667754085244,89.42089533000001,2580.22412620617495119422212003,16273792.508424312280853925,469577405.819402372924245771208149661775,,0.10530190351007955,0.09627095082773067
2021-02-22,6873.0,27454017825.0403,0.0,0.0,67.016035118589,214.79245541756208,0.0005088586113092519,27.4540178250403,,194.34578272803333,1000000000.0,1000000000.0,153955539.372988037854537965,9199.0,10067.0,14921801.897567283,409663415.2775323602352914365049,1905.806533672180609455,52322.0465465143131619039224139360365,114.4851,3143.07597610152124953,19185754.37447784219537866,526726042.583759590600754321305088259998,,0.10642328619941516,0.09689579873023793
2021-02-23,5801.0,24441653982.4493,0.0,0.0,58.352285253306,186.08101076973037,0.0005033238846667944,24.4416539824493,,103.93472087736087,1000000000.0,1000000000.0,153978394.023324090898804061,8140.0,8972.0,17137289.40793029,418863697.905725579087897859297,2465.31951528308537752,60256.486548728801632924371544759736,200.28942,4895.404699985460476406,22118846.6911198420071137,540621197.31519480825070158294554958541,,0.10188148866131223,0.09872854449869468
2021-02-24,5676.0,25174986526.3135,0.0,0.0,112.040088846246,189.0969031912107,0.0005078945861703551,25.1749865263135,,120.78221332224352,1000000000.0,1000000000.0,154003153.791728554245199321,7477.0,8133.0,8925376.713796705,224696238.5121043122779720970175,1555.310809601144260445,39154.9286759385481296950684897195075,91.89672898000151,2313.498913883821362244884733385,12649342.814486106270201563,318447034.9214082119388698581448483280005,,0.10093128398323792,0.09842478095212567
2021-02-25,4988.0,23959823956.5419,0.0,0.0,153.387223632106,178.00924360818817,0.0005036948765314216,23.9598239565419,,73.4938805769588,1000000000.0,1000000000.0,154026465.862774852032583192,6215.0,6677.0,6519447.815278723,156204821.9479398989235877279937,1238.952195797767581562,29685.0765018855424269322017517204478,52.0,1245.9108457401788,8272483.811341694142092071,198207255.8030897667846885347590525692749,,0.09684119257605937,0.09892686512845958
2021-02-26,4788.0,22994677563.9239,0.0,0.0,59.563027027722,165.8972284476191,0.0004973782913422817,22.9946775639239,,53.697630174141985,1000000000.0,1000000000.0,154044597.068654780407080647,6217.0,6778.0,16788938.539583772,386056228.3582642496840290829508,2875.498023021706090271,66121.1498750847551194047705463743769,94.44964722584504,2171.839183984666164074795752456,19490125.600041123879857603,448169153.8533244701993431256916619284117,,0.09670669913132168,0.09936965373649861
2021-02-27,5183.0,23117394323.6954,0.0,0.0,184.112527585335,165.35673156587313,0.0005043665270649236,23.1173943236954,,61.56849391879907,1000000000.0,1000000000.0,154063462.84536707476580137,6202.0,6761.0,5431460.92835266,125561224.034473129955525619764,1219.613520477540259959,28194.2866753896526967202123095324886,50.0,1155.86971618477,8245807.011948649697579775,190621572.212309441882455448424314300535,,0.09608484496527527,0.09923977681944952
2021-02-28,4704.0,22416989604.8252,0.0,0.0,139.103401721752,158.8211005277966,0.0004942075489177033,22.4169896048252,,45.30572645649579,1000000000.0,1000000000.0,154083972.3636823644416529,5908.0,6652.0,7188896.803546873,161153424.9152713600099951715996,1983.44680850511844051,44462.906487982959168079786195148852,72.27107831,1620.100011204777983061412,13193888.170176047866272554,295767253.9580626443860674999477767275608,,0.0957776912503826,0.0988404616147022
2021-03-01,4709.0,25300703259.4584,0.0,0.0,213.102059405833,178.15000969490424,0.0005097408097192541,25.3007032594584,,31.184539285691486,1000000000.0,1000000000.0,154103258.352590547665284212,5917.0,6690.0,4692587.217543455,118725756.710194515873141764772,995.655427713378200619,25190.7825252453152063645016844847496,69.61579030989375,1761.328452803301298846786545,6660934.811402500162144451,168526335.0938911587306630459187928253384,,0.08964114522674976,0.09640781845976865
2021-03-02,4919.0,25550136402.1997,0.0,0.0,125.863245324764,177.65267779169506,0.0005289368011693785,25.5501364021997,,43.584187829463254,1000000000.0,1000000000.0,154124480.877315038759311615,6727.0,7676.0,7945131.220951006,202999186.4286736461639443278982,1448.951085901036122886,37020.8978848868475447209708099123342,95.70506917,2445.277571675457228653249,11122148.535376353279271081,284172412.1643914417532307764338609968757,,0.08803198780856875,0.09538608994874588
2021-03-03,5034.0,25578424482.625,0.0,0.0,192.340614046583,176.34731650297815,0.0005046002908203936,25.578424482625,,25.1001504437396,1000000000.0,999926579.920658039031241045,154149335.9470918304943051,5828.0,6347.0,5199109.948551014,132985041.19587646064136913175,1120.882196864385725262,28670.40062641449884197310774257275,27.427041,701.540497000359662625,7114239.303498256198238752,181971032.775852824150024749561825684,,0.08471738008102048,0.09544586761969674
2021-03-04,7086.0,28501975197.436,0.0,0.0,7.3423370504,151.6316074065085,0.0005879994111757283,28.501975197436,,48.854963173616916,1000000000.0,999926579.920658039031241045,154201991.305310639619049358,8689.0,11177.0,136196417.18102878,3881866904.47332858439409820808,12588.379105923462768123,358793.669052952104887577338012132628,81.01230256446975,2309.010638379697671874899561,140700313.266906543359308398,4010236839.004845676328384271774462867528,,0.08548755074012143,0.09515484090919382
2021-03-05,4770.0,28079634016.6938,0.0,0.0,5.720325168065,115.85560385963358,0.0005753926990581998,28.0796340166938,,41.9353072230492,1000000000.0,999926579.920658039031241045,162723836.570368520220432362,6640.0,7344.0,174815237.00484398,4908747875.637605789014784433324,24470.169105273385413612,687113.3928026842413647764194257560056,129.31091945,3631.00329251817192711441,179708921.909127742477566433,5046160756.7429130685829153566975205192154,,0.08555654994388284,0.09500174012564931
2021-03-06,5242.0,28339751843.1487,0.0,0.0,145.649150369628,115.99183062802327,0.0005787104005953389,28.3397518431487,,40.09783550377472,1000000000.0,999926579.920658039031241045,162747415.963949975939617305,6545.0,7332.0,6865814.166867475,194575469.6901989807346196185325,1387.15165985484339075,39311.533809098076547304096864454525,50.77129215606047,1438.845820458755839445552401889,10170595.970055711740979214,288232165.8883070972448397029170750111218,,0.08553406987210496,0.09302365891137887
2021-03-07,7893.0,34368960545.0794,0.0,0.0,26.542940503359,133.00933123664814,0.0006727605522536391,34.3689605450794,,61.932129231048485,1000000000.0,999926494.280929269031241045,162767337.998678844365414817,11465.0,12864.0,37674800.946543224,1294843747.2754640989882526119856,3819.437111144705058052,131270.0833773444112324760121399493288,115.03641122985333,3953.681878806357915958515204402,49133238.99776548586677986,1688658352.566158506094534714118446020884,,0.09155896292996654,0.09545458925462903
2021-03-08,6920.0,33278787620.0846,0.0,0.0,71.579879273577,126.39412662911477,0.000638889649506332,33.2787876200846,,72.36133101740367,1000000000.0,999926444.880929269031241045,162795798.690561336770668103,9186.0,10030.0,13970406.350896755,464918185.917774202569458965473,2039.094405073384302178,67858.5896437399140934927737483242588,65.5354614116856,2180.94070190373476864770060176,20452116.882886044550848605,680621654.126711338357841175937271891983,,0.08964551901328538,0.09559607121091401
2021-03-09,6698.0,32796916531.8547,0.0,0.0,70.081109973249,122.35062717318853,0.0005991493358367572,32.7969165318547,,76.18908986388269,1000000000.0,999926444.880929269031241045,163234718.670968164770668103,8032.0,8545.0,14269180.388006357,467985118.1634225525040166003279,2724.711144513988852447,89362.1239800395815707848403735434509,30.91,1013.752689999628777,23282656.7298720347441608,763599349.40943822452239532533801903576,,0.08927230163581762,0.09509260145521997
2021-03-10,5391.0,31067428777.7462,0.0,0.0,108.568408572465,114.61515456239063,0.0005536283079250314,31.0674287777462,,62.30603259231214,1000000000.0,999926434.359804159031242045,163254959.175451694810182313,6686.0,7192.0,9210782.520889001,286155329.9550286392072691495462,2220.645893415671985278,68989.7581342859686238852319804204436,33.8346107314191,1051.15435912113015191522563242,15970885.265445512918118585,496174340.501784686342958014067020633127,,0.09023872112074813,0.09556469122219775
2021-03-11,5097.0,31063194788.8122,0.0,0.0,98.190730719907,113.26463722778287,0.0005369864969968758,31.0631947888122,,58.70666979964285,1000000000.0,999926432.359804159031242045,163275056.354536053740764989,6302.0,6714.0,10184260.700254314,316355673.9120446934600619858308,2130.624969481415352865,66184.018448908254052192054417216953,41.6,1292.22890321458752,14305016.045098222679132256,444359499.8659700177063132674018729463232,,0.09027893199776467,0.0951622403507567
2021-03-12,5482.0,30979475090.3601,0.0,0.0,42.592173681052,109.775142769441,0.0005403273529070591,30.9794750903601,,49.232923493350654,1000000000.0,999926432.359804159031242045,163298669.971419651724358606,6595.0,6957.0,23478491.787914477,727351351.5029207081647059331677,4114.626214708368516575,127468.9603247005709736919481195686575,57.67621961,1786.779008714133721581561,28625454.57572611976981539,886801556.978941872264071384132745621939,,0.0899561499069697,0.09251176183067845
2021-03-13,5244.0,32439661650.03,0.0,0.0,202.743770257274,114.29267260846001,0.0005292918895168453,32.43966165003,,49.86855745849428,1000000000.0,999926432.359804159031242045,163320329.31579151720255783,6458.0,6985.0,4932334.042772493,160003247.49246427086827662479,1022.282315415999003127,33162.49242290425512763965194964381,44.36737973126521,1439.2627867806423602081344563,7140641.973180753036839744,231640009.57398622206648670322372279232,,0.09000585518071011,0.09243808103514647
2021-03-14,5022.0,31126044550.9549,0.0,0.0,217.438431835053,109.16815788929866,0.0005195847292068338,31.1260445509549,,36.23633503536664,1000000000.0,999926432.359804159031242045,163345175.412008976305470897,5770.0,6332.0,4599002.998506691,143148772.2214944355023580892359,1084.364508868873026338,33751.9780125268715956087982107501562,32.248452785,1003.7667780852756193143965,6866196.070157704002770904,213717524.7753201509433540729000191362296,,0.09020840565413708,0.09188717521683566
