time,ReferenceRate,ReferenceRateBTC,ReferenceRateETH,ReferenceRateEUR,ReferenceRateUSD,principal_market_price_usd,principal_market_usd
2022-06-23,0.975356029406914,0.000048760077051261,0.000926716874748748,0.923622498656577,0.975356029406914,,
2022-06-24,0.976996143639625,0.0000463094933634678,0.000853459285177088,0.92820997372475,0.976996143639625,,
2022-06-25,0.974383340170062,0.000045747679152411,0.000789664647712154,0.923664104970099,0.974383340170062,,
2022-06-26,0.977078552035835,0.0000455125272084132,0.000786404231491953,0.926577652151766,0.977078552035835,,
2022-06-27,0.982190830582689,0.0000466230836563429,0.00081562364318591,0.930152865651734,0.982190830582689,,
2022-06-28,0.984836812196663,0.0000474596095957154,0.000824198973831897,0.930737421218273,0.984836812196663,,
2022-06-29,0.988806845510783,0.0000487981112137046,0.000865248096234304,0.939595583857659,0.988806845510783,,
2022-06-30,0.990460338125595,0.0000493233852236043,0.00090384904655646,0.947737035642988,0.990460338125595,,
2022-07-01,0.99115173501068,0.0000512675859887926,0.000951622249180145,0.945051341981661,0.99115173501068,,
2022-07-02,0.991278684317385,0.0000512504239099542,0.000929815148091158,0.950488894708223,0.991278684317385,,
2022-07-03,0.990131431173117,0.0000514839899905546,0.000928377990155418,0.949785252186284,0.990131431173117,,
2022-07-04,0.990021445552779,0.0000513589444364039,0.000922063280589939,0.948891821616732,0.990021445552779,,
2022-07-05,0.990195553892782,0.000048955846030722,0.000860918102808896,0.948874107893251,0.990195553892782,,
2022-07-06,0.991380472019061,0.0000490944209753727,0.000873804010237279,0.965338644679022,0.991380472019061,,
2022-07-07,0.992226105441098,0.0000482580440025063,0.000833789546018724,0.974847220265235,0.992226105441098,,
2022-07-08,0.991079917709178,0.0000457743629271978,0.000800261488694941,0.97473448003089,0.991079917709178,,
2022-07-09,0.995469939308996,0.0000456348974918772,0.000808488268687784,0.977944886574833,0.995469939308996,,
2022-07-10,0.995474171692896,0.0000461185117063443,0.000818091539208674,0.977901902367286,0.995474171692896,,
2022-07-11,0.995591874675264,0.0000477931356360335,0.000853119114087382,0.9790806406438,0.995591874675264,,
2022-07-12,0.993911749559035,0.0000497669296892779,0.000906408675968063,0.989422774613155,0.993911749559035,,
2022-07-13,0.994833430373127,0.000051441415558395,0.000956286353255449,0.991983579744379,0.994833430373127,,
2022-07-14,0.995624918634735,0.0000493971146081087,0.000897026138493471,0.991965288099134,0.995624918634735,,
2022-07-15,0.995280760031253,0.0000484253223173182,0.000835824533337764,0.992831188837387,0.995280760031253,,
2022-07-16,0.996178098571564,0.0000478202457325534,0.000806330481446198,0.98763462856331,0.996178098571564,,
2022-07-17,0.996376062716356,0.0000470066111357848,0.000736646107712141,0.988482594141494,0.996376062716356,,
2022-07-18,0.995843481963572,0.0000478129829037394,0.000740239675531588,0.986354184248073,0.995843481963572,,
2022-07-19,0.996217794546127,0.0000446620145460972,0.000635133242678864,0.982059231567514,0.996217794546127,,
2022-07-20,0.996546043462239,0.0000426399128001168,0.000644728180842059,0.973837369624743,0.996546043462239,,
2022-07-21,0.996644286022251,0.0000428094600764201,0.00065432101818709,0.97920775836747,0.996644286022251,,
2022-07-22,0.997021889403843,0.0000430634184115174,0.000631623624383727,0.9749496245919,0.997021889403843,,
2022-07-23,0.997379058175962,0.0000439256314608216,0.00064908725782711,0.977624108079558,0.997379058175962,,
2022-07-24,0.998313253810952,0.0000444001451634592,0.000643886621853042,0.978405349650399,0.998313253810952,,
2022-07-25,0.996595058934126,0.0000439932614751068,0.000621580257228879,0.97679626736977,0.996595058934126,,
2022-07-26,0.999411953397303,0.0000464623950862071,0.000683740602810168,0.979207966393204,0.999411953397303,,
2022-07-27,1.00000103361036,0.0000472107035770889,0.000698711888414893,0.986869026955079,1.00000103361036,,
2022-07-28,0.99996237574066,0.0000436695016994427,0.000612593649546537,0.979940862620763,0.99996237574066,,
2022-07-29,0.999526054473972,0.0000419289665621632,0.000579565965236638,0.980315225935821,0.999526054473972,,
2022-07-30,0.999424638310699,0.0000417283400203217,0.000572383121775683,0.97743022706784,0.999424638310699,,
2022-07-31,0.99973838631051,0.0000423197722073575,0.000590548746912137,0.978666169642141,0.99973838631051,,
2022-08-01,1.00005203457442,0.0000428174627712972,0.00059431656832307,0.979859964762241,1.00005203457442,,
2022-08-02,0.999431239192893,0.0000428362382975605,0.000610959258384093,0.974190254604557,0.999431239192893,,
2022-08-03,0.999720330107936,0.0000434067908675004,0.000609380352543816,0.984501143226108,0.999720330107936,,
2022-08-04,0.999752116392955,0.0000438300388437798,0.000618572550279548,0.984230723837231,0.999752116392955,,
2022-08-05,0.999374131050489,0.0000441647279801212,0.000621906963736036,0.975723133674565,0.999374131050489,,
2022-08-06,0.999514428661626,0.0000429917697030649,0.000579217783796976,0.981627873080864,0.999514428661626,,
2022-08-07,0.999768291150592,0.0000434752275827879,0.000589647999501271,0.981757229470783,0.999768291150592,,
2022-08-08,0.999683841555415,0.0000431760640674519,0.00058892121513534,0.982683474332221,0.999683841555415,,
2022-08-09,1.00012776418957,0.0000420157304671101,0.000563115218601004,0.980668745863568,1.00012776418957,,
2022-08-10,0.999894687373786,0.0000431243899760845,0.000586795326078482,0.979992530937739,0.999894687373786,,
2022-08-11,1.00006922053192,0.0000418035687719633,0.000540335547497492,0.970966048580985,1.00006922053192,,
2022-08-12,0.999786917815094,0.0000417718967831824,0.000532335842915769,0.969614693022255,0.999786917815094,,
2022-08-13,1.00023810063673,0.00004099956706315,0.000511688699965313,0.974529587033594,1.00023810063673,,
2022-08-14,0.997922298180779,0.0000408545486361818,0.000503686346174908,0.973125634525168,0.997922298180779,,
2022-08-15,0.997633462796379,0.0000410308945118056,0.000515216087388637,0.972755906113534,0.997633462796379,,
2022-08-16,0.9972240837664,0.0000414061613307765,0.000524372885973524,0.981541527172885,0.9972240837664,,
2022-08-17,0.999878021752953,0.0000418905521452558,0.000532809126303154,0.982821645815296,0.999878021752953,,
2022-08-18,0.999784913724895,0.0000428423879279292,0.000545374717057658,0.982632850455957,0.999784913724895,,
2022-08-19,0.999967184816706,0.0000430627379609098,0.000540756445913044,0.990735752905168,0.999967184816706,,
2022-08-20,1.00012472864516,0.0000478373706204654,0.000618946243461175,0.996090558722543,1.00012472864516,,
2022-08-21,0.999953664250499,0.0000472866121665845,0.000634554731084839,0.996502378625011,0.999953664250499,,
2022-08-22,1.000242817844,0.0000464063744780989,0.000616886340053471,0.997380407200151,1.000242817844,,
2022-08-23,1.00005073064282,0.0000469483491033896,0.000621945440871537,1.0058249424006,1.00005073064282,,
2022-08-24,0.999971935606249,0.0000464357783628025,0.00060098714094136,1.00331337141765,0.999971935606249,,
2022-08-25,0.999954877710003,0.0000466723988852426,0.000602838089331186,1.00272478854057,0.999954877710003,,
2022-08-26,0.999494000909114,0.0000462989358893003,0.000589637907939396,1.00229108444028,0.999494000909114,,
2022-08-27,0.999636612367495,0.0000493741201881392,0.000662532445356828,1.00410516699627,0.999636612367495,,
2022-08-28,0.999981335563302,0.0000498893328244463,0.000669841526219226,1.00458989827723,0.999981335563302,,
2022-08-29,1.00004433504006,0.0000508319434673236,0.000694032576056486,1.00666848646706,1.00004433504006,,
2022-08-30,0.999542401825272,0.00004930907973235,0.000644748743934623,0.999588930317751,0.999542401825272,,
2022-08-31,0.999059491854603,0.0000503927439900518,0.000653156008187858,0.997076169668911,0.999059491854603,,
2022-09-01,0.998067396152506,0.0000498418858392353,0.000643196881707592,0.993980202260632,0.998067396152506,,
2022-09-02,0.999053872188477,0.000049690668238012,0.000629781824240534,1.00347084169378,0.999053872188477,,
2022-09-03,0.998929521632803,0.0000500745247854312,0.000633598902652303,1.00373952295612,0.998929521632803,,
2022-09-04,0.998609845781043,0.0000504250784269955,0.000642169556653493,1.00320479989801,0.998609845781043,,
2022-09-05,0.998797932641968,0.0000500351839097604,0.000633742937099737,1.00736022891549,0.998797932641968,,
2022-09-06,0.999494284760942,0.0000504851269786325,0.000619625842618839,1.00457999493545,0.999494284760942,,
2022-09-07,0.998072070768806,0.0000529589355018615,0.000637462464166828,1.00888957564966,0.998072070768806,,
2022-09-08,0.998383815231509,0.0000517487494951023,0.000611048209392202,0.99877727303159,0.998383815231509,,
2022-09-09,0.998586568298096,0.0000516890167637767,0.000610919268769209,0.997884000134332,0.998586568298096,,
2022-09-10,0.999076541535506,0.000046765991434125,0.000581730775187791,0.993356755311033,0.999076541535506,,
2022-09-11,0.999473513201378,0.0000460264246336558,0.000561564691765797,0.993290104017411,0.999473513201378,,
2022-09-12,0.999542373369284,0.0000459924044295611,0.000568395498116317,0.992134584062149,0.999542373369284,,
2022-09-13,0.999179244648935,0.0000446755939657776,0.000584017861248297,0.986527498122235,0.999179244648935,,
2022-09-14,0.998360356090518,0.0000495094603885835,0.000634264935787357,1.00075385835459,0.998360356090518,,
2022-09-15,0.995192192850825,0.000049154114410712,0.000609142468333461,0.996775394970543,0.995192192850825,,
2022-09-16,0.995617643639514,0.0000505469980968914,0.000676115540410957,0.996143366232121,0.995617643639514,,
2022-09-17,0.999437950319828,0.000050626042645382,0.000698876310918751,0.998187012822062,0.999437950319828,,
2022-09-18,1.00000963235003,0.0000497005330705569,0.00068057024702628,0.999015727792935,1.00000963235003,,
2022-09-19,0.999804973543818,0.0000514644470881657,0.000747317489108049,0.997965009820185,0.999804973543818,,
2022-09-20,0.999270487644298,0.0000510927326368869,0.000724402354842615,0.996915207934821,0.999270487644298,,
2022-09-21,0.998959730319881,0.0000529307679707302,0.000754838343199328,1.00200642862741,0.998959730319881,,
2022-09-22,0.99845938608242,0.0000539510614349353,0.000799323375065548,1.0143458123103,0.99845938608242,,
2022-09-23,0.999123703541621,0.0000514626523118096,0.000751973218319698,1.01482341692597,0.999123703541621,,
2022-09-24,1.00014856367128,0.000051749136395723,0.000751451806302328,1.03141155910268,1.00014856367128,,
2022-09-25,0.998945536129875,0.0000527850881637985,0.000758496210115925,1.02994683086229,0.998945536129875,,
2022-09-26,0.998782247730676,0.000053146062300158,0.0007715290915303,1.03063776746919,0.998782247730676,,
2022-09-27,1.00062991775036,0.0000521130698072333,0.000749880006373267,1.04021613227971,1.00062991775036,,
2022-09-28,0.999514327462717,0.0000523121361519447,0.000751218145184327,1.04212529847085,0.999514327462717,,
2022-09-29,0.999265285250396,0.0000513630691509537,0.000746201074913811,1.02844796833472,0.999265285250396,,
2022-09-30,0.998515756345835,0.0000510988476849358,0.000748713268936824,1.01609858376976,0.998515756345835,,
2022-10-01,1.00030513090137,0.0000514687476389687,0.000753766275786339,1.02074377325594,1.00030513090137,0.997388,poloniex-eth-usdd-spot
2022-10-02,1.00015753655431,0.0000517898044086954,0.000762767197133667,1.02078908062244,1.00015753655431,1.000206,poloniex-eth-usdd-spot
2022-10-03,1.00038803192159,0.0000526096569837768,0.000783663502635922,1.02113388632331,1.00038803192159,0.998489,poloniex-eth-usdd-spot
2022-10-04,1.00078523453815,0.0000509735233591365,0.000755646096846817,1.01778903521609,1.00078523453815,1.002105,poloniex-eth-usdd-spot
2022-10-05,1.00014911258504,0.0000491716088858637,0.000733869135089122,1.00205826945908,1.00014911258504,1.002709,poloniex-eth-usdd-spot
2022-10-06,0.999929049884658,0.0000496117143964537,0.000739287805932438,1.00982124668887,0.999929049884658,1.000755,poloniex-eth-usdd-spot
2022-10-07,1.00028060392405,0.0000501380019318551,0.000740206338399827,1.02151709903537,1.00028060392405,1.002312,poloniex-eth-usdd-spot
2022-10-08,0.999708966499565,0.0000511644200230367,0.000750227600736474,1.02656912131109,0.999708966499565,0.998799,poloniex-eth-usdd-spot
2022-10-09,1.00085547508974,0.0000515475040879525,0.000760841185335649,1.02786673855827,1.00085547508974,1,poloniex-eth-usdd-spot
2022-10-10,1.00020998308028,0.0000514819375331529,0.000757198685074113,1.02767443674263,1.00020998308028,1.001014,poloniex-eth-usdd-spot
2022-10-11,1.00028549884476,0.0000522222193178336,0.00077418527290678,1.03026214655429,1.00028549884476,0.997764,poloniex-eth-usdd-spot
2022-10-12,0.99978631617464,0.0000525117655478725,0.000781972983135079,1.03025145340834,0.99978631617464,1.000455,poloniex-btc-usdd-spot
2022-10-13,1.00051892208614,0.0000522275690793461,0.000772819909288777,1.03079947397776,1.00051892208614,1.00185,poloniex-eth-usdd-spot
2022-10-14,1.00014432890454,0.000051586182622481,0.000776388404564686,1.02368630361443,1.00014432890454,1.000124,poloniex-eth-usdd-spot
2022-10-15,1.00046215558662,0.0000521680109300508,0.000771174728263714,1.02907162608201,1.00046215558662,0.998038,poloniex-eth-usdd-spot
2022-10-16,1.00019888809301,0.0000524491582618891,0.000784471568439594,1.02955505497522,1.00019888809301,1.002492,poloniex-eth-usdd-spot
2022-10-17,1.00068580591651,0.000051951967860577,0.000766450944958424,1.02727785684975,1.00068580591651,1.002756,poloniex-eth-usdd-spot
2022-10-18,1.00022188532603,0.0000511438753308549,0.00075070909451306,1.01622890142455,1.00022188532603,1.000534,poloniex-eth-usdd-spot
2022-10-19,0.999225439906326,0.0000516624985590244,0.000762011630932669,1.01314053127188,0.999225439906326,0.998499,poloniex-eth-usdd-spot
2022-10-20,0.998009264603251,0.0000521639770623009,0.000776863752993926,1.02215357329297,0.998009264603251,0.994392,poloniex-eth-usdd-spot
2022-10-21,0.997885047206513,0.0000524281685997375,0.000778437251219165,1.02078340990981,0.997885047206513,0.99714,poloniex-eth-usdd-spot
2022-10-22,0.99866311986426,0.0000520818544902744,0.000768276100242284,1.01304468143923,0.99866311986426,1.00087,poloniex-eth-usdd-spot
2022-10-23,0.998052295415538,0.0000519612452419911,0.000759375708873731,1.01199566933933,0.998052295415538,0.998837,poloniex-eth-usdd-spot
2022-10-24,0.996099703375764,0.000050911255375639,0.000730353155239117,1.01055901555686,0.996099703375764,0.995947,poloniex-eth-usdd-spot
2022-10-25,0.997188049233167,0.0000515570199147566,0.000741650211426147,1.00852348871387,0.997188049233167,0.996957,poloniex-btc-usdd-spot
2022-10-26,0.997120906756163,0.0000496204446838184,0.000682356469707196,1.00069821219989,0.997120906756163,0.9999794564167882,poloniex-eth-usdd-spot
2022-10-27,0.995803832844199,0.0000478820193701531,0.000633761538335746,0.987045608716398,0.995803832844199,0.9955119321577054,poloniex-eth-usdd-spot
2022-10-28,0.997580482846056,0.0000491899343347431,0.00065856332899987,1.0005425591379,0.997580482846056,0.9973015541495178,poloniex-btc-usdd-spot
2022-10-29,0.997385560541994,0.0000484059331385142,0.000641006632280449,1.0009460559956,0.997385560541994,0.9969290540973728,poloniex-eth-usdd-spot
2022-10-30,0.998594778128834,0.0000480003644482128,0.000616837285565935,1.0015856725741,0.998594778128834,0.9985902660641952,poloniex-eth-usdd-spot
2022-10-31,0.997653454386492,0.0000483905421811978,0.00062764821183781,1.00196589395169,0.997653454386492,0.9976557309230403,poloniex-eth-usdd-spot
2022-11-01,0.997918261891483,0.0000487006572922471,0.000635129712063568,1.00925804587931,0.997918261891483,0.9961132844645321,poloniex-eth-usdd-spot
2022-11-02,0.99609293051175,0.0000486279319488952,0.00063033645436965,1.00871490623711,0.99609293051175,0.9959456837360985,poloniex-btc-usdd-spot
2022-11-03,0.995671685197972,0.000049417193932358,0.000655229316283779,1.01440193935225,0.995671685197972,0.9950428592944751,poloniex-eth-usdd-spot
2022-11-04,0.99465181980391,0.0000492447937652598,0.000650185743596875,1.02027471069223,0.99465181980391,0.9959218981710332,poloniex-eth-usdd-spot
2022-11-05,0.99607023924455,0.0000470793925511804,0.000605600103235606,1.000775013669,0.99607023924455,0.9963168033730327,poloniex-eth-usdd-spot
2022-11-06,0.995456904300782,0.0000467713596264773,0.00061170420037141,0.999958910463707,0.995456904300782,0.9942377728350402,poloniex-eth-usdd-spot
2022-11-07,0.994993641735237,0.0000475009785516132,0.000631752169084497,1.00233088541121,0.994993641735237,0.9943142289740314,poloniex-eth-usdd-spot
2022-11-08,0.996433464768428,0.0000484444811310334,0.000635697906602094,0.994984058807195,0.996433464768428,0.9965363838576422,poloniex-eth-usdd-spot
2022-11-09,0.989464095502107,0.0000534239855329093,0.000742914992741109,0.98342047000645,0.989464095502107,0.988924979745349,poloniex-eth-usdd-spot
2022-11-10,0.977751687900996,0.000062046808908648,0.000894558866899526,0.976618900731498,0.977751687900996,0.9787730409636846,poloniex-eth-usdd-spot
2022-11-11,0.96948053491657,0.0000552676340686205,0.00074715610242121,0.952097310351482,0.96948053491657,0.9687488315398249,poloniex-eth-usdd-spot
2022-11-12,0.975333424586991,0.0000576545508291953,0.000761443191797809,0.94133267151064,0.975333424586991,0.9740340499753536,poloniex-eth-usdd-spot
2022-11-13,0.978296039322296,0.0000583317562368553,0.000781384054068165,0.947091914055742,0.978296039322296,0.9793754833871082,poloniex-eth-usdd-spot
2022-11-14,0.977559324875347,0.0000598976394383665,0.000801181241464537,0.945401829631119,0.977559324875347,0.9772004708859543,poloniex-eth-usdd-spot
2022-11-15,0.981834864498018,0.000059041831620641,0.000791339965851063,0.951163362293877,0.981834864498018,0.9824123983884627,poloniex-eth-usdd-spot
2022-11-16,0.987210064048751,0.0000585686909982039,0.000790053494657598,0.953828849924376,0.987210064048751,0.9893330383457518,poloniex-eth-usdd-spot
2022-11-17,0.982352641847476,0.0000589661377416385,0.000808658132455461,0.944817883837823,0.982352641847476,0.9825380792695245,poloniex-eth-usdd-spot
2022-11-18,0.985261733882672,0.0000590855266185764,0.000821241322359652,0.950573642515516,0.985261733882672,0.9863849379264984,poloniex-eth-usdd-spot
2022-11-19,0.989067656384086,0.0000593623799516671,0.000817763562201656,0.957478457867207,0.989067656384086,0.9884000946931045,huobi-eth-usdd-spot
2022-11-20,0.992196761311391,0.0000594271993379681,0.000814206231580333,0.96015443181358,0.992196761311391,0.9914585642563735,huobi-eth-usdd-spot
2022-11-21,0.987384450123968,0.0000607739206226666,0.000866398059565613,0.955466548656014,0.987384450123968,0.9884669040872738,poloniex-eth-usdd-spot
2022-11-22,0.989278462517553,0.0000626997953634357,0.000893139193778756,0.965868499325458,0.989278462517553,0.9887703738142284,huobi-eth-usdd-spot
2022-11-23,0.993939949956141,0.0000614571662973742,0.000875892797657347,0.964295984324118,0.993939949956141,0.9949988633780404,huobi-eth-usdd-spot
2022-11-24,0.991531404478533,0.0000598242857201897,0.000838031862345694,0.951937412097671,0.991531404478533,0.991580305454789,huobi-eth-usdd-spot
2022-11-25,0.990143068323922,0.0000597064319835124,0.000823276114202597,0.950487811444414,0.990143068323922,0.9902932604435956,huobi-eth-usdd-spot
