time,AdrActCnt,CapMrktCurUSD,NVTAdj,NVTAdj90,PriceBTC,PriceUSD,ROI30d,SplyCur,TxCnt,TxCntSec,TxTfrCnt,TxTfrValAdjNtv,TxTfrValAdjUSD,TxTfrValMeanNtv,TxTfrValMeanUSD,TxTfrValMedNtv,TxTfrValMedUSD,VelCur1yr,VtyDayRet30d
2023-08-25,1,,,,,,,1337,0,0,0,0,,,,,,0,
2023-08-26,0,,,,,,,1337,0,0,0,0,,,,,,0,
2023-08-27,0,,,,,,,1337,0,0,0,0,,,,,,0,
2023-08-28,0,,,,,,,1337,0,0,0,0,,,,,,0,
2023-08-29,0,,,,,,,1337,0,0,0,0,,,,,,0,
2023-08-30,3,,0.951687504517,,,,,26337,2,0.000023148148,2,27674,,13837,,13837,,1.050765083343,
2023-08-31,0,,,,,,,26337,0,0,0,0,,,,,,1.050765083343,
2023-09-01,10,,2926.333333333333,,,,,26337,5,0.00005787037,9,9,,1,,1,,1.051106807913,
2023-09-02,0,,,,,,,26337,0,0,0,0,,,,,,1.051106807913,
2023-09-03,0,,,,,,,26337,0,0,0,0,,,,,,1.051106807913,
2023-09-04,0,,,,,,,26337,0,0,0,0,,,,,,1.051106807913,
2023-09-05,0,,,,,,,26337,0,0,0,0,,,,,,1.051106807913,
2023-09-06,0,,,,,,,26337,0,0,0,0,,,,,,1.051106807913,
2023-09-07,0,,,,,,,26337,0,0,0,0,,,,,,1.051106807913,
2023-09-08,0,,,,,,,26337,0,0,0,0,,,,,,1.051106807913,
2023-09-09,0,,,,,,,26337,0,0,0,0,,,,,,1.051106807913,
2023-09-10,0,,,,,,,26337,0,0,0,0,,,,,,1.051106807913,
2023-09-11,0,,,,,,,26340.529158,0,0,0,0,,,,,,1.050965978472,
2023-09-12,0,,,,,,,26344.058316,0,0,0,0,,,,,,1.050825186763,
2023-09-13,0,,,,,,,26347.587474,0,0,0,0,,,,,,1.050684432771,
2023-09-14,0,,,,,,,26351.116632,0,0,0,0,,,,,,1.050543716481,
2023-09-15,0,,,,,,,26354.64579,0,0,0,0,,,,,,1.050403037877,
2023-09-16,0,,,,,,,26358.174948,0,0,0,0,,,,,,1.050262396946,
2023-09-17,0,,,,,,,26361.704106,0,0,0,0,,,,,,1.05012179367,
2023-09-18,0,,,,,,,26365.233264,0,0,0,0,,,,,,1.049981228036,
2023-09-19,0,,,,,,,26368.762422,0,0,0,0,,,,,,1.049840700029,
2023-09-20,0,,,,,,,26372.29158,0,0,0,0,,,,,,1.049700209632,
2023-09-21,0,,,,,,,26375.820738,0,0,0,0,,,,,,1.049559756831,
2023-09-22,0,,,,,,,26379.349896,0,0,0,0,,,,,,1.049419341612,
2023-09-23,1,,,,,,,1026516.663927922732246547,0,0,0,0,,,,,,0.026967901226,
2023-09-24,0,,,,,,,1026653.977959845464493094,0,0,0,0,,,,,,0.026964294294,
2023-09-25,2,,2053.582583983536,,,,,1026791.291991768196739642,1,0.000011574074,1,500,,500,,500,,0.027447642203,
2023-09-26,10,,2.740555085114,,,,,1026928.606023690928986189,13,0.000150462963,13,374715.549999999999999998,,30223.107692307692307692,,10000,,0.410041552577,
2023-09-27,3,,0.998477528646,,,,,1098225.433758235240566645,2,0.000023148148,2,1099900,,549950,,549950,,1.384946435628,
2023-09-28,3,,47.197526870704,,,,,2359882.479213671360607427,2,0.000023148148,2,50000.13,,25000.065,,25000.065000000002,,0.665704137319,
2023-09-29,4,,16.938119921364,,,,,2360197.942568274689340843,3,0.000034722222,3,139342.38,,46447.46,,30000,,0.724653589071,
2023-09-30,3,,1203.734354108721,,,,,2467655.425922878018074259,1,0.000011574074,1,2050,,2050,,2050,,0.693928289992,
2023-10-01,2,,560.905729075946,,,,,2467985.207934161444146806,1,0.000011574074,1,4400,,4400,,4400,,0.695618395313,
2023-10-02,0,,,,,,,2468314.989945444870219354,0,0,0,0,,,,,,0.695525456432,
2023-10-03,0,,,,,,,2468644.771956728296291902,0,0,0,0,,,,,,0.695432542382,
2023-10-04,6,,727683.34131700293,,,,,2910733.365268011722364448,1,0.000011574074,4,4,,1,,1,,0.589810090641,
2023-10-05,4,,34.108492852542,,,,,3411122.153196978080128676,2,0.000023148148,2,100008,,50004,,50004,,0.532607109451,
2023-10-06,6,,45.426685774672,,,,,3411577.717425341457875959,4,0.000046296296,4,75100.74,,18775.185,,5668.5,,0.554549480241,
2023-10-07,5,,8530.083204134262,,,,,3412033.281653704835623243,3,0.000034722222,3,400,,133.333333333333333333,,100,,0.554592670644,
2023-10-08,2,,16977.556447174469,,,,,3412488.845882068213370527,1,0.000011574074,1,200.999999999999999999,,200.999999999999999999,,201,,0.554577534307,
2023-10-09,5,,726.158385129879,,,,,3412944.410110431591117811,3,0.000034722222,3,4700,,1566.666666666666666667,,2100,,0.555880618618,
2023-10-10,12,,2.02486049952,,,,,3413399.974338794968865095,10,0.000115740741,12,1685745.746508404874364916,,146631.760637207355208764,,9103.238388603237,,1.071298648016,
2023-10-11,27,,12.222434481063,,,,,3413855.538567158346612379,30,0.000347222222,44,279310.602470929189770201,,7346.953317342794781897,,199.87863065809572,,1.165848020997,
2023-10-12,29,,9.40271031133,,,,,3700560.372795521724359662,25,0.000289351852,49,393563.158947520869014925,,11450.184694243107076136,,382.26214457181754,,1.227137329527,
2023-10-13,20,,6.018163667138,,,,,3701054.130651788651686349,37,0.000428240741,55,614980.637841583490659459,,12922.240204592387730771,,1000.0054087534311,,1.41900626132,
2023-10-14,5,,38.94025155549,,,,,3701547.888508055579013037,4,0.000046296296,7,95057.112901116669948931,,20730.603686033334271123,,20000,,1.458020637106,
2023-10-15,8,,27.879444232033,,,,,3702041.646364322506339724,6,0.000069444444,10,132787.498041682529401079,,20724.199608336505880216,,22503.33799627127,,1.513806634852,
2023-10-16,8,,138.359238465334,,,,,3702535.404220589433666411,4,0.000046296296,9,26760.304879448063907123,,5757.875272701331138431,,60.57257486391634,,1.527600810453,
2023-10-17,15,,103.475000256775,,,,,3703029.162076856360993099,8,0.000092592593,17,35786.703579489919763933,,5000.43145367533471117,,1314.3144131758954,,1.550353283125,
2023-10-18,21,,9.881646530226,,,,,4312668.299933123288319786,15,0.000173611111,28,436432.155991574995021315,,26942.595175797241663067,,1000,,1.506120024106,
2023-10-19,17,,3.177932652743,,,,,4812193.269739062484453706,12,0.000138888889,22,1514252.753463839236232932,,80638.109747922060169684,,25000,,1.718433577951,
2023-10-20,14,,198.651308202462,,,,,4812834.751254806241949947,10,0.000115740741,16,24227.551254531061957061,,1754.31129815124859973,,192.56086932107314,,1.72403664533,
2023-10-21,7,,118.822951730864,,,,,4813476.232770549999446188,4,0.000046296296,7,40509.650388699082801658,,10491.328682485452229045,,10000,,1.73906390622,
2023-10-22,9,,88.1343452709,,,,,4814117.71428629375694243,4,0.000046296296,7,54622.493642961290641699,,8618.747129434788070665,,2375,,1.751364322634,
2023-10-23,10,,36.484001366419,,,,,4814759.195802037514438671,8,0.000092592593,12,131969.055352400204284947,,17813.534297672896046059,,16725.968215043704,,1.79552830573,
2023-10-24,6,,37.870829747134,,,,,4815400.677317781271934913,5,0.00005787037,9,127153.292110854464808427,,22700.731580189881068539,,25018.362477143604,,1.837716858587,
2023-10-25,5,,312.125435553719,,,,,4816042.158833525029431154,2,0.000023148148,3,15429.829197642083368508,,10283.219465094722245672,,15419.829197642084,,1.843877684431,
2023-10-26,0,,,,,,,4816683.640349268786927396,0,0,0,0,,,,,,1.84363211849,
2023-10-27,9,,23.272620207732,,,,,5116875.401865012544423636,3,0.000034722222,6,219866.751409665861999993,,38715.791322293708086726,,7433.362855829887,,1.780869514345,
2023-10-28,24,,12.202338569973,,,,,5117556.771900379713672659,11,0.000127314815,33,419391.475048343623506404,,16374.566573182463494705,,5500,,1.886221988157,
2023-10-29,12,,32.460125223364,,,,,5118238.141935746882921681,8,0.000092592593,12,157677.707855906496128354,,21850.853490192074750721,,1666.7078559064962,,1.937201450133,
2023-10-30,11,,5.094516621607,,,,,5118919.511971114052170704,7,0.000081018519,8,1004790.030571390640054734,,126196.132642847660013684,,2650.7314142017453,,2.134166670579,
2023-10-31,6,,14.5952608229,,,,,5919667.446094094214366978,3,0.000034722222,4,405588.328836591156583266,,101520.311005372859266464,,52794.16441829558,,1.914078579418,
2023-11-01,14,,14.694510256479,,,,,5920455.297356344603830113,7,0.000081018519,11,402902.525774601513585755,,38276.483226994865293614,,1000,,1.984940242111,
2023-11-02,11,,13.795638183497,,,,,5921249.028105626712617598,6,0.000069444444,7,429211.679035548128634761,,61998.931221903170421735,,4780.839517774064,,2.057968248263,
2023-11-03,6,,23.214596512682,,,,,5922042.758854908821405084,3,0.000034722222,3,255099.965042237062938897,,85033.321680745687646299,,4999.965042237063,,2.100768765362,
2023-11-04,7,,19.740957881624,,,,,6296074.3779339699893623,4,0.000046296296,6,318934.5935333167054884,,56306.5311777722351628,,9452.296766658352,,2.029626855552,
2023-11-05,7,,74.166166993742,,,,,6296918.127013031157319515,4,0.000046296296,6,84902.838885341961345669,,15827.505279586584387609,,5077.984712990828,,2.044436089848,
2023-11-06,8,,182.405309617543,,,,,6297761.87609209232527673,3,0.000034722222,6,34526.198219212340603425,,9297.337525331107179883,,10628.913466387152,,2.053019938388,
2023-11-07,3,,2099.28626932856,,,,,6298605.625171153493233946,1,0.000011574074,2,3000.355748139919816335,,3000.355748139919816335,,3000.35574813992,,2.053697624541,
2023-11-08,2,,9691.460575769561,,,,,6299449.374250214661191161,1,0.000011574074,1,649.999999999999999999,,649.999999999999999999,,650,,2.053525735632,
2023-11-09,4,,2096.427092806867,,,,,6300293.123329275829148376,3,0.000034722222,3,3005.252672485705468985,,1001.750890828568489662,,50,,2.053727724999,
2023-11-10,11,,1.267142085467,,,,,10334136.872408336997105591,8,0.000092592593,11,8155468.112793770329338378,,744250.099092289273218978,,21180.318555411657,,2.044276944834,
2023-11-11,9,,425.031154968401,,,,,10335520.657373740227962102,3,0.000034722222,6,24317.089551099238851946,,4104.030618101976792747,,153.54707875631095,,2.046385725294,
2023-11-12,9,,224.589967309464,,,,,10336904.442339143458818612,4,0.000046296296,5,46025.673213157671377041,,9281.893859328411252477,,383.7960834843849,,2.050601466258,
2023-11-13,6,,1015.945847327673,,,,,10338288.227304546689675123,3,0.000034722222,5,10176.02291942843957985,,4048.40916777137583194,,110,,2.052284961047,
2023-11-14,16,,9.909671129968,,,,,10339672.012269949920531633,10,0.000115740741,19,1043392.043657394422261049,,78455.382033009685278856,,16547.94068296046,,2.196178532892,
2023-11-15,9,,7.464908224461,,,,,10972058.907235353151388143,9,0.000104166667,9,1469818.3256,,196646.480622222222222222,,240000,,2.23090162412,
2023-11-16,17,,11.593113633882,,,,,11500027.12967347305793142,16,0.000185185185,22,991970.534651162474991805,,86429.268352359358588713,,1000,,2.293823105145,
2023-11-17,3,,3718.46096156518,,,,,11501565.796108726740427553,2,0.000023148148,2,3093.09843911,,1546.549219555,,1546.549219555,,2.293785168556,
2023-11-18,3,,39.036174491374,,,,,11503104.462543980422923686,2,0.000023148148,2,294678.067521341368087767,,147339.033760670684043884,,147339.0337606707,,2.319095613942,
2023-11-19,9,,40.339596718694,,,,,11504643.128979234105419819,5,0.00005787037,6,285194.797786556082695819,,54203.208638650116696389,,45040.298753644005,,2.347053972463,
2023-11-20,7,,6.278883185954,,,,,12142597.795414487787915951,7,0.000081018519,7,1933878.595253692193801456,,346696.942179098884828779,,293000,,2.423607983129,
2023-11-21,8,,8.825876421611,,,,,12144221.566705154814998145,8,0.000092592593,9,1375979.10808828547965435,,212535.390218507884367633,,140000,,2.580792461065,
2023-11-22,9,,2.955490052171,,,,,13595845.337995821842080339,7,0.000081018519,7,4600200,,800028.571428571428571429,,300000,,2.717147374545,
2023-11-23,8,,11.792614508666,,,,,13597662.958977963344877103,7,0.000081018519,7,1153066.010000212465186856,,207580.858571458923598122,,299961.81776,,2.823645621361,
2023-11-24,8,,13.321792368134,,,,,13946126.920528268437914059,5,0.00005787037,6,1046865.657048383783528525,,174644.279635905585988754,,25500.010383524866,,2.828229470263,
2023-11-25,11,,9.781307144744,,,,,13949327.872078573530951016,11,0.000127314815,11,1426121.035323436645200928,,157126.275938494240472812,,50000,,2.951485302056,
2023-11-26,0,,,,,,,13951192.002300003778411617,0,0,0,0,,,,,,2.951090930525,
2023-11-27,2,,809.810370738364,,,,,13953056.132521434025872217,1,0.000011574074,1,17230.02895085104006429,,17230.02895085104006429,,17230.02895085104,,2.951931521364,
2023-11-28,12,,192.136368240875,,,,,13954920.262742864273332818,6,0.000069444444,7,72630.290613425301184447,,10375.755801917900169207,,7132.2016453195265,,2.956741832321,
2023-11-29,6,,27.742672260245,,,,,13956784.392964294520793419,3,0.000034722222,3,503080.03,,167693.343333333333333333,,4000,,2.992392471049,
2023-11-30,8,,188.072624569542,,,,,13958648.523185724768254019,4,0.000046296296,7,74219.459398379015434959,,13103.78576238174155579,,17507.040938293176,,2.998564149557,
2023-12-01,5,,254.050654290508,,,,,13960512.65340715501571462,2,0.000023148148,4,54951.6894274290663424,,20475.8447137145331712,,26951.689427429068,,3.004030543715,
2023-12-02,0,,,,,,,13962376.78362858526317522,0,0,0,0,,,,,,3.003629472736,
2023-12-03,0,,,,,,,13964240.913850015510635821,0,0,0,0,,,,,,3.003228508838,
2023-12-04,3,,107.431577262088,,,,,13966105.044071445758096421,2,0.000023148148,2,130000,,130000,,130000,,3.021444152367,
2023-12-05,2,,68.101782816231,,,,,13967969.174292876005557022,2,0.000023148148,2,205104.31,,102552.155,,102552.155,,3.035724821386,
2023-12-06,6,,5847.767087814953,,,,,13969833.304514306253017623,4,0.000046296296,4,2388.917529499999999999,,694.45876475,,694.45876475,,3.035518580462,
2023-12-07,12,,6.371535818895,,,,,13971697.434735736500478223,8,0.000092592593,17,2192830.399430933062201689,,167947.062305890829285712,,53636.01758610249,,3.239462408375,
2023-12-08,4,,26.877159118311,,,,,13973561.564957166747938824,3,0.000034722222,3,519904.708062590429688802,,173301.569354196809896267,,50082.12806259043,,3.276236564047,
2023-12-09,5,,323.961234762837,,,,,14513202.167188462968760109,2,0.000023148148,3,44799.19388445715926094,,44799.19388445715926094,,44799.193884457156,,3.163677483563,
2023-12-10,6,,534.409916237341,,,,,14515138.029419759189581395,4,0.000046296296,6,27161.056687753033496433,,13580.528343876516748217,,13580.528343876516,,3.168869216921,
2023-12-11,8,,136.631833655338,,,,,14517073.891651055410402682,4,0.000046296296,4,106249.572323469555393177,,26562.393080867388848294,,3076.937897301063,,3.175765584525,
2023-12-12,10,,14.269459592704,,,,,14519009.753882351631223969,8,0.000092592593,10,1017488.410094066282159406,,102748.841009406628215941,,7826.937897301063,,3.246110641299,
2023-12-13,3,,5.843864335627,,,,,15176891.756113647852045255,2,0.000023148148,2,2597064.354075959296436689,,1298532.177037979648218344,,1298532.1770379795,,3.276519146106,
2023-12-14,7,,51129.539724112027,,,,,15178915.065911497964780533,3,0.000034722222,6,296.871733010209725618,,99.072572403008180617,,137.34598419881482,,3.276121556566,
2023-12-15,4,,3.103212238803,,,,,17043061.10570934807751581,5,0.00005787037,5,5492070.73,,1098414.146,,1814963,,3.240030722193,
2023-12-16,4,,8.171981631951,,,,,18156214.598529298914107548,3,0.000034722222,3,2221764,,1110882,,1110882,,3.22493916697,
2023-12-17,9,,6.512947843772,,,,,19621220.61955690727362773,5,0.00005787037,5,3012648.203274144952580541,,912541.983309657981032216,,1462586.49,,3.216690680108,
2023-12-18,10,,1.735431654193,,,,,27554192.041618401090589744,5,0.00005787037,7,15877428.520477471449824829,,3402122.04590617687374655,,7068.800865766666,,3.154882991645,
2023-12-19,5,,1.59766060276,,,,,41020884.986258032166227014,6,0.000069444444,6,25675594,,6523102.666666666666666667,,6731511,,3.073284934317,
2023-12-20,10,,8.166212484328,,,,,42336438.813309982374172997,7,0.000081018519,8,5184342.055090647743981959,,648042.756886330967997745,,626307.6203511042,,3.100242097699,
2023-12-21,4,,1.923615921556,,,,,51643746.680361932582118979,3,0.000034722222,3,26847223.555197895419743547,,8949074.518399298473247849,,8772690,,3.061366449832,
2023-12-22,3,,11078.325878569019,,,,,51650624.23980336388835857,1,0.000011574074,2,4662.3131334059516114,,4662.3131334059516114,,4662.313133405952,,3.061139345056,
2023-12-23,10,,3.894552035882,,,,,59143009.799244795194598161,7,0.000081018519,8,15186087.964505342006816101,,2899021.991126335501704025,,50000,,3.065483724984,
2023-12-24,4,,5.065256389317,,,,,65626484.961782121126809657,3,0.000034722222,3,12956202,,6477267.666666666666666667,,6475601,,3.058730588772,
2023-12-25,4,,11.164110682975,,,,,68734091.405981286895017378,3,0.000034722222,3,6156701,,3071510.333333333333333333,,3057830,,3.054499793212,
2023-12-26,9,,8.133102090864,,,,,72843267.066716334066181743,5,0.00005787037,7,8956394.036728021337060387,,1908867.602704801933047729,,647.8186303931901,,3.065627753909,
2023-12-27,7,,5.373601610419,,,,,80327196.377554447800305435,4,0.000046296296,5,14948483.754696748908046575,,4484546.50187869956321863,,7474235,,3.059151629786,
2023-12-28,12,,2.42719115655,,,,,92826329.260967197227086205,8,0.000092592593,11,38244342.235038530185325989,,3479795.233938218552599965,,16576.422857969574,,3.059593366979,
2023-12-29,19,,3.505336653044,,,,,107070683.777374349721683579,19,0.000219907407,21,30545050.126469750233022722,,2234801.823558389038521269,,254000,,3.090870889278,
2023-12-30,7,,6.071335891714,,,,,116675227.540477889083421015,4,0.000046296296,5,19217389.652205248437179266,,5768895.860882099374871706,,9590300,,3.083654915197,
2023-12-31,14,,8.38630794386,,,,,123801144.944929182434830675,11,0.000127314815,15,14762294.179235679030731044,,1483979.290345835227702633,,100241.17182409173,,3.085963610531,
2024-01-01,6,,6.789945802414,,,,,133981621.003986866688130651,14,0.000162037037,14,19732355.000000000000000002,,2178716.642857142857142857,,301165.5,,3.07913770673,
2024-01-02,9,,26.680732790115,,,,,136348992.65625792797045832,6,0.000069444444,7,5110391.59714429314605726,,1067080.534898369470302074,,400000,,3.080458585017,
2024-01-03,9,,36.77292139988,,,,,138122109.996151885527650096,6,0.000069444444,6,3756082.049999999999999998,,709347.008333333333333333,,500000,,3.071727669439,
2024-01-04,5,,23.330399977707,,,,,140013658.169437874786293607,3,0.000034722222,3,6001339.81,,2000446.603333333333333333,,1873049.81,,3.073091957398,
2024-01-05,2,,33.925948883539,,,,,140032407.352205909318221154,1,0.000011574074,1,4127590,,4127590,,4127590,,3.102156458354,
2024-01-06,4,,18.275263198005,,,,,143990652.5349739438501487,4,0.000046296296,4,7878992,,2954622,,3524002,,3.098957585028,
2024-01-07,2,,136.577769348054,,,,,144009929.113104825641895793,1,0.000011574074,1,1054417.053379391253340284,,1054417.053379391253340284,,1054417.0533793913,,3.105864607075,
2024-01-08,10,,26.146632976296,,,,,145761785.691235707433642885,8,0.000092592593,9,5574782.26062141320679581,,812104.285371852734114033,,1054417.0533793913,,3.118679414583,
2024-01-09,5,,820.185993398543,,,,,145781294.154376144863610169,4,0.000046296296,5,177741.750441644435133044,,53170.388564754485618206,,88110.19238212799,,3.12008570818,
2024-01-10,15,,41.730432511105,,,,,146740069.677516582293577453,10,0.000115740741,14,3516380.273280591924100606,,262555.744192450465207125,,79454.90209510658,,3.124749182942,
2024-01-11,11,,114.388006266434,,,,,146759703.816623750208597264,7,0.000081018519,9,1282999.053893723803042471,,142555.45043263597811583,,19465.683588809687,,3.133073315943,
2024-01-12,11,,86.859261990616,,,,,147563379.955730918123617075,8,0.000092592593,9,1698879.043799297442107984,,290418.140844288320468441,,130784.58379929744,,3.133722440418,
2024-01-13,9,,245.942399299649,,,,,147583118.973289700972471712,9,0.000104166667,11,600071.884284899999999998,,54573.469642361363636363,,24.114051575,,3.137370903518,
2024-01-14,3,,329.480225968272,,,,,147602857.990848483821326349,2,0.000023148148,2,447987,,447987,,447987,,3.143021508066,
2024-01-15,0,,,,,,,147622597.008407266670180986,0,0,0,0,,,,,,3.142601246141,
2024-01-16,9,,42.903941202075,,,,,149371701.005966049519035623,5,0.00005787037,6,3481537.985110339442367062,,877175.995036779814122354,,890758.9925551697,,3.14103682376,
2024-01-17,0,,,,,,,149391671.230688201556342958,0,0,0,0,,,,,,3.140616939501,
2024-01-18,7,,50.279183035464,,,,,150221244.666242512338974057,9,0.000104166667,9,2987742.353734846481685795,,466887.039303871831298422,,404747,,3.151245336124,
2024-01-19,10,,56.262844942405,,,,,151471455.702388068057792766,17,0.000196759259,18,2692211.100548610514044357,,276357.145466085612671595,,410000,,3.158076371825,
2024-01-20,0,,,,,,,151491698.534378953703403594,0,0,0,0,,,,,,3.157654379002,
2024-01-21,3,,92004.408957454866,,,,,151511941.366369839349014423,1,0.000011574074,2,1646.790008035731654062,,1646.790008035731654062,,1646.7900080357317,,3.15725423703,
2024-01-22,3,,75766.092099180362,,,,,151532184.198360724994625252,2,0.000023148148,2,2000,,1000,,1000,,3.156845665297,
2024-01-23,12,,170.964858232064,,,,,151552427.03035161064023608,10,0.000115740741,11,886453.675904771046983382,,111505.547974028467359104,,100000,,3.164517317636,
2024-01-24,4,,594.403848923205,,,,,151572669.862342496285846909,2,0.000023148148,3,254999.475755287897724595,,86666.317170191931816396,,4999.475755287897,,3.165810031945,
2024-01-25,7,,86.033591097463,,,,,151592912.694333381931457738,4,0.000046296296,5,1762020.052407223961954258,,352743.986476459066468022,,330119.9026321811,,3.177021868577,
2024-01-26,0,,,,,,,151613155.526324267577068566,0,0,0,0,,,,,,3.176597684279,
2024-01-27,3,,5134.781678910586,,,,,151633398.358315153222679395,1,0.000011574074,2,29530.64177608545352269,,29530.64177608545352269,,29530.641776085453,,3.176563113731,
2024-01-28,10,,84.291707019746,,,,,151653641.190306038868290224,9,0.000104166667,9,1799152.56852942210000403,,375970.109951147055208317,,292289.2105154507,,3.198451334351,
2024-01-29,7,,31.317468712844,,,,,152980102.154913911501497163,8,0.000092592593,8,4884816.954959561567409785,,711977.119369945195926223,,703000,,3.207950583549,
2024-01-30,19,,114.838052483317,,,,,152000519.318526700671342606,10,0.000115740741,15,1323607.602459193148914505,,127074.296895123221986667,,37004.01604401445,,3.241164731815,
2024-01-31,18,,15.745406065494,,,,,152020803.037078625156442192,21,0.000243055556,22,9654930.613077708361406397,,820985.802151183979578666,,388759.03245113965,,3.359542903845,
2024-02-01,9,,1099.630784846368,,,,,152041086.755630549641541778,5,0.00005787037,8,138265.578638626981946182,,26658.30131863380827383,,659.7799793049023,,3.360497398389,
2024-02-02,11,,73.932031639555,,,,,150061370.474182474126641364,7,0.000081018519,10,2029720.638623656061329645,,403875.391021075283676818,,8982.99267287094,,3.431745483688,
2024-02-03,3,,1957272.939464032878,,,,,150081387.409415417959416503,1,0.000011574074,2,76.678824083938311965,,76.678824083938311965,,76.67882408393831,,3.431288800347,
2024-02-04,0,,,,,,,150101404.344648361792191641,0,0,0,0,,,,,,3.430831217115,
2024-02-05,4,,145.551116230251,,,,,150121421.279881305624966779,3,0.000034722222,3,1031400,,454266.666666666666666667,,331400,,3.43945174084,
2024-02-06,0,,,,,,,150141438.215114249457741917,0,0,0,0,,,,,,3.438993191331,
2024-02-07,5,,1312.793994671682,,,,,150161455.150347193290517055,5,0.00005787037,5,114383.106382126060936722,,22917.24255285042575881,,203.10638212606787,,3.439297850797,
2024-02-08,6,,442.369304806996,,,,,150181472.085580137123292193,3,0.000034722222,4,339493.428801764943304324,,169746.714400882471652162,,169746.71440088245,,3.443360553385,
2024-02-09,4,,121065.553389166208,,,,,150201489.020813080956067332,2,0.000023148148,3,1240.662474304224014596,,628.1303179879882214,,643.7284796597406,,3.442914212043,
2024-02-10,12,,77.698004765544,,,,,150301505.956046024788842469,8,0.000092592593,9,1934431.989722071635978203,,215286.675505700430514476,,180000,,3.453514440841,
2024-02-11,7,,60.131566603759,,,,,150321533.551236132837865812,5,0.00005787037,5,2499877.219926612801132711,,499975.443985322560226542,,502979.9666534621,,3.469684523551,
2024-02-12,4,,5016.739902970601,,,,,150341561.146426240886889155,2,0.000023148148,2,29967.980013754214922343,,14983.990006877107461172,,14983.990006877108,,3.469421645763,
2024-02-13,5,,627.721722243813,,,,,150361588.741616348935912498,2,0.000023148148,3,239535.423760936209338472,,83176.949173957472892315,,9995.42376093621,,3.47061907043,
2024-02-14,16,,23.623368414302,,,,,150381616.33680645698493584,14,0.000162037037,15,6365799.055386387011113557,,526548.373415747301661989,,364057.60597285023,,3.522678076299,
2024-02-15,5,,10772.609335774914,,,,,150401643.931996565033959183,2,0.000023148148,4,13961.486882525811892928,,6980.743441262905946464,,6980.743441262906,,3.522394649897,
2024-02-16,9,,41.74448053783,,,,,150671671.527186673082982525,11,0.000127314815,14,3609379.481693233370658987,,336455.677263802383618499,,349500,,3.547344500701,
2024-02-17,9,,18110.728051864348,,,,,150691732.408131065693877232,5,0.00005787037,9,8320.578387383968745308,,1737.463277731938940659,,1778.8851791057336,,3.546976028687,
2024-02-18,6,,17652.795015509621,,,,,150711793.289075458304771939,3,0.000034722222,7,8537.559811727329202581,,4684.11051103731143199,,4997.822997155784,,3.54672145876,
2024-02-19,4,,150.667816169916,,,,,150731854.170019850915666646,2,0.000023148148,2,1000425.027731417014704854,,500212.513865708507352427,,500212.51386570855,,3.552886543612,
2024-02-20,12,,54.341276670827,,,,,150751915.050964243526561353,9,0.000104166667,13,2774169.550048419235114409,,234873.162965902698376869,,9994.993963139026,,3.572667898187,
2024-02-21,3,,2310.377859694,,,,,150771975.93190863613745606,2,0.000023148148,4,65258.578937333563765546,,32629.289468666781882773,,32629.28946866678,,3.573058198123,
2024-02-22,7,,2886.343009449311,,,,,150792036.812853028748350767,4,0.000046296296,11,52243.283739732251812782,,7112.228492985180290422,,604.7462096377844,,3.573101674015,
2024-02-23,8,,4208.164733246878,,,,,150812097.693797421359245474,5,0.00005787037,7,35837.97385646447285348,,5677.866931339015438684,,1953.6772695949192,,3.572889923769,
2024-02-24,8,,480.039679226825,,,,,150832158.574741813970140181,5,0.00005787037,13,314207.68970115011749086,,24169.822284703855191605,,15076.72803015876,,3.574497885709,
2024-02-25,3,,146587.074015105339,,,,,150852219.455686206581034888,1,0.000011574074,2,1029.096327007259574494,,1029.096327007259574494,,1029.0963270072596,,3.574036179649,
2024-02-26,6,,1422.081782363271,,,,,150872280.336630599191929595,9,0.000104166667,24,106092.548408787794328849,,5055.143899291222725568,,1437.6260842067043,,3.574365101166,
2024-02-27,3,,714.753571427235,,,,,150892341.217574991802824302,2,0.000023148148,2,211111,,211111,,211111,,3.576688062586,
2024-02-28,3,,25099.885959708215,,,,,150912402.098519384413719009,1,0.000011574074,2,6012.473616046410587197,,6012.473616046410587197,,6012.473616046411,,3.57629229282,
2024-02-29,3,,1810.707185424,,,,,150932462.979463777024613716,2,0.000023148148,4,83355.533238313741158423,,20838.883309578435289606,,20832.40119108985,,3.576369227623,
2024-03-01,0,,,,,,,150952523.860408169635508423,0,0,0,0,,,,,,3.575893944961,
2024-03-02,3,,857.768418175829,,,,,150972584.74135256224640313,1,0.000011574074,2,176006.229119997284954643,,88003.114559998642477322,,88003.11455999865,,3.576584604438,
2024-03-03,10,,959.206700126451,,,,,150992645.622296954857297837,5,0.00005787037,9,157414.08562137010179483,,46143.647810657758348592,,52732.580416473924,,3.578859837056,
2024-03-04,3,,755.063532516207,,,,,151012706.503241347468192544,2,0.000023148148,2,200000,,100000,,100000,,3.579708804814,
2024-03-05,4,,8326.040149860956,,,,,151032767.384185740079087251,1,0.000011574074,3,18139.807719604616389769,,9068.767010407518515192,,9066.49331161794,,3.579413466181,
2024-03-06,2,,3776.320706628253,,,,,151052828.265130132689981958,1,0.000011574074,1,40000,,40000,,40000,,3.579202902845,
2024-03-07,5,,669.842600680386,,,,,151072889.146074525300876665,3,0.000034722222,3,225534.907741943719252203,,150178.302580647906417401,,225000,,3.581709857909,
2024-03-08,8,,1415.024997174262,,,,,151092950.027018917911771372,4,0.000046296296,6,106777.583667245750511988,,18554.402153902401932202,,2274.4146280843306,,3.581971115352,
2024-03-09,3,,1373.754644617848,,,,,151113010.907963310522666079,2,0.000023148148,2,110000,,110000,,110000,,3.582951457833,
2024-03-10,0,,,,,,,151133071.788907703133560786,0,0,0,0,,,,,,3.582475869255,
2024-03-11,0,,,,,,,151153132.669852095744455493,0,0,0,0,,,,,,3.582000406917,
2024-03-12,5,,7270.074233036262,,,,,151173193.5507964883553502,2,0.000023148148,4,20793.89958136104912196,,6931.12646917308953428,,6930.606295331309,,3.581708466416,
2024-03-13,6,,1508.915885827352,,,,,151193401.938218413264854427,4,0.000046296296,4,100200.02,,50050.005,,50050.005000000005,,3.582553870158,
2024-03-14,7,,584.438742266538,,,,,151213610.325640338174358654,5,0.00005787037,10,258733.036313116452950902,,29834.739805235735027557,,39614.3617392409,,3.584048112382,
2024-03-15,4,,25.555764688212,,,,,153234085.995714643460243678,5,0.00005787037,5,5996067.34,,1199213.468,,1995800,,3.575920582118,
2024-03-16,3,,75498.543096734724,,,,,153254561.665788948746128703,1,0.000011574074,2,2029.900914371646135545,,1014.950457185823067772,,1014.9504571858231,,3.575456064335,
2024-03-17,0,,,,,,,153275037.335863254032013728,0,0,0,0,,,,,,3.574978427141,
2024-03-18,3,,6356.487548570888,,,,,153295513.005937559317898752,1,0.000011574074,2,24116.38689363948789595,,12058.193446819743947975,,12058.193446819743,,3.574658237131,
2024-03-19,13,,47.914742986784,,,,,154315988.676011864603783776,7,0.000081018519,9,3220636.886617021077921279,,470070.675669383552738707,,210111.59886580842,,3.578434801868,
2024-03-20,0,,,,,,,154336597.898171970768383036,0,0,0,0,,,,,,3.577956958253,
2024-03-21,0,,,,,,,154357207.120332076932982295,0,0,0,0,,,,,,3.577479242239,
2024-03-22,13,,403.139377232953,,,,,154377816.342492183097581554,8,0.000092592593,14,382939.065397438076411549,,53824.612942634215804412,,70341.88814811152,,3.581882825168,
2024-03-23,8,,2175993.044106228804,,,,,154398425.564652289262180813,3,0.000034722222,6,70.955385626276286724,,34.810096178461567632,,35.310793654469,,3.581406065395,
2024-03-24,0,,,,,,,154419034.786812395426780073,0,0,0,0,,,,,,3.580928080325,
2024-03-25,7,,772.555714670439,,,,,154439644.008972501591379332,5,0.00005787037,5,199907.45143197101299074,,39981.490286394202598148,,47,,3.58174462785,
2024-03-26,5,,4301.400406018447,,,,,154460253.231132607755978591,4,0.000046296296,8,35909.294334704205905474,,8977.323583676051476368,,2304.67743029609,,3.581731690009,
2024-03-27,4,,12114.88313842175,,,,,154480862.453292713920577851,2,0.000023148148,3,12751.329145170566096117,,4250.443048390188698706,,4250.02603936291,,3.5813363959,
2024-03-28,5,,5142.752140298653,,,,,154501471.67545282008517711,3,0.000034722222,5,30042.566209788309397517,,11010.258483915323759007,,5034.636380219989,,3.58121499081,
2024-03-29,9,,100.500389651539,,,,,154522080.897612926249776369,15,0.000173611111,29,1537527.182067468765393307,,114751.87365268007136047,,119463.06110489435,,3.602273458711,
2024-03-30,7,,1.062505392912,,,,,154542690.119773032414375629,4,0.000046296296,6,145451205.378123314567590769,,24262080.351475346614920585,,71231.0510402906,,4.543749512623,
2024-03-31,18,,1.04690337476,,,,,154563299.341933138578974888,21,0.000243055556,35,147638552.963227070043988955,,4254033.11950672952504913,,51151.31773841499,,5.506445810341,
2024-04-01,18,,104.140127607536,,,,,154583908.564093244743574147,30,0.000347222222,50,1484383.706025991742956506,,51267.293763144808693657,,44045.498344324194,,5.522294038956,
2024-04-02,15,,4.898465842579,,,,,80298229.496580005884146502,20,0.000231481481,29,16392526.165763788690069881,,768837.708796092724112546,,58132.83636751165,,10.908759705274,
2024-04-03,24,,42.529988588257,,,,,80308933.479066767024718856,47,0.000543981481,84,1888289.560962652078036414,,41511.612666218143102484,,42442.95845867379,,10.950725251884,
2024-04-04,20,,1.611762658578,,,,,80319637.461553528165291209,40,0.000462962963,63,49833415.009374406613396118,,1075072.173803641621252511,,60000,,11.792516035747,
2024-04-05,18,,49.152680335725,,,,,80330341.444040289305863563,19,0.000219907407,30,1634302.359410817948872682,,93720.738770773123850352,,74197.9087664397,,11.82594543776,
2024-04-06,15,,56.951170902458,,,,,80341045.426527050446435917,20,0.000231481481,33,1410700.502789124758722748,,81783.044775183267682042,,43751.025180508215,,11.857962145423,
2024-04-07,8,,246.798201404005,,,,,80351749.409013811587008271,6,0.000069444444,12,325576.722001628648733289,,41762.787000271441455548,,50018.3348590537,,11.862619492993,
2024-04-08,17,,14.653131192797,,,,,80362453.391500572727580625,24,0.000277777778,44,5484319.517387693750640927,,139792.431814449101688021,,12970.34145281501,,11.937578500269,
2024-04-09,17,,7.287612010866,,,,,80373157.373987333868152979,18,0.000208333333,27,11028737.157541695055235309,,431231.910900629643816551,,51211.584320305126,,12.080853722238,
2024-04-10,20,,48.31832496455,,,,,80383861.356474095008725332,24,0.000277777778,38,1663630.96020919257842907,,75824.551425573655369148,,6039.904073550135,,12.115089695244,
2024-04-11,16,,8.319123181783,,,,,80383861.356474095008725332,23,0.000266203704,40,9662540.101881952650715355,,259077.733493885397371954,,27737.33014345674,,12.244009968106,
2024-04-12,18,,24.697654264377,,,,,78394565.338960856149297687,25,0.000289351852,41,3174170.4900304639616725,,126993.571703540782537121,,46771.85626598683,,12.621124077738,
2024-04-13,15,,46.362882114154,,,,,78394565.338960856149297687,35,0.000405092593,66,1690890.68160041616561837,,41122.862664665747786508,,4070.9416402716897,,12.65574521409,
2024-04-14,12,,44.070854548732,,,,,78394565.338960856149297687,33,0.000381944444,61,1778830.162058102288353324,,51648.762140764416726713,,50687.52584773885,,12.695933899071,
2024-04-15,16,,1.853518400533,,,,,78394565.338960856149297687,25,0.000289351852,40,42295002.475512487673368371,,1060083.282994111568696857,,3638.0820906949803,,13.236830211671,
2024-04-16,10,,312.638211776218,,,,,78394565.338960856149297687,18,0.000208333333,34,250751.707200381066082711,,14749.369581442496730229,,2518.9361649359057,,13.243227065376,
2024-04-17,10,,78.332248986371,,,,,78457191.516556880344175198,18,0.000208333333,35,1001595.033103261156066044,,57019.240870104053256582,,51242.87392539859,,13.258092506234,
2024-04-18,13,,56.574331197744,,,,,78467629.212822884376654783,30,0.000347222222,60,1386982.886966088673983455,,35730.585181133620090711,,992.690068283567,,13.283650194013,
2024-04-19,19,,15.965705028203,,,,,78478066.909088888409134368,23,0.000266203704,39,4915415.058117394154350428,,158240.637870202050445421,,2378.7491893263277,,13.360521788951,
2024-04-20,13,,119.638627928068,,,,,78488504.605354892441613954,19,0.000219907407,37,656046.512440327358018297,,32487.491026035444195581,,16533.032606773897,,13.374059874622,
2024-04-21,12,,19.441903633465,,,,,47059750.301620896474093539,17,0.000196759259,30,2420532.02139205986158976,,121027.886626059801847429,,3015.9823446851215,,22.383051119251,
2024-04-22,10,,105.551562904879,,,,,47066007.651918878362383547,30,0.000347222222,58,445905.35996453158936877,,16935.006131527410793083,,2427.2515265829397,,22.400944537581,
2024-04-23,14,,17.746378079296,,,,,47072265.002216860250673556,19,0.000219907407,38,2652499.839228275542854922,,87398.278812217385739698,,7545.336266209009,,22.468520721513,
2024-04-24,14,,311.011669868808,,,,,44878522.352514842138963565,17,0.000196759259,30,144298.51578059982156672,,6518.446582843036446534,,883.130062519204,,23.571179699259,
2024-04-25,14,,187.57775510344,,,,,44884487.29408868265044894,12,0.000138888889,24,239284.702332304774236388,,19516.567774753451270903,,2926.3650709074186,,23.578482821933,
2024-04-26,35,,3.717006001983,,,,,44890452.235662523161934314,41,0.000474537037,59,12077045.937432510589813851,,255187.325056261908144819,,3014.3489015610953,,23.910745188718,
2024-04-27,13,,76.118512854091,,,,,44896417.177236363673419688,12,0.000138888889,21,589822.573955123248653531,,40121.006024126752681434,,11390.764643001088,,23.926334738452,
2024-04-28,16,,331.852837545775,,,,,44902382.118810204184905062,22,0.00025462963,39,135308.115642122614059952,,4255.034518232885735273,,699.2135482223842,,23.926852019637,
2024-04-29,13,,571.063500184953,,,,,44908347.060384044696390437,14,0.000162037037,22,78639.84836334198083473,,6735.927934991732858742,,742.1043683149849,,23.926973781861,
2024-04-30,8,,268.158375065622,,,,,44914312.001957885207875811,6,0.000069444444,11,167491.736892299996997084,,30453.043071327272181288,,3916.8056029488052,,23.931254387854,
2024-05-01,17,,62.592878780756,,,,,44920276.943531725719361185,24,0.000277777778,46,717657.947973184015559955,,24597.049601470134355172,,2256.3095045440914,,23.953264843148,
2024-05-02,11,,68.622826289887,,,,,44926241.885105566230846559,19,0.000219907407,34,654683.642660259084139933,,30796.398629849394547048,,1589.3429655024534,,23.973391114347,
2024-05-03,19,,24.399667277705,,,,,44932206.826679406742331933,37,0.000428240741,67,1841508.99744995220885097,,38343.810962690062705541,,5062.809638486211,,24.02738435502,
2024-05-04,11,,104.925844318608,,,,,44938171.768253247253817308,16,0.000185185185,30,428285.062275011707620114,,21702.698411835394052636,,20375.765278650855,,24.038683413004,
2024-05-05,12,,60.360727092168,,,,,44944136.709827087765302682,16,0.000185185185,28,744592.367835458879215124,,35108.097674004763629556,,2327.311125926104,,24.057365213441,
2024-05-06,11,,11.204692098928,,,,,44950101.651400928276788056,14,0.000162037037,28,4011721.273063827385237352,,171012.612463532839878838,,32740.939284455053,,24.160698736624,
2024-05-07,23,,17.682056331088,,,,,44956066.59297476878827343,29,0.000335648148,49,2542468.237358502953262131,,62680.086688640610430103,,2144.2380941626193,,24.225811352411,
2024-05-08,10,,39.295471005663,,,,,44962031.534548609299758805,18,0.000208333333,32,1144203.909098546556897828,,63337.635643159288893942,,51479.62070399392,,24.267675537081,
2024-05-09,11,,9.506805272875,,,,,44967996.476122449811244179,14,0.000162037037,26,4730084.942880443897706668,,184170.89751333164698595,,1017.5588581278565,,24.370942047322,
2024-05-10,12,,32.469357547446,,,,,44973961.417696290322729553,18,0.000208333333,32,1385120.150652133894835408,,61213.792255961610050917,,48432.63846064997,,24.411264715142,
2024-05-11,12,,67.723046445027,,,,,44979926.359270130834214927,9,0.000104166667,17,664174.58635416856968968,,66719.482329465727048174,,78692.41967241677,,24.433243840317,
2024-05-12,15,,68.203700282783,,,,,44985891.300843971345700302,12,0.000138888889,23,659581.38802331230486588,,49485.472871592374336163,,30996.9,,24.455304601489,
2024-05-13,7,,8207.132795305485,,,,,44991856.242417811857185676,4,0.000046296296,7,5482.04316471561721689,,851.135754097491094607,,177.81894203134416,,24.452194782857,
2024-05-14,11,,254.132041210564,,,,,44997821.18399165236867105,11,0.000127314815,21,177064.729695804656317958,,14196.778291637022225125,,10710.495833407485,,24.455578867394,
2024-05-15,20,,34.151833110509,,,,,45003786.125565492880156424,24,0.000277777778,40,1317756.091743070536192447,,67904.925741982875885441,,11086.064434569593,,24.512692304993,
2024-05-16,39,,32.136403875161,,,,,45009751.067139333391641799,92,0.001064814815,152,1400584.559553939376307309,,20188.132455356067561558,,3024.7811121070495,,24.577619999248,
2024-05-17,28,,63.705797670339,,,,,45015716.008713173903127173,38,0.000439814815,63,706618.826777082865253902,,31557.949200683487374388,,3999.3365968714575,,24.618528972727,
2024-05-18,26,,40.51159966115,,,,,45021680.950287014414612547,37,0.000428240741,59,1111328.146181853341403082,,22918.344854975148348369,,1960.3340719633131,,24.645301279625,
2024-05-19,24,,33.76480750977,,,,,45027645.891860854926097921,31,0.000358796296,58,1333567.380143714863417072,,25436.073605830788902559,,2926.3128938936893,,24.674800589674,
2024-05-20,19,,64.207508280901,,,,,44101735.403944695437583296,23,0.000266203704,38,686862.589512185749350374,,42580.210097108267256124,,31023.091676142674,,25.229533967235,
2024-05-21,30,,37.47416911157,,,,,44107576.913655353473004895,33,0.000381944444,54,1177012.805336299398505799,,29114.885057183951931993,,5698.0865861034345,,25.261837379145,
2024-05-22,30,,22.327189332134,,,,,44113418.423366011508426493,44,0.000509259259,74,1975771.234217855081889689,,43999.351458842403829937,,17623.05699727735,,25.332300853768,
2024-05-23,39,,8.091232225039,,,,,44119259.933076669543848092,103,0.00119212963,185,5452724.468412616931135892,,48698.724900063807097714,,20619.860406344298,,25.533149309488,
2024-05-24,37,,8.647672898022,,,,,44125101.44278732757926969,77,0.000891203704,134,5102540.528895301451676228,,55885.673858911410874875,,30216.378558177923,,25.699483842837,
2024-05-25,24,,17.503426538964,,,,,44130942.952497985614691289,39,0.000451388889,72,2521274.497553855829921866,,54102.363480788786204021,,2779.5231796647968,,25.784350517683,
2024-05-26,18,,59.188539726417,,,,,44136784.462208643650112887,30,0.000347222222,53,745698.148091151331773316,,26652.89847952155609667,,5250.454577497698,,25.81294308737,
2024-05-27,15,,75.629859362395,,,,,44142625.971919301685534485,11,0.000127314815,18,583666.640981062879142775,,51518.53869241319378842,,28073.656727119313,,25.830534862251,
2024-05-28,16,,129.416648583564,,,,,44148467.481629959720956084,16,0.000185185185,26,341134.374632822484595633,,26644.499265040235662729,,4735.347921771282,,25.84280862149,
2024-05-29,19,,13.825313158856,,,,,44154308.991340617756377682,25,0.000289351852,44,3193729.392166154094098906,,85364.492081812128589965,,10323.445814900886,,25.924455842712,
2024-05-30,24,,25.802686305547,,,,,44160150.501051275791799281,24,0.000277777778,38,1711455.542966388385213842,,88366.618157071037985295,,7257.633194423452,,25.997066408868,
2024-05-31,28,,12.108561116235,,,,,41444625.58468193382722088,30,0.000347222222,51,3422753.966126782266747466,,85494.348324763229177452,,7010.81965836566,,27.80564574317,
2024-06-01,20,,7.398708632967,,,,,41450107.159345727490716136,21,0.000243055556,36,5602343.492032121483413414,,179365.977308494221592804,,49412.57551088502,,27.957750451504,
2024-06-02,17,,96.783577162869,,,,,41455588.734009521154211392,18,0.000208333333,30,428332.884041341163940756,,20967.796383100832502862,,4996.111792533334,,27.96922734544,
2024-06-03,16,,37.766509513639,,,,,41461070.308673314817706648,17,0.000196759259,31,1097826.376930592526480353,,52014.725133909850247857,,34280.579465504685,,28.004420384605,
2024-06-04,20,,109.598490364854,,,,,41466551.883337108481201904,20,0.000231481481,33,378349.662894942185683414,,16456.263099122162426147,,2437.4141528638547,,28.013814663688,
2024-06-05,11,,218.20079105199,,,,,41472033.458000902144697161,9,0.000104166667,14,190063.625608577954802955,,25341.332410686670470799,,4611.020420422823,,28.018666580034,
2024-06-06,16,,35.549650954437,,,,,41477555.044158592112305521,17,0.000196759259,25,1166749.994179104923076706,,56692.828815505606579484,,7433.475287725538,,28.049107459144,
2024-06-07,23,,65.599660346008,,,,,41483076.630316282079913881,28,0.000324074074,39,632367.247200857391990151,,31473.554669573168077926,,5005.475134688291,,28.074963619191,
2024-06-08,9,,261.216927656991,,,,,41488598.216473972047522241,8,0.000092592593,12,158828.13793351623949724,,31917.873766039784027578,,20575.64567034319,,28.080459012251,
2024-06-09,12,,500.684286805412,,,,,41494119.802631662015130602,14,0.000162037037,24,82874.81931454766534181,,9315.666772527926236505,,2013.8541212662453,,28.082110507188,
2024-06-10,20,,44.673732515626,,,,,41499641.388789351982738962,15,0.000173611111,35,928949.497879407127824981,,49142.026914608561078276,,100.20490630412645,,28.119819583628,
2024-06-11,20,,122.783899950762,,,,,41505162.974947041950347322,15,0.000173611111,22,338034.245463707335207977,,19636.68190294291410337,,8553.56363048582,,28.126487211832,
2024-06-12,19,,837.734085450781,,,,,41510684.561104731917955682,14,0.000162037037,20,49551.146696828034445565,,4918.850443511989853904,,987.357738291864,,28.125115858549,
2024-06-13,21,,222.547574640084,,,,,41516206.147262421885564043,13,0.000150462963,24,186549.802730515714914515,,18101.181982072225144247,,955.3269881607093,,28.131839332177,
2024-06-14,24,,15.382170771923,,,,,41521727.733420111853172403,19,0.000219907407,36,2699341.227520946215845151,,203496.06229813890507652,,15022.863270941678,,28.304532672736,
2024-06-15,20,,7.904576044876,,,,,41527249.319577801820780763,15,0.000173611111,17,5253570.727110132962422451,,311136.023322847275895239,,32005,,28.428138896716,
2024-06-16,14,,264.154372205392,,,,,38049970.905735491788389124,8,0.000092592593,15,144044.448661065402030099,,15824.656472378972179699,,336.8587611998953,,31.032343872952,
2024-06-17,11,,1754.166871900996,,,,,38055029.470046802925511395,7,0.000081018519,12,21694.076019578714097151,,5140.839228720909988004,,218.00489554366348,,31.029839892853,
2024-06-18,14,36915996.825149167455906610258133125054887,139.300853803471,,0.000014896455911492684,0.969939869603661,,38060088.034358114062633667,11,0.000127314815,16,273222.216484431320692176,265009.121029732552156874474245303656336,18303.318280545445031393,17753.118146346553618848371200612729773,1238.3958,1201.1694607697214470238,31.033410211758,
2024-06-19,13,36903914.434862327309627447329403881275084,407.310022983913,,0.000014943168514839694,0.969493558607556,,38065146.598669425199755939,11,0.000127314815,18,93454.97152220285241372,90603.99291062824806246976701683006832,9981.456463948846609995,9676.95774732015979333119636319212222,2525.2483453048017,2448.2120046573945782974527016452,31.034006077452,
2024-06-20,16,36908818.680377945524699867640953116362316,83.082242880615,,0.000014938796619352726,0.969493558607556,,38070205.162980736336878211,17,0.000196759259,32,458223.127385786177774408,444244.370405529290499730040287572226848,29273.694190227656592198,28380.657954073148167010148189013448088,15004.255834287882,14546.529383041942774120764436392,31.054488517595,
2024-06-21,18,36913722.925893563739772287952502351449548,32.285634398281,,0.000015127997043079521,0.969493558607556,,38075263.727292047474000483,21,0.000243055556,37,1179325.245946499267709419,1143348.229448402781822270445515265769964,56923.617159840992969268,55187.080169108384135192972299980589008,14615.725421142404,14169.851650174269352601026404624,31.105678779114,
2024-06-22,17,36808906.070564590277146276304671652420734,19.747262672694,,0.000015042643922763085,0.966612251563871,,38080322.291603358611122754,26,0.000300925926,49,1928384.856310219932291143,1864000.427839693540369509346033832094553,65184.482650985229605906,63008.119542294919574010333957517822126,91444.5167740243,88391.3902521097980695851560653,31.185423103495,
2024-06-23,14,36759510.50742694832230352138757427860372,60.552853369838,,0.000015236981009512386,0.96518689537322,,38085380.855914669748245026,13,0.000150462963,25,628960.961150766534807699,607064.87740406478852164150602553442078,50315.981482962012613922,48564.32595519653096685329129995796884,50000,48259.344768661,31.214309412205,
2024-06-24,19,38096691.75426708633153372304241333532086,54.290206972642,,0.000016597767704138786,1.00016414444507,,38090439.420225980885367298,19,0.000219907407,33,701607.924232454106267616,701723.08927583395705257354063723185312,51032.318853881898657638,51040.69552554080440030847596742694466,9888.104793686718,9889.72787116087171316553958026,31.254376341172,
2024-06-25,19,38101751.1489136291997293220884275129199,35.682609801947,,0.000016199701289467258,1.00016414444507,,38095497.98453729202248957,20,0.000231481481,35,1067620.843766265626473923,1067796.08779721080531396677799166090961,63862.746686495537240694,63873.22940161103803191740523565167858,42039.0583613352,42045.958839241186709948257464,31.308899683068,
2024-06-26,19,38106810.54356017206792492113444169051894,92.557784287133,,0.00001645156286047357,1.00016414444507,,38100556.548848603159611842,17,0.000196759259,27,411640.758714067246500698,411708.32725797456083567751997257765886,35668.391953793157455583,35674.24672219695208649510980470832581,10004.277687734946,10005.91983434432543545641641622,31.330019282703,
2024-06-27,26,38111869.93820671493612051918029172367291,84.1227814803,,0.000016244362324444575,1.00016414444507,,38105615.113159914296734113,25,0.000289351852,43,452976.167009928331179425,453050.52053149211150652691789522668475,21898.382567071810661425,21901.97706492621322584085971628042475,4390.270579301713,4390.99121782965962710848540491,31.350571254653,
2024-06-28,15,37568286.26647102829462524613053005787458,99.208415994965,,0.000016346831037563105,0.985768097001108,,38110673.677471225433856385,13,0.000150462963,23,384147.587634153661395683,378680.436429686022526703437182077416764,46688.983945304765731806,46024.510854678362394684610673612841048,36683.09607902274,36161.02581392705289998133719592,31.374587039774,
2024-06-29,11,37650444.564629027982094606284846417472594,77.502718666106,,0.000016222756403507986,0.987792765617042,,38115732.241782536570978657,16,0.000185185185,26,491798.6478124857841314,485795.1464494169554738605825330073188,52911.551700270297785877,52265.647987099098381523004866298115834,24264.768261401055,23968.56254798597202991850477931,31.40651584991,
2024-06-30,12,36695722.823293510032687091895906813408949,34.124235611649,,0.000015337264802110478,0.962617040395381,,38120790.806093847708100929,19,0.000219907407,38,1117117.793931801948616748,1075356.624567648304126235840431958440988,58795.673364831681506145,56597.717082507805480328556776381116245,79149.24149710636,76190.40859948379908074180972316,31.46095762994,
2024-07-01,33,36102015.75681203998493422002623697585258,14.16256574265,,0.000015992613542333816,1.00490226521582,,35925897.479252385594893619,38,0.000439814815,58,2536680.014911563829625405,2549115.4931123305479008572917520799071,53176.571274036622183257,53437.25692968990493726678817669552574,7990.166991933457,8029.33690964660550877918368974,33.468915458511,
2024-07-02,20,35877387.417619358931814788621628434053679,107.129276873875,,0.00001609768656102683,0.998517234900931,,35930664.152410923481686309,19,0.000219907407,31,335395.376510500093481344,334898.063951821217254714401202736731264,25109.388866760652268217,25072.157541290067864015406160435010027,17822.955894605817,17796.528637643049388233291315627,33.486139066493,
2024-07-03,26,34781163.967853316786125609036473115568652,18.217803452309,,0.00001607335456527745,0.967879420638674,,35935430.825569461368478998,29,0.000335648148,47,1972544.65499320275641435,1909185.3778587341728038511349271785719,92581.798669012582497104,89608.017657450258003132113313435400096,78309.13626114489,75793.80143515189396161425147586,33.602785144218,
2024-07-04,29,34785777.532708376354255399520222350061712,25.480321828015,,0.000016856653679488792,0.967879420638674,,35940197.498727999255271688,34,0.000393518519,58,1410507.988922338506058206,1365201.655124374197604268532538738658844,45636.078271441237445734,44170.220997583724116993766278696716716,29942.45949124073,28980.69034487904320588528199202,33.671975611128,
2024-07-05,20,34647456.043504359463992276493052179806577,26.083938154168,,0.000016993761130768866,0.963902923308601,,35944964.171886537142064377,21,0.000243055556,35,1378049.739247005679728226,1328306.172124844121269004086774408271826,44057.050548184260690076,42466.719815749611077978464525366143676,5819.033968958504,5608.983853511152973161755292904,33.710409185863,
2024-07-06,19,34659949.733141446814105441275794092185944,46.005086644316,,0.000016548841876950912,0.964122648999432,,35949730.845045075028857067,25,0.000289351852,42,781429.478070258669142014,753393.858403341344264869187951013336048,40269.351444308883117997,38824.593787976183374334279768441977704,20802.079601057725,20055.7560896688214477001242122,33.752986034758,
2024-07-07,8,34664545.390693970851016517622910203938024,15722.453711211158,,0.000017181936329691644,0.964122648999432,,35954497.518203612915649757,4,0.000046296296,6,2286.82482891112965011,2204.77961184747118734367481974873752,657.535564223087153385,633.94492999009893307893680336187732,580.338084167513,559.517091022837961270129852616,33.748620955283,
2024-07-08,10,34683007.661348169356405873845221065091576,1000.532353189386,,0.00001701315382697994,0.964508269045156,,35959264.191362150802442446,8,0.000092592593,13,35940.131347812196532403,34664.553875533891185697627487024189868,8164.671102489518831859,7874.892792385171287463242854442425004,705.9111674343213,680.8571582017225329294939126228,33.747099013092,
2024-07-09,14,34687605.157025414740060356175790685801216,233.918959253007,,0.00001663477831034118,0.964508269045156,,35964030.864520688689235136,11,0.000127314815,16,153745.686024628209419173,148288.985500774185833584157066069175988,21726.333407718734483098,20955.228227776742146522408911680773288,20366.9674134322,19644.1084856285893513827444232,33.752291977813,
2024-07-10,6,34692202.6527026601237148375418520374657,62.94767639745,,0.00001670954019864979,0.964508269045156,,35968797.537679226576027825,5,0.00005787037,8,571407.867552940127404347,551127.613252270041810626752438413693132,130351.953138235031851087,125725.536688014361081761929236670684572,100000,96450.8269045156,33.77681127068,
2024-07-11,20,36649897.123638445455320072101553863139,36.684010057372,,0.00001777772628916879,1.0188008313226,,35973564.210837764462820515,13,0.000150462963,24,980633.364634264763299168,999070.0871120672753542244726489195968,56027.046261676757006517,57080.4013079460486156415138259293842,29190.71208666593,29739.521740793917222546259018,33.809714490491,
2024-07-12,15,33918989.617978482678048249392237911553965,305.838759646866,,0.000016673949207575423,0.964740032777045,,35158683.651119189112662777,9,0.000104166667,14,114958.23384751765262307,110904.81029004538413218979012073342815,10013.772086311109856536,9660.68681076963841575767240762401612,1135.8195938446775,1095.7706321945241106787174279875,34.597317125217,
2024-07-13,10,33923799.361506396738898266839736857193216,422.796052417886,,0.00001626099229429971,0.964749016764032,,35163341.731400613762505038,14,0.000162037037,22,83168.566807349509470682,80236.793053064147264876000768816109824,10474.485299478513371969,10105.249393781203041081102261116219008,8775.032033640491,8465.703526527547864733267619712,34.599287404277,
2024-07-14,17,33928293.239877909095305309168021298785536,124.652633067835,,0.000015811660740740897,0.964749016764032,,35167999.811682038412347298,20,0.000231481481,34,282128.01403516252706103,272182.72414201206820151536032197287296,17918.120127495208791221,17286.488775260814383295428551710163072,10842.128388762832,10459.932702688340666496556058624,34.612027674646,
2024-07-15,26,33932787.118249421451712352461054757141888,59.359496423166,,0.00001490310614159412,0.964749016764032,,35172657.891963463062189559,21,0.000243055556,31,592536.325463780518483611,571648.837388154712663776681474846279552,32475.285682943746152763,31330.499931751024555142766191795820416,5001.763705361124,4825.446616833165830988454291968,34.636066467937,
2024-07-16,18,32818329.41198341381406099866862032109262,118.923605288012,,0.000014326734197433272,0.932940120783441,,35177315.97224488771203182,12,0.000138888889,18,295797.591126267046680806,275961.440392790474271990532655377333446,30208.22627046910619738,28182.46626542496338963902791398158458,17807.29498845693,16613.13993735737188208328569613,34.646937408032,
2024-07-17,24,35552261.12808588216001141759300915459815,14.214107014091,,0.000015739927305609578,1.01052490900615,,35181974.052526312361874081,22,0.00025462963,33,2475144.869645897182565658,2501195.5441759592535838402046479007967,99129.272033594391142274,100172.5986015938620749634454085909851,53307.26395820329,53868.3180607301991040935602335,34.735331474735,
2024-07-18,14,32825084.25638117336866886233020518600676,118.501859402421,,0.00001457990556156131,0.93288508353078,-3.820317860324923,35186632.132807737011716342,15,0.000173611111,24,296928.945336776283101479,277000.58397320495141940884988236002362,25284.411229277836580943,23587.45008165144640114953687370192554,21995.55017888925,20519.320665938560958008586115,34.747979059341,0.02927521826990304
2024-07-19,10,35558138.80488545365019743134580224642611,172.147851762164,,0.000015136132978726347,1.01042441438137,4.221880115696835,35191290.213089161661558603,7,0.000081018519,13,204424.800268253055345759,206555.80909607812232975177267743810983,43303.727462526963207581,43755.14346185425630060350024100916597,51363.92823817221,51899.3671103818690325266757277,34.759376469851,0.03281215918467646
2024-07-20,17,32855655.387712511899280263624295175455193,295.410244401673,,0.000013894468044084273,0.933506752363911,-3.7119180343324207,35195948.293370586311400863,14,0.000162037037,25,119142.612554472412674814,111220.433313877272306979859513032237554,13716.250922948127553243,12804.212853689803406330556042764213373,2422.4164610669272,2261.3421234434656618557809442792,34.764518945497,0.03596017196897066
2024-07-21,10,32860003.737108274996740543528490194497964,61866.306641247525,,0.000013716619348660457,0.933506752363911,-3.7119180343324207,35200606.373652010961243124,4,0.000046296296,9,568.978629640435824989,531.145392720111756941002467235571979,126.451517497736495565,118.043345430800261510864340717554715,0.6683631631416381,0.6239215258240214057524878626091,34.759950903264,0.03596017196897066
2024-07-22,18,32864352.086504038094200823432685213540735,40.863363478109,,0.000013822521951764801,0.933506752363911,-3.424899606476016,35205264.453933435611085385,13,0.000150462963,21,861536.140381418828013221,804249.804451596809672611055889311267331,58706.449332789234124849,54802.866859468567731600015460055924439,4908.816926468782,4582.413746976867990744244926402,34.790370239995,0.0359593815130388
2024-07-23,13,32924813.886990453136817625492921696795582,92.338014336436,,0.000014186155789331152,0.935100435253617,-3.117164174506239,35209922.534214860260927646,7,0.000081018519,12,381315.569619317624470657,356568.355120004805865820483401169616369,57040.476316858810277434,53338.574230968305806063784969921978778,48065.78133748239,44946.33304948496395930792130463,34.805207801131,0.03596311441109918
2024-07-24,14,32929169.659889059617651580510824276503619,64.283492389722,,0.00001430837016498325,0.935100435253617,-6.5053031097763325,35214580.614496284910769907,13,0.000150462963,22,547801.298675653299646879,512249.232824100046375205062188907511343,50663.694205299120803101,47375.642502931361301362641569655066317,5523,5164.559703905726691,34.83225556952,0.03529307655333885
2024-07-25,20,32920845.372836308244423995889117871426104,32.932818562176,,0.00001422262762466039,0.934740403054703,-6.5413004209090735,35219238.694777709560612168,15,0.000173611111,19,1069426.797718062864423914,999636.435936482416386514928069923367542,96266.692363497208889959,89984.366820598480399535846131384427177,78477.85387361787,73356.42076069365291225012834261,34.87958242194,0.03529230294993869
2024-07-26,21,32860980.407682731439493006598420927227968,73.953346405582,,0.000013737099382623483,0.932917235635056,-6.723587241504757,35223896.775059134210454428,15,0.000173611111,26,476298.889598324058163337,444347.443420115208608472815494171141872,29766.600469888999944703,27769.774624622004813333304405088308368,24993.030355516294,23316.428789411301881379845602464,34.896941651699,0.0352898013083511
2024-07-27,27,32865326.011062244287515892329119489129584,14.798811436064,,0.000013703778412862279,0.932917235635056,-6.723587241504757,35228554.855340558860296689,27,0.0003125,45,2380498.934494824167478168,2220808.485401107615479454469927495457408,87548.102879458989559591,81675.134123398366858045211524640622096,39979.51422934489,37297.57789687282102860999846384,35.004158989716,0.0352898013083511
2024-07-28,16,32869671.6144417571355387780598180510312,112.885422003596,,0.000013685023889723682,0.932917235635056,-5.36138890341798,35233212.93562198351013895,9,0.000104166667,17,312114.817930162378853493,291177.293144145897396480359317038850608,36481.897610846179725735,34034.59106983177196919928605463136616,24992.170796735638,23315.626892209786446412677325728,35.01713368145,0.03521647356251781
2024-07-29,38,33116888.47619030124966564351053646892515,18.664229182565,,0.000014054873418893526,0.93980957195865,-4.857617440477856,35237871.015903408159981211,47,0.000543981481,79,1887989.622888959629030743,1774350.71934964618157820287301157477695,40004.825281264332971519,37596.91772386561286344847941149568935,15168.148305409914,14255.1709663126136284681080561,35.102191844469,0.035250011190533
2024-07-30,18,33127215.301132311389852112651842498592416,96.268023577519,,0.000014201876329409817,0.939978376997878,-2.3517829466435036,35242529.096184832809823472,16,0.000185185185,41,366087.593642203798472696,344114.422110857407317891108434032939088,13334.258841357036420912,12533.914984168392275197390988538824736,723.1173989729117,679.7147190654845516096903813726,35.113064951328,0.034953965101175974
2024-07-31,24,34354794.46777433727638658137555157104503,46.332213592058,,0.000015744033810359643,1.01849152951691,1.3522971110201896,33731055.656466257459665733,26,0.000300925926,38,728025.9897240895263278,741488.303802150144150765894260303098,29333.880936334018057624,29876.30926151376210102349514126242184,29460.424905828073,30005.19322255490331896520621443,36.719511932664,0.03715380890727879
2024-08-01,21,34359334.61419457653239807848385020216222,33.700615868945,,0.00001562629510611693,1.01849152951691,2.0003955783457914,33735513.372891638762777242,15,0.000173611111,28,1001035.515317649755525927,1019546.19309662128841492392450128992557,77313.392204426391108998,78743.03507842698121294542450609415618,36465.06549079009,37139.3603256490911849919154219,36.778828943439,0.037131670568960606
2024-08-02,23,34363874.76061481578840957559214883327941,32.508028350619,,0.000016559015070618752,1.01849152951691,5.229175019016158,33739971.089317020065888751,18,0.000208333333,36,1037896.568977075382594047,1057088.86401781458783641095134455183477,48437.155432738313471179,49332.83252213795155887915875907813689,39991.91635175884,40731.4280534151842722540219844,36.825651390368,0.036643368112655575
2024-08-03,20,34351597.27905030890543238901729312425611,11.234350181567,,0.000016774140639046692,1.01799314715929,5.177682824121567,33744428.805742401369000259,22,0.00025462963,30,3003683.191317153233863831,3057728.90499840859116717762778832663999,167597.487888697105502936,170613.09415180575600651539831515467544,56291.05948598353,57303.9128030671789603912264937,36.969786777977,0.03664425961931323
2024-08-04,17,31716942.633021946419110673571273225714224,27.020562748744,,0.000016118204058684972,0.939792268766818,-2.5013571344947305,33748886.522167782672111768,10,0.000115740741,19,1249007.53681515974818599,1173807.62673037393789554759570980447982,90597.898105236064175842,85143.204205824802456469012248846810756,39974.53540826849,37567.75932423614346273294696482,37.01590857335,0.03955641897187155
2024-08-05,21,31721131.960454874623920512111374998822586,21.27954841193,,0.000017293513681972496,0.939792268766818,-2.5235772915265637,33753344.238593163975223277,21,0.000243055556,36,1586187.055533102131161396,1490686.331608012786469584130899047357928,79633.707493320241476743,74839.142635460584900348814151837113774,52436.74624237747,49279.64871787384112348936679046,37.095954183854,0.039556227797956145
2024-08-06,16,31725321.287887802828730350651476771930948,65.201202403916,,0.00001676779071726397,0.939792268766818,-2.5235772915265637,33757801.955018545278334786,14,0.000162037037,27,517748.15050022633929198,486575.70900843164718682995945383751964,36427.063467381012989095,34233.87262052287417108922293573184971,49619.11619844971,46631.66178634542248990508972278,37.120190580241,0.039556227797956145
2024-08-07,35,31729510.615320731033540188251786276272492,6.021145727084,,0.0000170469197039071,0.939792268766818,-2.5625493395516794,33762259.671443926581446294,31,0.000358796296,53,5607281.60415952207378666,5269679.90038751994865842494712181904788,117638.600615800350488229,110555.847367276604467534432374054785322,7826.553297580383,7355.334280157488998422638131294,37.299958599575,0.039555858768665374
2024-08-08,18,31733699.942753659238350026791888049380854,48.620001008359,,0.000015180272037939454,0.939792268766818,-2.5625493395516794,33766717.387869307884557803,17,0.000196759259,28,694502.605667656771838472,652688.179444873910924497361002129422096,45583.633272751708135253,42839.146132033940888248386952662434954,41968.091937152014,39441.288337430493020890785071452,37.332833251877,0.039555858768665374
2024-08-09,23,31737889.270186587443159865331989822489216,44.677649584604,,0.000015477234987006102,0.939792268766818,-2.5625493395516794,33771175.104294689187669312,19,0.000219907407,37,755885.222662488932583789,710375.088333291867149422602649487913402,60619.182587984762629587,56969.439135152189974854510343410644166,63033.14370309869,59238.06112823998569105165126842,37.394320320815,0.039555858768665374
2024-08-10,19,31742078.59761951564796970293229932683076,45.147817860414,,0.000015438939709087623,0.939792268766818,-7.755054778784748,33775632.82072007049078082,12,0.000138888889,23,748112.188392939080082954,703070.050821909385336089727310722620372,61805.709069787558085092,58084.527549437549708446703384350077256,31880.19468693283,29960.76049356046139880289883494,37.431472490232,0.03813839050838186
2024-08-11,19,31746267.925052443852779541472401099939122,27.195253306949,,0.000015973053940147014,0.939792268766818,-2.5859571659334826,33780090.537145451793892329,15,0.000173611111,27,1242131.858669412399909013,1167345.917566471609138975798584913530634,104206.75921219901473492,97932.70666087002401067590967956188456,99974.29244631654,93955.06711648117635761227656972,37.509824074461,0.03686094404307109
2024-08-12,22,32113173.561076142607796842607595716276162,31.269085055766,,0.000016003734732298865,0.950528428559999,-1.4740194555193065,33784548.253570833097003838,19,0.000219907407,38,1080445.692392952022727988,1026994.346134692751737415445018514552012,71780.867339733771835702,68229.755033110898010884068830677284298,45968.55606836408,43694.41936283431492379405643592,37.585612117586,0.0369284996884385
2024-08-13,25,34519024.793937238624943239349935840146258,7.051313922386,,0.000015866347897559187,0.960489136031073,-0.4415532598569048,35939005.969996214400115346,17,0.000196759259,39,5096781.446065193435967957,4895403.207670360532859318098250984327861,224548.635054041379795309,215676.524480012917924878426057403636557,40251.22445009904,38660.86379626842834136736746992,35.576118161451,0.03698232512307548
2024-08-14,26,34523578.820295655812802269635837217138411,72.5423967694,,0.00001632356526023911,0.960489136031073,-0.4415532598569048,35943747.331649960226063307,29,0.000335648148,61,495486.073418683122133756,475908.990573339756995372517528878200188,26281.606485094303297255,25243.197506376872610813741408035604615,13112.258077045615,12594.181431838001379166678394895,35.616027710668,0.03698232512307548
2024-08-15,20,34156248.036529485557350926871790148706116,65.082819740504,,0.000016482914206480364,0.950144200161937,1.8440711247415091,35948488.693303706052011268,20,0.000231481481,33,552349.895665805848890096,524812.049826916450703434753594915475952,38719.338693313383386381,36788.955093557383556925355505640379997,36845.53890093432,35008.57508856377476194460097784,35.646873783733,0.03650498779531378
2024-08-16,23,34164804.307109304064075089709360653842824,56.935497674773,,0.000016125910286269694,0.950255974394581,-5.964121623765172,35953264.412650594963654504,21,0.000243055556,36,631473.612789387018176947,600061.573225645307428739594850655924207,34604.125610250205681976,32882.777099840784071444574532823772056,16110.686959937142,15309.276535281138821325265427502,35.676787870111,0.033295657676657306
2024-08-17,17,34169342.46295071703879404764869761754694,41.358894040556,,0.00001599362421872032,0.950255974394581,1.8620611659965303,35958040.13199748387529774,25,0.000289351852,43,869414.933985836131807264,826166.735247911029701969239319778036384,70464.859354181680892779,66959.653586185018818557260040099630599,10038.652,9539.289037868109344812,35.756314079428,0.029869381258845577
2024-08-18,8,34692019.206806400885727208124184686932233,49.911975856951,,0.000016407739222251852,0.964663594480729,-4.528871160408176,35962815.851344372786940977,5,0.00005787037,9,720524.788568078397767487,695064.032452549781947689345848644258023,120918.95301512853283722,116646.11185642027422270938663098393338,12108.38725301051,11680.52037085375879212542946179,35.781826777321,0.026040015873428937
2024-08-19,31,34696626.169397801902737631169340212131277,33.457988216991,,0.00001623697913203541,0.964663594480729,3.3376129350880235,35967591.570691261698584213,25,0.000289351852,46,1075007.598706291507906716,1037020.694262108244347448883601791675964,45038.837206653825599716,43447.326591003075288388728866029872964,13315.610842637208,12845.085018164977792175694364632,35.834677203666,0.021520621687529842
2024-08-20,23,34177116.83086310074454674059965501976918,7.684940269796,,0.000016069698756865183,0.95009362478982,1.7768347560321505,35972367.290038150610227449,26,0.000300925926,41,4680890.94087320783129156,4447284.6412600570358574558503241399192,175398.45189062009882773,166644.9509392821065747257138496377086,52483.4239835002,49864.166533864679153372927964,36.029832560268,0.021725705737292985
2024-08-21,29,35511785.28607411330238983733608271963688,11.834207524895,,0.000015541413412772337,0.95009362478982,1.7768347560321505,37377143.009385039521870684,35,0.000405092593,55,3158398.475838590074858673,3000774.25644012876745974313132582910886,69791.394467884928540863,66308.35894912898255099443401765641466,20807.648475346163,19769.21416329400757796261846066,34.778391077827,0.021725705737292985
2024-08-22,23,35991546.04476512103739920248848288694544,9.288065756205,,0.00001573146623198721,0.95009362478982,1.603377452405586,37882104.569144100694015192,16,0.000185185185,26,4078578.421329259527130014,3875031.35631025789010175708014856365748,205656.220067967269421455,195392.6635849479450520964730373735881,26003.74282211811,24705.9902759684586416959656402,34.45595152433,0.021724909160919955
2024-08-23,30,36946416.66669248322007937785869669161358,28.333832570436,,0.000014820480535362089,0.95009362478982,1.603377452405586,38887132.491669734892893869,25,0.000289351852,50,1372462.846139832961601013,1303968.20037834691438032215297282408766,34129.136769478815513447,32425.87526426165522566803903075870954,1301.2420664987135,1236.30179168875870951473789657,33.609328633127,0.021724909160919955
2024-08-24,15,38661448.083014833662484667104598727129868,34.007761483964,,0.000015526623000238522,0.994064504286874,6.3465857513275,38892293.122114785787956382,11,0.000127314815,18,1143629.907556675742168427,1136841.897142970409627903067074033327198,69924.510308379585496823,69509.473677201763670831034280607601302,10332.896714238803,10271.565850087264853749254371822,33.637231227031,0.023205270125268438
2024-08-25,18,38666578.08256000093043803366940744248423,151.976296003129,,0.000015412326298558893,0.994064504286874,6.554415152400283,38897453.752559836683018895,12,0.000138888889,23,255944.214825178908224955,254425.05903528465879965978661544574067,20486.987133956648554373,20365.386709648181349771792873379200002,10241.974552288812,10181.183356239756173242548653688,33.644882406114,0.02319639131661769
2024-08-26,14,38832464.569253795829176136501855133190656,192.025764810336,,0.000015848558607288408,0.998196784075732,6.997356887316893,38902614.383004887578081408,17,0.000196759259,28,202590.597264012798489812,202225.282672919365499368612419838442384,14783.219722526594296238,14756.562385310981577003898937834696216,609.8922392356767,608.7924718377994590655290678444,33.65105940351,0.02319570582793924
2024-08-27,28,36594055.775984856673733519932876277930652,11.180152024775,,0.00001579453754471772,0.940533242091966,0.8163646426497405,38907775.013449938473143922,22,0.00025462963,45,3480075.66688103433262485,3273126.8496969798879573377436978769551,182346.692925615020396354,171503.126282076855938876063565439091964,9991.276723164076,9397.127889075502653336899413416,33.857494762438,0.02579368859374368
2024-08-28,31,38880481.636996243158089787444400679103065,18.898075546828,,0.000016906140202877503,0.999165984103699,6.315791402437485,38912935.643894989368206435,34,0.000393518519,69,2059095.146882668181109688,2057377.828798171793360537430165885535912,75569.034302757332351606,75506.008526880717180469075577833190594,25843.871089418313,25822.316890107784284366581639787,33.987002785034,0.02802351736892678
2024-08-29,29,38885637.963393467945801525320325558638652,64.539842566493,,0.00001683804353460343,0.999165984103699,6.296698791610027,38918096.274340040263268948,27,0.0003125,47,603008.850451475999864382,602505.931484589276439846717291824549018,26726.123907931155804387,26703.833895745431016676201297567127513,8220.895246639895,8214.038889322371997512990471605,34.014061134829,0.028023948013467553
2024-08-30,20,36648804.776726013137457355681407326932025,85.263138887745,,0.000015920156012298468,0.941564831253775,-7.553003243887824,38923294.031622825337432631,34,0.000393518519,76,456507.871272109830053195,429831.756780344132179554943306794561125,10481.006478860235087876,9868.5470966377597423089922483817319,49.99236691236966,47.0710545158221436406140704665,34.029983724986,0.026119029981356068
2024-08-31,18,36653698.802184876745876044172270957331575,188.96826025726,,0.000015969572738106503,0.941564831253775,-7.553003243887824,38928491.788905610411596313,12,0.000138888889,25,206005.451581702436846748,193967.4882558833711170429894303714737,19143.317903312620265139,18024.674891269917141025937934294649725,14998.340022412294,14121.90949228937155161999390985,34.037733687494,0.026119029981356068
2024-09-01,14,35975946.032876669716643004050526467320707,59.661362906503,,0.0000163986667233335,0.940448461584053,-7.662613352304873,38254032.520059902847992919,12,0.000138888889,16,641186.031569693193415662,603002.416978902003286308679890179638086,50891.42712489487822128,47860.76434742433369656142175985324784,19999.5,18808.4990074502679735,34.659140797909,0.026115827720921494
2024-09-02,23,37391421.615440580753022359568756118660772,8.202945358891,,0.000015896957045267205,0.940448461584053,-7.617407424757762,39759139.541214195284389524,43,0.000497685185,99,4846934.582846852130343778,4558292.171836865768591829948309332572234,50287.456780948429037814,47292.761366617504204263159929076380142,49.98511409991524,47.00842365736864353384343566772,33.472312851296,0.02611738160571772
2024-09-03,33,37396412.809269532773084604431259205141794,61.616471959266,,0.00001631652946928872,0.940448461584053,0.0698231767852383,39764446.789865062400398298,35,0.000405092593,80,645354.164648583878083571,606922.331320622349898605336080574893263,18534.159097875021852399,17430.421410350643895021208845898193147,5293.381336805975,4978.152334776917094260015116675,33.505133296341,0.02165713068299862
2024-09-04,20,37401404.003098484793146850234210753206869,23.909463550391,,0.00001620529691983664,0.940448461584053,0.0698231767852383,39769754.038515929516407073,15,0.000173611111,28,1663347.818519578741977204,1564292.897005928409710593121871055927812,111720.602862235927621426,105067.469089032726413974952560462719578,19776.68388707194,18598.95193683093532358036777282,33.579319241866,0.02165713068299862
2024-09-05,17,37406395.196927436813209095096713839687891,82.690529078505,,0.00001675991749334741,0.940448461584053,0.0698231767852383,39775061.287166796632415847,13,0.000150462963,21,481011.087127102906503515,452366.136893556808279703406692512446295,25922.323107157433947381,24378.608886810957418228237199910715193,15019.671,14125.226485448614906563,33.588524884213,0.02165713068299862
2024-09-06,25,37406578.033960333000855600477337690060628,24.841092644884,,0.000017465562172133802,0.940327588978468,0.05696154665673896,39780368.535817663748424621,16,0.000185185185,34,1601393.670741381354881457,1505834.649413621763446830418283865467876,65647.809868866023818753,61730.446775707665699408158251651610404,9999.96911675647,9403.24684941875160022882968796,33.640152432115,0.02165714815875611
2024-09-07,15,37411568.58628831210313356376486167513886,123.661228673169,,0.000017392075200154716,0.940327588978468,0.05696154665673896,39785675.784468530864433395,13,0.000150462963,22,321731.202344917772756621,302532.725800140159410592539233773436628,18869.898001118708214457,17743.885691661567554334757728899311876,15028.047,14131.287202565099091996,33.646099323748,0.02165714815875611
2024-09-08,14,37416559.13861629120541152799271324919556,259.851622270271,,0.00001714072731317153,0.940327588978468,0.05696154665673896,39790983.03311939798044217,16,0.000185185185,26,153129.631000467400375307,143992.016719831981253308062379941889676,9174.102890407939108313,8626.662051977691824742509402476804484,10011.974522272838,9414.535863442666721314003252184,33.647606159099,0.02165714815875611
2024-09-09,24,37421549.690944270307689491280237234273792,132.01028757372,,0.000016457770688101816,0.940327588978468,0.05696154665673896,39796290.281770265096450944,19,0.000219907407,32,301463.552676123279695916,283474.495652822388247011058968111536688,27052.821639837777991503,25438.514547653182774318291440553957404,12869.018022410337,12101.092689533564463828953623716,33.664871941292,0.02165714815875611
2024-09-10,17,37426540.243272249409967454567761219352024,91.696127254043,,0.000016306871504826536,0.940327588978468,0.05696154665673896,39801597.530421132212459718,14,0.000162037037,21,434059.74409531201744378,408158.35263775556115577533208682052904,41142.77363625725676966,38687.68513726866304003242489697568088,20020.605255998227,18825.927470262456910812549176236,33.682090606941,0.021657148158756113
2024-09-11,18,38371858.384578696512245417855285204430256,28.359859954103,,0.00001637938988505122,0.940327588978468,-1.0731756436769273,40806904.779071999328468492,17,0.000196759259,26,1438896.554676692071700091,1353034.128048558209661863167422752640588,74194.618845363981369705,69767.24705403751789583724304439251194,25231.363873406026,23725.747557718307919729135448168,32.8995811292,0.02155108481558441
2024-09-12,25,38376974.30591880244597318407851892647812,70.907278777514,,0.00001617777864521085,0.940327588978468,-2.0990916290752013,40812345.35254880612261209,21,0.000243055556,34,575573.425693094550831796,541227.571662065005930676965351333768528,31652.844260976121440174,29764.042728234614017782687313636173432,30000,28209.82766935404,32.921564774311,0.021455033279602284
2024-09-13,19,38403001.188907084285577241897744596397416,38.493010588496,,0.000015541598223779337,0.940839889221457,-2.0457541967429727,40817785.926025612916755688,13,0.000150462963,25,1060394.739252344074252793,997661.669009191179580411885711777779401,45593.470012200878702109,42896.155275500896452286665620633952813,828.7714834516545,779.7412706805572030571035506065,32.94510168442,0.021455882736744116
2024-09-14,17,38408119.897454304386934203692335877179702,329.101404420397,,0.000015678791139297257,0.940839889221457,-0.9792525112392664,40823226.499502419710899286,9,0.000104166667,17,124044.522299742114657658,116706.034619017923658070215205702967706,14669.200526292163383299,13801.368998124057720063979240186246643,10310.672445289953,9700.691921225328541051794121521,32.946819729968,0.02137033080896884
2024-09-15,14,38413238.606001524488291165486927157961988,148.059574455763,,0.000015911401421500082,0.940839889221457,-0.9908998655991691,40828667.072979226505042884,7,0.000081018519,13,275758.371068248632922637,259444.475287740476804996678168441422109,31615.518487393184729292,29745.140911357929697726212839182818444,2424.546322149059,2281.109893143011665878615158963,32.952495941399,0.021370257010445304
2024-09-16,20,38418357.314548744589648127281518438744274,8.416883236725,35.461635399592666,0.00001615800897189343,0.940839889221457,-0.9908998655991691,40834107.646456033299186482,20,0.000231481481,32,4851452.312928274190166979,4564439.856658618828902422231157139668403,161786.916797227614660255,152215.584876984709717852722771511091535,6949.815618387954,6538.663756513674317698447128978,33.074891192579,0.021370257010445304
2024-09-17,22,38406064.01848036045751640174863838334224,15.672319329352,34.61253517191264,0.000015611576390871718,0.940413537673153,-2.5138355947421847,40839548.21993284009333008,18,0.000208333333,33,2605839.465218474466681464,2450566.710094422704486315955248195535992,162830.313668703043225064,153127.831317614189218974782947449506792,18555.032100300963,17449.403379082942902750025146339,33.202058465521,0.021172045429670747
2024-09-18,9,38411180.407430655060620246553622654766734,1700.124046516062,34.76392835994624,0.00001533960709098883,0.940413537673153,-2.5138355947421847,40844988.793409646887473678,4,0.000046296296,9,24024.710948068906701666,22593.163414248410119862155605588572898,7903.175793518397082405,7432.253506835463969769256067697172965,999.6225424885366,940.0585715194763993037400778998,33.199377361675,0.02117204542967075
2024-09-19,24,39037412.246247186769463713768533450014044,68.559738691633,35.53580118217482,0.00001516984020856725,0.955618162434569,0.5814729728316163,40850429.366886453681617276,27,0.0003125,41,595837.005018685170377481,569392.663846472989606750235215693540689,24530.54423218400295789,23441.83360267959222885737517958729941,20000,19112.36324869138,33.219576137413,0.021209562755892458
2024-09-20,12,39045764.57500940853772720208383435579068,82.152885674582,36.049764206055826,0.000015132787638052565,0.95569534150182,0.5895962846018741,40855869.940363260475760874,10,0.000115740741,17,497315.092523936951588769,475281.71718367313534149112227150505958,56441.74810954629176728,53941.1157345125467021486723771364496,27455.015538347223,26238.63045085852375884144644586,33.238637686566,0.02120954250548563
2024-09-21,16,39050964.10573629115102951596284841413904,43.157633306395,35.9447610331806,0.000015081735568189022,0.95569534150182,0.5895962846018741,40861310.513840067269904472,12,0.000138888889,26,946792.198352199396107781,904844.89333546410094032053650312766142,60238.368102234102731161,57569.52777497696155254906065345221302,36129.172679173396,34528.48202180084372221082958072,33.272541648593,0.02120954250548563
2024-09-22,11,39184654.478494962677736732749982237113478,156.427976769248,36.23503603187199,0.000015082744041663671,0.958839482854218,0.9205259183096671,40866751.087316874064048071,5,0.00005787037,9,261249.630221840826296658,250496.460337765539601579962008634603444,56311.60094756444421546,53993.78633125578399139616720056181028,10453.304607492762,10023.041183965974190032536170116,33.280513476357,0.021216972073794544
2024-09-23,10,40628130.339435221479041670877158746255624,10.048883040725,36.45541582959088,0.000015138930333114267,0.958839482854218,-3.5435347787542018,42372191.660793680858191668,7,0.000081018519,10,4216607.108379277153840201,4043049.379197805656628102009414950817818,434872.534198090672988993,416972.955798000492695422058320937622474,72154.3038581648,69184.3953970688434357474191264,32.200722505955,0.019446875724143317
2024-09-24,9,40633538.42545545346544816023431604753494,1227.931642195363,36.59841993889163,0.000014902050347787187,0.958839482854218,-3.5435347787542018,42377831.90206131567466383,3,0.000034722222,7,34511.556218468251851875,33091.04271701036996892487888915495875,9874.43953038992973611,9468.00249279432747295873409434041198,54.198884261001524,51.968030156094316589034767828232,32.198056046579,0.019446875724143317
2024-09-25,12,40488753.391935765923343875519986127843328,19.611196210722,35.88920354010102,0.000015149087580382764,0.955295810947584,-4.297847259433081,42383472.143328950491135992,9,0.000104166667,14,2161187.501665807365101183,2064573.367013620493726792752195269391872,200143.702955287543878219,191196.441020723778633236952940688272896,39814.673495367286,38034.790804370170296305774337024,32.250612067222,0.019425197945910157
2024-09-26,17,39921101.432598109271186435530868501832324,177.550477603207,35.439732677465635,0.000014476011246016991,0.941777243892106,0.13226558557070336,42389112.384596585307608154,13,0.000150462963,20,238744.006531644171503195,224843.67246713080078621710805441427867,16765.927425031508574159,15789.768921641247784537483051695688854,19985.48,18821.87027226080662088,32.228283628825,0.016262445408580805
2024-09-27,16,39666734.868079491280506453713766137683764,166.74616474296,35.30024070133628,0.000014226615897263185,0.935651994909379,-6.356700508704279,42394752.625864220124080316,11,0.000127314815,19,254247.242754974581253981,237886.939883901123738878372814277987799,24646.550769950609959022,23060.594395539579182302108323793467338,21792.16814153747,20389.88559503014810359838293113,32.233862362623,0.011613464234147539
2024-09-28,15,40061278.768033108945477140680282674645122,115.462344965548,35.90998972976866,0.000014365594432627989,0.944832725809199,-5.437861092042638,42400392.867131854940552478,9,0.000104166667,15,367222.689611780131308215,346964.014804883646775961463810351269785,45880.053678941153794649,43348.976177746339011387807798001176151,2612.7146642663,2468.5783180003944482771256937,32.242519161291,0.011812063156814752
2024-09-29,21,40281146.2388127680353442097522090997056,110.869219118551,36.91061566409699,0.000014476139661995414,0.94989187354179,0.8843833171770962,42406033.10839948975702464,16,0.000185185185,30,382486.982821221091263518,363321.27671739614895011642462487541722,20816.760640585211201443,19773.67176595647883170193314956880297,2341.265358920408,2223.94893824339777185367185032,32.252909127052,0.00473669015315936
2024-09-30,14,40911958.18704814425942092270422457022654,1053.04107671866,37.601983002128,0.000015248789850548756,0.96463909475454,2.4506292859345273,42411673.349667124573496801,6,0.000069444444,12,40275.421621561515355545,38851.2462538805276681730424726029243,3387.416478710130739668,3267.63436557955203518083142910109272,54.33712321790952,52.4157133524901368996163292208,32.249474572841,0.005480489548980443
2024-10-01,14,40917398.98427875270795156650654670334202,84.468395491664,38.162245760271,0.000015850589118536925,0.96463909475454,2.572244430039394,42417313.590934759389968963,13,0.000150462963,21,502167.862240506520329505,484410.7520465047586466980745178947027,24473.218167990900323194,23607.82301930110392448602127609880076,622.2598791655871,600.256206540361385347689490434,32.257302573628,0.005469879913163505
2024-10-02,30,40913416.490086838429265596115706896258125,17.38767524289,37.771874577054,0.000015891892516998568,0.964416967566985,2.548625146619987,42422953.832202394206441125,22,0.00025462963,37,2439828.973085438788419092,2353012.45960512993849614294298576287762,72413.518432369875126219,69836.825857402128339774103806212279715,2144.5524224442656,2068.242744042130411733997131216,32.316170733132,0.00547127040437699
2024-10-03,23,40918856.034466516966426410158097019029695,115.917986941154,38.158660574928,0.000015871195755183226,0.964416967566985,2.548625146619987,42428594.073470029022913287,20,0.000231481481,35,366022.523277676116708233,352998.331960672579644685286821128487505,27342.072400137688367324,26369.15855113774471739786122525519814,26988.454523815937,26028.123471178044115988858039945,32.33442958783,0.00547127040437699
2024-10-04,15,40924295.578846195503587224200487141801265,52.134451652392,38.151248494568,0.000015541949339275468,0.964416967566985,2.548625146619987,42434234.314737663839385449,13,0.000150462963,21,813938.441276212149217691,784976.043321803017324070122387389531635,46097.081382144013590878,44456.80744025585123197626317284996283,25023.972918229385,24133.544078277139777017582854225,32.350587690738,0.00547127040437699
2024-10-05,8,43348621.9877822844643762534322377503504,28.021846933736,39.774868230295,0.000016466308418935063,1.0214125852464,8.609097358293752,42439874.556005298655857611,5,0.00005787037,10,1514528.098606920021429533,1546958.0606264088014733397901530419312,192334.423040602037050425,196452.80026977608845714471652784972,105712.33123190835,107975.90553600726067212696744,32.38983800399,0.01168364115039212
2024-10-06,8,40322216.317967229560226972300175074323097,47761.238370923536,37.010727297386,0.000015129442557145392,0.949975904652189,1.0260589805944598,42445514.797272933472329773,3,0.000034722222,8,888.70214100464466796,844.24562036722454728375903719216444,235.766051483583619661,223.972068044391915598077565867087929,112.57978964482983,106.94808751340035710908824199787,32.38556899292,0.018041690550782526
2024-10-07,5,42395943.087458027226591797737689811737515,7475.282301890713,38.970830916296,0.000016000564902144416,0.998699400498469,6.2076038397866835,42451155.038540568288801935,2,0.000023148148,4,5678.869817104225308602,5671.483881850840112027758324153530338,2839.434908552112654302,2835.741940925420056014877861477263638,2839.4349085521126,2835.7419409254200017835030156094,32.381528921857,0.020192066328645213
2024-10-08,5,42401575.993030680842646091704425273359024,20321.496798867776,39.19580347102,0.00001607530080506003,0.998699400498469,6.2076038397866835,42456795.279808203105274096,2,0.000023148148,4,2089.255319134450199146,2086.538034707812942890620968718107474,522.316334199743048432,521.637009835841363415421058408850608,506.4870301990621,505.8282934200532832890362859249,32.377165653994,0.020192066328645213
2024-10-09,16,41151719.243466987362581742997493174801314,2012.506330054957,38.426687319039,0.00001598825713033625,0.969132333990633,3.0632670305310583,42462435.521075837921746258,9,0.000104166667,17,21099.280477749493244948,20447.994934924364495558609445406572084,2523.14715079912223634,2445.26348725576897869394843957220322,508.74302671205635,493.03931687891412048380906816955,32.332436645198,0.021023456802781563
2024-10-10,12,41099163.8428064136131179710215006026681,159.539239370499,38.319285022594,0.000016070211557038862,0.967766095002805,2.917973092137494,42468075.76234347273821842,7,0.000081018519,13,266192.041092283286709856,257611.63212870519968822659375154114608,39842.661817323040013428,38558.37724146808045372155425089766554,14429.478559367053,13964.360118325353240827059583665,32.332726884724,0.02102736146229119
2024-10-11,13,41104622.27707286623021803263210819708251,207.742362292871,38.277730463661,0.000015493543739693277,0.967766095002805,2.917973092137494,42473716.003611107554690582,10,0.000115740741,18,204453.802945268364385823,197863.458484815356645966475833287233515,22736.06534677187223318,22003.1931763740103102412331337140699,9848.657598482467,9531.196905103080499120108319935,32.324859095284,0.02102736146229119
2024-10-12,18,41147894.21013850324761121913752279086104,201.475998681733,38.344986096601,0.000015326140929841482,0.96865625676941,3.0126381617407474,42479356.244878742371162744,13,0.000150462963,24,210840.777674875186291302,204232.23847689598597106083776970267182,20089.15877548019266953,19459.4893411029876868677901215430773,24254.171670388783,23493.95514128146683009028152803,32.31518608135,0.021026585936303174
2024-10-13,13,41160187.558799180706730314145800302704444,257.956312336138,38.520804225319,0.000015436994882118446,0.968817016901974,2.9736332399413867,42484996.486146377187634906,11,0.000127314815,17,164698.417733561687814776,159562.629757104408077446414833460767824,15456.0263331751509597,14974.0613252651054539654138669244478,9026.503911,8745.030592109021414620314,32.313664903768,0.021026975822841163
2024-10-14,17,41197055.621486447282852596516192301338328,19.759583127367,37.843449628678,0.000014670292475090943,0.969556090339946,3.052187885257676,42490636.727414012004107068,12,0.000138888889,22,2150381.232920040924690013,2084915.220930347660188669698513841159298,103540.122986692693059386,100387.956836294940163062662195506033156,828.6231142842155,803.396587050714242105856922363,32.358107255984,0.02102621523764286
2024-10-15,27,41717631.14921802519981127492746305597799,12.530023421288,38.000418922731,0.000014666356663507445,0.981677547817613,4.34055348460502,42496266.96868164682057923,17,0.000196759259,29,3391555.270078901843688856,3329413.660818958537401274762440208620728,180444.993000810234750836,177138.798245001732325066299144627274468,39996.238318633594,39263.409154565075350126886691122,32.475738764004,0.021127911720251295
2024-10-16,14,41376986.623980747811982702066650977617708,174.449049797151,37.705320936133,0.000014387968882977088,0.973532468105029,3.4748291668017033,42501907.208622049778177852,7,0.000081018519,13,243635.074298444560159895,237186.655198716849432128387679893611955,55426.616035969752935122,53959.610308207412403921431722118928538,25741.04874404824,25059.74671540514000679496259896,32.486382232605,0.02120180168827092
